2025-08-16 18:44:05 | WARNING  | rexus.modules.herrajes.inventario_integration | Sin conexión a BD - funciones limitadas
2025-08-16 18:44:05 | WARNING  | rexus.modules.herrajes.inventario_integration | Sin conexión a BD - funciones limitadas
2025-08-16 18:52:04 | WARNING  | rexus.modules.herrajes.inventario_integration | Sin conexión a BD - funciones limitadas
2025-08-16 18:52:05 | WARNING  | rexus.modules.herrajes.inventario_integration | Sin conexión a BD - funciones limitadas
2025-08-16 18:53:14 | WARNING  | rexus.modules.herrajes.inventario_integration | Sin conexión a BD - funciones limitadas
2025-08-16 18:53:14 | WARNING  | rexus.modules.herrajes.inventario_integration | Sin conexión a BD - funciones limitadas
2025-08-16 18:53:57 | WARNING  | rexus.modules.herrajes.inventario_integration | Sin conexión a BD - funciones limitadas
2025-08-16 18:53:57 | WARNING  | rexus.modules.herrajes.inventario_integration | Sin conexión a BD - funciones limitadas
2025-08-16 18:55:33 | WARNING  | rexus.modules.herrajes.inventario_integration | Sin conexión a BD - funciones limitadas
2025-08-16 18:55:34 | WARNING  | rexus.modules.herrajes.inventario_integration | Sin conexión a BD - funciones limitadas
2025-08-16 19:02:06 | WARNING  | rexus.modules.herrajes.inventario_integration | Sin conexión a BD - funciones limitadas
2025-08-16 19:02:06 | WARNING  | rexus.modules.herrajes.inventario_integration | Sin conexión a BD - funciones limitadas
2025-08-16 19:02:44 | WARNING  | rexus.modules.herrajes.inventario_integration | Sin conexión a BD - funciones limitadas
2025-08-16 19:02:44 | WARNING  | rexus.modules.herrajes.inventario_integration | Sin conexión a BD - funciones limitadas
2025-08-16 19:21:43 | WARNING  | rexus.modules.herrajes.inventario_integration | Sin conexión a BD - funciones limitadas
2025-08-16 19:21:43 | WARNING  | rexus.modules.herrajes.inventario_integration | Sin conexión a BD - funciones limitadas
2025-08-16 19:22:51 | WARNING  | rexus.modules.herrajes.inventario_integration | Sin conexión a BD - funciones limitadas
2025-08-16 19:22:51 | WARNING  | rexus.modules.herrajes.inventario_integration | Sin conexión a BD - funciones limitadas
2025-08-16 19:23:06 | WARNING  | rexus.modules.herrajes.inventario_integration | Sin conexión a BD - funciones limitadas
2025-08-16 19:24:19 | WARNING  | rexus.modules.herrajes.inventario_integration | Sin conexión a BD - funciones limitadas
2025-08-16 19:24:19 | WARNING  | rexus.modules.herrajes.inventario_integration | Sin conexión a BD - funciones limitadas
2025-08-16 19:25:04 | WARNING  | rexus.modules.herrajes.inventario_integration | Sin conexión a BD - funciones limitadas
2025-08-16 19:25:04 | WARNING  | rexus.modules.herrajes.inventario_integration | Sin conexión a BD - funciones limitadas
2025-08-16 19:25:39 | WARNING  | rexus.modules.herrajes.inventario_integration | Sin conexión a BD - funciones limitadas
2025-08-16 19:25:39 | WARNING  | rexus.modules.herrajes.inventario_integration | Sin conexión a BD - funciones limitadas
2025-08-16 19:26:11 | WARNING  | rexus.modules.herrajes.inventario_integration | Sin conexión a BD - funciones limitadas
2025-08-16 19:26:11 | WARNING  | rexus.modules.herrajes.inventario_integration | Sin conexión a BD - funciones limitadas
2025-08-16 19:27:08 | WARNING  | rexus.modules.herrajes.inventario_integration | Sin conexión a BD - funciones limitadas
2025-08-16 19:27:08 | WARNING  | rexus.modules.herrajes.inventario_integration | Sin conexión a BD - funciones limitadas
2025-08-16 19:29:24 | WARNING  | rexus.modules.herrajes.inventario_integration | Sin conexión a BD - funciones limitadas
2025-08-16 19:29:24 | WARNING  | rexus.modules.herrajes.inventario_integration | Sin conexión a BD - funciones limitadas
2025-08-16 19:37:47 | WARNING  | rexus.modules.herrajes.inventario_integration | Sin conexión a BD - funciones limitadas
2025-08-16 19:37:47 | WARNING  | rexus.modules.herrajes.inventario_integration | Sin conexión a BD - funciones limitadas
2025-08-16 19:42:51 | WARNING  | rexus.modules.herrajes.inventario_integration | Sin conexión a BD - funciones limitadas
2025-08-16 19:42:51 | WARNING  | rexus.modules.herrajes.inventario_integration | Sin conexión a BD - funciones limitadas
2025-08-16 19:43:08 | WARNING  | rexus.modules.herrajes.inventario_integration | Sin conexión a BD - funciones limitadas
2025-08-16 19:43:08 | WARNING  | rexus.modules.herrajes.inventario_integration | Sin conexión a BD - funciones limitadas
2025-08-16 22:04:21 | INFO     | rexus.modules.inventario.submodules.base_utilities | Utilidades de seguridad cargadas en BaseUtilities
2025-08-16 22:04:21 | WARNING  | rexus.modules.inventario.submodules.reservas_manager | Utilidades base no disponibles en ReservasManager
2025-08-16 22:04:21 | WARNING  | rexus.modules.inventario.submodules.reportes_manager | Utilidades base no disponibles en ReportesManager
2025-08-16 22:04:21 | WARNING  | rexus.modules.inventario.submodules.categorias_manager | Utilidades base no disponibles en CategoriasManager
2025-08-16 22:04:21 | INFO     | rexus.modules.inventario.submodules.base_utilities | Utilidades de seguridad cargadas en BaseUtilities
2025-08-16 22:04:21 | WARNING  | rexus.modules.inventario.submodules.reservas_manager | Utilidades base no disponibles en ReservasManager
2025-08-16 22:04:21 | WARNING  | rexus.modules.inventario.submodules.reportes_manager | Utilidades base no disponibles en ReportesManager
2025-08-16 22:04:21 | WARNING  | rexus.modules.inventario.submodules.categorias_manager | Utilidades base no disponibles en CategoriasManager
2025-08-16 22:04:21 | INFO     | rexus.modules.inventario.submodules.base_utilities | Utilidades de seguridad cargadas en BaseUtilities
2025-08-16 22:04:21 | WARNING  | rexus.modules.inventario.submodules.reservas_manager | Utilidades base no disponibles en ReservasManager
2025-08-16 22:04:21 | WARNING  | rexus.modules.inventario.submodules.reportes_manager | Utilidades base no disponibles en ReportesManager
2025-08-16 22:04:21 | WARNING  | rexus.modules.inventario.submodules.categorias_manager | Utilidades base no disponibles en CategoriasManager
2025-08-16 22:04:24 | INFO     | rexus.modules.inventario.submodules.base_utilities | Utilidades de seguridad cargadas en BaseUtilities
2025-08-16 22:04:24 | INFO     | rexus.modules.inventario.submodules.base_utilities | Utilidades de seguridad cargadas en BaseUtilities
2025-08-16 22:04:24 | INFO     | rexus.modules.inventario.submodules.base_utilities | Utilidades de seguridad cargadas en BaseUtilities
2025-08-16 22:04:24 | INFO     | rexus.modules.inventario.submodules.base_utilities | Utilidades de seguridad cargadas en BaseUtilities
2025-08-16 22:04:25 | ERROR    | rexus.modules.vidrios.model | Error verificando tablas: 'Mock' object is not iterable
2025-08-16 22:04:25 | INFO     | rexus.modules.inventario.submodules.base_utilities | Utilidades de seguridad cargadas en BaseUtilities
2025-08-16 22:04:25 | WARNING  | rexus.modules.inventario.submodules.reservas_manager | Utilidades base no disponibles en ReservasManager
2025-08-16 22:04:25 | WARNING  | rexus.modules.inventario.submodules.reportes_manager | Utilidades base no disponibles en ReportesManager
2025-08-16 22:04:25 | WARNING  | rexus.modules.inventario.submodules.categorias_manager | Utilidades base no disponibles en CategoriasManager
2025-08-16 22:04:25 | INFO     | rexus.modules.inventario.submodules.base_utilities | Utilidades de seguridad cargadas en BaseUtilities
2025-08-16 22:04:25 | INFO     | rexus.modules.inventario.submodules.base_utilities | Utilidades de seguridad cargadas en BaseUtilities
2025-08-16 22:04:25 | INFO     | rexus.modules.inventario.submodules.base_utilities | Utilidades de seguridad cargadas en BaseUtilities
2025-08-16 22:04:25 | INFO     | rexus.modules.inventario.submodules.base_utilities | Utilidades de seguridad cargadas en BaseUtilities
2025-08-17 15:07:20 | INFO     | rexus.modules.inventario.submodules.base_utilities | Utilidades de seguridad cargadas en BaseUtilities
2025-08-17 15:07:20 | INFO     | rexus.modules.inventario.submodules.base_utilities | Utilidades de seguridad cargadas en BaseUtilities
2025-08-17 15:07:20 | INFO     | rexus.modules.inventario.submodules.base_utilities | Utilidades de seguridad cargadas en BaseUtilities
2025-08-17 15:07:20 | INFO     | rexus.modules.inventario.submodules.base_utilities | Utilidades de seguridad cargadas en BaseUtilities
2025-08-17 15:07:22 | ERROR    | rexus.modules.vidrios.model | Error verificando tablas: 'NoneType' object has no attribute 'cursor'
2025-08-17 15:07:26 | INFO     | rexus.modules.compras.model | [COMPRAS] Tabla 'compras' verificada correctamente.
2025-08-17 15:07:26 | INFO     | rexus.modules.compras.model | [COMPRAS] Tabla 'detalle_compras' verificada correctamente.
2025-08-17 15:57:13 | INFO     | rexus.modules.inventario.submodules.base_utilities | Utilidades de seguridad cargadas en BaseUtilities
2025-08-17 15:57:13 | INFO     | rexus.modules.inventario.submodules.base_utilities | Utilidades de seguridad cargadas en BaseUtilities
2025-08-17 15:57:13 | INFO     | rexus.modules.inventario.submodules.base_utilities | Utilidades de seguridad cargadas en BaseUtilities
2025-08-17 15:57:13 | INFO     | rexus.modules.inventario.submodules.base_utilities | Utilidades de seguridad cargadas en BaseUtilities
2025-08-18 07:57:35 | WARNING  | rexus.modules.usuarios.submodules.auth_manager | Security utilities not fully available
2025-08-18 07:58:13 | INFO     | rexus.modules.administracion.contabilidad.model | SQLQueryManager inicializado correctamente
2025-08-18 07:58:13 | INFO     | rexus.modules.administracion.contabilidad.model | Tabla 'libro_contable' verificada correctamente
2025-08-18 07:58:13 | INFO     | rexus.modules.administracion.contabilidad.model | Tabla 'recibos' verificada correctamente
2025-08-18 07:58:13 | INFO     | rexus.modules.administracion.contabilidad.model | Tabla 'pagos_obra' verificada correctamente
2025-08-18 07:58:13 | INFO     | rexus.modules.administracion.contabilidad.model | Tabla 'pagos_materiales' verificada correctamente
2025-08-18 07:58:13 | INFO     | rexus.modules.administracion.contabilidad.model | Tabla 'departamentos' verificada correctamente
2025-08-18 08:25:15 | ERROR    | rexus.modules.herrajes.model | [HERRAJES] Error obteniendo herrajes: ('42S02', "[42S02] [Microsoft][ODBC Driver 17 for SQL Server][SQL Server]Invalid object name 'herrajes'. (208) (SQLExecDirectW)")
2025-08-18 12:32:20 | INFO     | rexus.modules.inventario.submodules.base_utilities | Utilidades de seguridad cargadas en BaseUtilities
2025-08-18 12:32:20 | WARNING  | rexus.modules.inventario.submodules.reservas_manager | Utilidades base no disponibles en ReservasManager
2025-08-18 12:32:20 | WARNING  | rexus.modules.inventario.submodules.reportes_manager | Utilidades base no disponibles en ReportesManager
2025-08-18 12:32:20 | WARNING  | rexus.modules.inventario.submodules.categorias_manager | Utilidades base no disponibles en CategoriasManager
2025-08-18 12:33:22 | INFO     | rexus.modules.inventario.submodules.base_utilities | Utilidades de seguridad cargadas en BaseUtilities
2025-08-18 12:33:22 | WARNING  | rexus.modules.inventario.submodules.reservas_manager | Utilidades base no disponibles en ReservasManager
2025-08-18 12:33:22 | WARNING  | rexus.modules.inventario.submodules.reportes_manager | Utilidades base no disponibles en ReportesManager
2025-08-18 12:33:22 | WARNING  | rexus.modules.inventario.submodules.categorias_manager | Utilidades base no disponibles en CategoriasManager
2025-08-18 12:34:07 | INFO     | rexus.modules.inventario.submodules.base_utilities | Utilidades de seguridad cargadas en BaseUtilities
2025-08-18 12:34:07 | WARNING  | rexus.modules.inventario.submodules.reservas_manager | Utilidades base no disponibles en ReservasManager
2025-08-18 12:34:07 | WARNING  | rexus.modules.inventario.submodules.reportes_manager | Utilidades base no disponibles en ReportesManager
2025-08-18 12:34:07 | WARNING  | rexus.modules.inventario.submodules.categorias_manager | Utilidades base no disponibles en CategoriasManager
2025-08-18 12:34:23 | INFO     | rexus.modules.inventario.submodules.base_utilities | Utilidades de seguridad cargadas en BaseUtilities
2025-08-18 12:34:23 | WARNING  | rexus.modules.inventario.submodules.reservas_manager | Utilidades base no disponibles en ReservasManager
2025-08-18 12:34:23 | WARNING  | rexus.modules.inventario.submodules.reportes_manager | Utilidades base no disponibles en ReportesManager
2025-08-18 12:34:23 | WARNING  | rexus.modules.inventario.submodules.categorias_manager | Utilidades base no disponibles en CategoriasManager
2025-08-18 12:34:26 | INFO     | rexus.modules.mantenimiento.controller | Verificación completada: 0 vencidos, 0 próximos
2025-08-18 12:34:26 | INFO     | rexus.modules.mantenimiento.controller | Datos iniciales de mantenimiento cargados exitosamente
2025-08-18 12:35:53 | INFO     | rexus.modules.inventario.submodules.base_utilities | Utilidades de seguridad cargadas en BaseUtilities
2025-08-18 12:35:53 | WARNING  | rexus.modules.inventario.submodules.reservas_manager | Utilidades base no disponibles en ReservasManager
2025-08-18 12:35:53 | WARNING  | rexus.modules.inventario.submodules.reportes_manager | Utilidades base no disponibles en ReportesManager
2025-08-18 12:35:53 | WARNING  | rexus.modules.inventario.submodules.categorias_manager | Utilidades base no disponibles en CategoriasManager
2025-08-18 12:35:55 | INFO     | rexus.modules.mantenimiento.controller | Verificación completada: 0 vencidos, 0 próximos
2025-08-18 12:35:55 | INFO     | rexus.modules.mantenimiento.controller | Datos iniciales de mantenimiento cargados exitosamente
2025-08-18 12:36:37 | INFO     | rexus.modules.inventario.submodules.base_utilities | Utilidades de seguridad cargadas en BaseUtilities
2025-08-18 12:36:37 | WARNING  | rexus.modules.inventario.submodules.reservas_manager | Utilidades base no disponibles en ReservasManager
2025-08-18 12:36:37 | WARNING  | rexus.modules.inventario.submodules.reportes_manager | Utilidades base no disponibles en ReportesManager
2025-08-18 12:36:37 | WARNING  | rexus.modules.inventario.submodules.categorias_manager | Utilidades base no disponibles en CategoriasManager
2025-08-18 12:36:40 | INFO     | rexus.modules.mantenimiento.controller | Verificación completada: 0 vencidos, 0 próximos
2025-08-18 12:36:40 | INFO     | rexus.modules.mantenimiento.controller | Datos iniciales de mantenimiento cargados exitosamente
2025-08-18 12:37:34 | INFO     | rexus.modules.inventario.submodules.base_utilities | Utilidades de seguridad cargadas en BaseUtilities
2025-08-18 12:37:34 | WARNING  | rexus.modules.inventario.submodules.reservas_manager | Utilidades base no disponibles en ReservasManager
2025-08-18 12:37:34 | WARNING  | rexus.modules.inventario.submodules.reportes_manager | Utilidades base no disponibles en ReportesManager
2025-08-18 12:37:34 | WARNING  | rexus.modules.inventario.submodules.categorias_manager | Utilidades base no disponibles en CategoriasManager
2025-08-18 13:46:27 | INFO     | rexus.modules.inventario.submodules.base_utilities | Utilidades de seguridad cargadas en BaseUtilities
2025-08-18 13:46:27 | INFO     | rexus.modules.inventario.submodules.base_utilities | Utilidades de seguridad cargadas en BaseUtilities
2025-08-18 13:46:27 | INFO     | rexus.modules.inventario.submodules.base_utilities | Utilidades de seguridad cargadas en BaseUtilities
2025-08-18 13:46:27 | INFO     | rexus.modules.inventario.submodules.base_utilities | Utilidades de seguridad cargadas en BaseUtilities
2025-08-18 13:48:38 | INFO     | rexus.modules.inventario.submodules.base_utilities | Utilidades de seguridad cargadas en BaseUtilities
2025-08-18 13:48:38 | WARNING  | rexus.modules.inventario.submodules.reservas_manager | Utilidades base no disponibles en ReservasManager
2025-08-18 13:48:38 | WARNING  | rexus.modules.inventario.submodules.reportes_manager | Utilidades base no disponibles en ReportesManager
2025-08-18 13:48:38 | WARNING  | rexus.modules.inventario.submodules.categorias_manager | Utilidades base no disponibles en CategoriasManager
2025-08-18 13:50:41 | INFO     | rexus.modules.inventario.submodules.base_utilities | Utilidades de seguridad cargadas en BaseUtilities
2025-08-18 13:50:41 | INFO     | rexus.modules.inventario.submodules.base_utilities | Utilidades de seguridad cargadas en BaseUtilities
2025-08-18 13:50:41 | INFO     | rexus.modules.inventario.submodules.base_utilities | Utilidades de seguridad cargadas en BaseUtilities
2025-08-18 13:50:41 | INFO     | rexus.modules.inventario.submodules.base_utilities | Utilidades de seguridad cargadas en BaseUtilities
2025-08-18 13:51:03 | INFO     | rexus.modules.mantenimiento.controller | Verificación completada: 0 vencidos, 0 próximos
2025-08-18 13:51:03 | INFO     | rexus.modules.mantenimiento.controller | Datos iniciales de mantenimiento cargados exitosamente
2025-08-18 13:51:03 | INFO     | rexus.modules.mantenimiento.controller | Verificación completada: 0 vencidos, 0 próximos
2025-08-18 13:51:03 | INFO     | rexus.modules.mantenimiento.controller | Datos iniciales de mantenimiento cargados exitosamente
2025-08-18 13:51:09 | INFO     | rexus.modules.mantenimiento.controller | Verificación completada: 0 vencidos, 0 próximos
2025-08-18 13:51:09 | INFO     | rexus.modules.mantenimiento.controller | Datos iniciales de mantenimiento cargados exitosamente
2025-08-18 13:51:09 | INFO     | rexus.modules.mantenimiento.controller | Verificación completada: 0 vencidos, 0 próximos
2025-08-18 13:51:09 | INFO     | rexus.modules.mantenimiento.controller | Datos iniciales de mantenimiento cargados exitosamente
2025-08-18 13:51:12 | INFO     | rexus.modules.mantenimiento.controller | Verificación completada: 0 vencidos, 0 próximos
2025-08-18 13:51:12 | INFO     | rexus.modules.mantenimiento.controller | Datos iniciales de mantenimiento cargados exitosamente
2025-08-18 13:51:12 | INFO     | rexus.modules.mantenimiento.controller | Verificación completada: 0 vencidos, 0 próximos
2025-08-18 13:51:12 | INFO     | rexus.modules.mantenimiento.controller | Datos iniciales de mantenimiento cargados exitosamente
2025-08-18 13:51:29 | INFO     | rexus.modules.inventario.submodules.base_utilities | Utilidades de seguridad cargadas en BaseUtilities
2025-08-18 13:51:29 | WARNING  | rexus.modules.inventario.submodules.reservas_manager | Utilidades base no disponibles en ReservasManager
2025-08-18 13:51:29 | WARNING  | rexus.modules.inventario.submodules.reportes_manager | Utilidades base no disponibles en ReportesManager
2025-08-18 13:51:29 | WARNING  | rexus.modules.inventario.submodules.categorias_manager | Utilidades base no disponibles en CategoriasManager
2025-08-18 13:51:31 | INFO     | rexus.modules.inventario.submodules.base_utilities | Utilidades de seguridad cargadas en BaseUtilities
2025-08-18 13:51:31 | INFO     | rexus.modules.inventario.submodules.base_utilities | Utilidades de seguridad cargadas en BaseUtilities
2025-08-18 13:51:31 | INFO     | rexus.modules.inventario.submodules.base_utilities | Utilidades de seguridad cargadas en BaseUtilities
2025-08-18 13:51:31 | INFO     | rexus.modules.inventario.submodules.base_utilities | Utilidades de seguridad cargadas en BaseUtilities
2025-08-18 13:51:34 | INFO     | rexus.modules.mantenimiento.controller | Verificación completada: 0 vencidos, 0 próximos
2025-08-18 13:51:34 | INFO     | rexus.modules.mantenimiento.controller | Datos iniciales de mantenimiento cargados exitosamente
2025-08-18 13:51:34 | INFO     | rexus.modules.mantenimiento.controller | Verificación completada: 0 vencidos, 0 próximos
2025-08-18 13:51:34 | INFO     | rexus.modules.mantenimiento.controller | Datos iniciales de mantenimiento cargados exitosamente
2025-08-18 15:26:56 | INFO     | rexus.modules.inventario.submodules.base_utilities | Utilidades de seguridad cargadas en BaseUtilities
2025-08-18 15:26:56 | INFO     | rexus.modules.inventario.submodules.base_utilities | Utilidades de seguridad cargadas en BaseUtilities
2025-08-18 15:26:56 | INFO     | rexus.modules.inventario.submodules.base_utilities | Utilidades de seguridad cargadas en BaseUtilities
2025-08-18 15:26:56 | INFO     | rexus.modules.inventario.submodules.base_utilities | Utilidades de seguridad cargadas en BaseUtilities
2025-08-18 15:27:04 | INFO     | rexus.modules.pedidos.model | [PEDIDOS] Tablas verificadas/creadas exitosamente
2025-08-18 15:27:04 | INFO     | rexus.modules.pedidos.model | [PEDIDOS] Tablas verificadas/creadas exitosamente
2025-08-18 15:27:13 | INFO     | rexus.modules.mantenimiento.controller | Verificación completada: 0 vencidos, 0 próximos
2025-08-18 15:27:13 | INFO     | rexus.modules.mantenimiento.controller | Datos iniciales de mantenimiento cargados exitosamente
2025-08-18 15:27:13 | INFO     | rexus.modules.mantenimiento.controller | Verificación completada: 0 vencidos, 0 próximos
2025-08-18 15:27:13 | INFO     | rexus.modules.mantenimiento.controller | Datos iniciales de mantenimiento cargados exitosamente
2025-08-18 15:27:14 | INFO     | rexus.modules.auditoria.model | OK [AUDITORIA] Sistema unificado de sanitización cargado
2025-08-18 15:27:14 | ERROR    | rexus.modules.auditoria.model | [ERROR AUDITORÍA] Conexión a base de datos no disponible
2025-08-18 15:27:14 | ERROR    | rexus.modules.auditoria.model | [ERROR AUDITORÍA] Sin conexión a BD para obtener registros
2025-08-18 15:27:14 | ERROR    | rexus.modules.auditoria.model | [ERROR AUDITORÍA] Sin conexión a BD para obtener estadísticas
2025-08-18 20:21:21 | INFO     | rexus.modules.obras.model | [OBRAS] Tabla 'obras' verificada correctamente.
2025-08-18 20:21:21 | INFO     | rexus.modules.obras.model | [OBRAS] Tabla 'detalles_obra' verificada correctamente.
2025-08-18 20:21:23 | INFO     | rexus.modules.obras.model | [ERROR OBRAS] Error obteniendo todas las obras: ('The SQL contains 0 parameter markers, but 2 parameters were supplied', 'HY000')
2025-08-18 20:21:27 | INFO     | rexus.modules.inventario.submodules.base_utilities | Utilidades de seguridad cargadas en BaseUtilities
2025-08-18 20:21:27 | INFO     | rexus.modules.inventario.submodules.base_utilities | Utilidades de seguridad cargadas en BaseUtilities
2025-08-18 20:21:27 | INFO     | rexus.modules.inventario.submodules.base_utilities | Utilidades de seguridad cargadas en BaseUtilities
2025-08-18 20:21:27 | INFO     | rexus.modules.inventario.submodules.base_utilities | Utilidades de seguridad cargadas en BaseUtilities
2025-08-18 20:21:37 | INFO     | rexus.modules.pedidos.model | [PEDIDOS] Tablas verificadas/creadas exitosamente
2025-08-18 20:21:37 | INFO     | rexus.modules.pedidos.model | [PEDIDOS] Tablas verificadas/creadas exitosamente
2025-08-18 20:21:48 | INFO     | rexus.modules.mantenimiento.controller | Verificación completada: 0 vencidos, 0 próximos
2025-08-18 20:21:48 | INFO     | rexus.modules.mantenimiento.controller | Datos iniciales de mantenimiento cargados exitosamente
2025-08-18 20:21:48 | INFO     | rexus.modules.mantenimiento.controller | Verificación completada: 0 vencidos, 0 próximos
2025-08-18 20:21:48 | INFO     | rexus.modules.mantenimiento.controller | Datos iniciales de mantenimiento cargados exitosamente
2025-08-18 20:21:51 | INFO     | rexus.modules.auditoria.model | OK [AUDITORIA] Sistema unificado de sanitización cargado
2025-08-18 20:21:51 | ERROR    | rexus.modules.auditoria.model | [ERROR AUDITORÍA] Conexión a base de datos no disponible
2025-08-18 20:21:51 | ERROR    | rexus.modules.auditoria.model | [ERROR AUDITORÍA] Sin conexión a BD para obtener registros
2025-08-18 20:21:51 | ERROR    | rexus.modules.auditoria.model | [ERROR AUDITORÍA] Sin conexión a BD para obtener estadísticas
2025-08-18 20:22:47 | INFO     | rexus.modules.obras.model | [OBRAS] Tabla 'obras' verificada correctamente.
2025-08-18 20:22:47 | INFO     | rexus.modules.obras.model | [OBRAS] Tabla 'detalles_obra' verificada correctamente.
2025-08-18 20:22:49 | INFO     | rexus.modules.obras.model | [ERROR OBRAS] Error obteniendo todas las obras: ('The SQL contains 0 parameter markers, but 2 parameters were supplied', 'HY000')
2025-08-18 20:22:55 | INFO     | rexus.modules.inventario.submodules.base_utilities | Utilidades de seguridad cargadas en BaseUtilities
2025-08-18 20:22:55 | INFO     | rexus.modules.inventario.submodules.base_utilities | Utilidades de seguridad cargadas en BaseUtilities
2025-08-18 20:22:55 | INFO     | rexus.modules.inventario.submodules.base_utilities | Utilidades de seguridad cargadas en BaseUtilities
2025-08-18 20:22:55 | INFO     | rexus.modules.inventario.submodules.base_utilities | Utilidades de seguridad cargadas en BaseUtilities
2025-08-18 20:23:15 | INFO     | rexus.modules.pedidos.model | [PEDIDOS] Tablas verificadas/creadas exitosamente
2025-08-18 20:23:15 | INFO     | rexus.modules.pedidos.model | [PEDIDOS] Tablas verificadas/creadas exitosamente
2025-08-18 20:23:25 | INFO     | rexus.modules.mantenimiento.controller | Verificación completada: 0 vencidos, 0 próximos
2025-08-18 20:23:25 | INFO     | rexus.modules.mantenimiento.controller | Datos iniciales de mantenimiento cargados exitosamente
2025-08-18 20:23:25 | INFO     | rexus.modules.mantenimiento.controller | Verificación completada: 0 vencidos, 0 próximos
2025-08-18 20:23:25 | INFO     | rexus.modules.mantenimiento.controller | Datos iniciales de mantenimiento cargados exitosamente
2025-08-18 20:23:29 | INFO     | rexus.modules.auditoria.model | OK [AUDITORIA] Sistema unificado de sanitización cargado
2025-08-18 20:23:29 | ERROR    | rexus.modules.auditoria.model | [ERROR AUDITORÍA] Conexión a base de datos no disponible
2025-08-18 20:23:29 | ERROR    | rexus.modules.auditoria.model | [ERROR AUDITORÍA] Sin conexión a BD para obtener registros
2025-08-18 20:23:29 | ERROR    | rexus.modules.auditoria.model | [ERROR AUDITORÍA] Sin conexión a BD para obtener estadísticas
2025-08-18 20:29:15 | INFO     | rexus.modules.obras.model | [OBRAS] Tabla 'obras' verificada correctamente.
2025-08-18 20:29:15 | INFO     | rexus.modules.obras.model | [OBRAS] Tabla 'detalles_obra' verificada correctamente.
2025-08-18 20:29:16 | INFO     | rexus.modules.obras.model | [ERROR OBRAS] Error obteniendo todas las obras: ('The SQL contains 0 parameter markers, but 2 parameters were supplied', 'HY000')
2025-08-18 20:29:17 | INFO     | rexus.modules.obras.model | [ERROR OBRAS] Error obteniendo estadísticas: Archivo SQL no encontrado: calcular_presupuesto_total.sql en módulo obras. Rutas buscadas: ['D:\\martin\\Rexus.app\\sql\\obras\\calcular_presupuesto_total.sql', 'D:\\martin\\Rexus.app\\sql\\calcular_presupuesto_total.sql', 'D:\\martin\\Rexus.app\\sql\\common\\calcular_presupuesto_total.sql']
2025-08-18 20:29:49 | INFO     | rexus.modules.inventario.submodules.base_utilities | Utilidades de seguridad cargadas en BaseUtilities
2025-08-18 20:29:49 | INFO     | rexus.modules.inventario.submodules.base_utilities | Utilidades de seguridad cargadas en BaseUtilities
2025-08-18 20:29:49 | INFO     | rexus.modules.inventario.submodules.base_utilities | Utilidades de seguridad cargadas en BaseUtilities
2025-08-18 20:29:49 | INFO     | rexus.modules.inventario.submodules.base_utilities | Utilidades de seguridad cargadas en BaseUtilities
2025-08-18 20:29:57 | INFO     | rexus.modules.inventario.submodules.base_utilities | Utilidades de seguridad cargadas en BaseUtilities
2025-08-18 20:29:57 | INFO     | rexus.modules.inventario.submodules.base_utilities | Utilidades de seguridad cargadas en BaseUtilities
2025-08-18 20:29:57 | INFO     | rexus.modules.inventario.submodules.base_utilities | Utilidades de seguridad cargadas en BaseUtilities
2025-08-18 20:29:57 | INFO     | rexus.modules.inventario.submodules.base_utilities | Utilidades de seguridad cargadas en BaseUtilities
2025-08-18 20:30:43 | INFO     | rexus.modules.pedidos.model | [PEDIDOS] Tablas verificadas/creadas exitosamente
2025-08-18 20:30:43 | INFO     | rexus.modules.pedidos.model | [PEDIDOS] Tablas verificadas/creadas exitosamente
2025-08-18 20:35:39 | INFO     | rexus.modules.inventario.submodules.base_utilities | Utilidades de seguridad cargadas en BaseUtilities
2025-08-18 20:35:39 | WARNING  | rexus.modules.inventario.submodules.reservas_manager | Utilidades base no disponibles en ReservasManager
2025-08-18 20:35:39 | WARNING  | rexus.modules.inventario.submodules.reportes_manager | Utilidades base no disponibles en ReportesManager
2025-08-18 20:35:39 | WARNING  | rexus.modules.inventario.submodules.categorias_manager | Utilidades base no disponibles en CategoriasManager
2025-08-18 20:35:40 | INFO     | rexus.modules.obras.model | [OBRAS] Sin conexión a BD - omitiendo verificación de tablas
2025-08-18 20:35:40 | INFO     | rexus.modules.pedidos.model | [PEDIDOS] Inicializado en modo demo - funcionalidad limitada
2025-08-18 20:35:40 | INFO     | rexus.modules.auditoria.model | OK [AUDITORIA] Sistema unificado de sanitización cargado
2025-08-18 20:35:40 | ERROR    | rexus.modules.auditoria.model | [ERROR AUDITORÍA] Conexión a base de datos no disponible
2025-08-18 20:35:41 | INFO     | rexus.modules.inventario.submodules.base_utilities | Utilidades de seguridad cargadas en BaseUtilities
2025-08-18 20:35:41 | INFO     | rexus.modules.inventario.submodules.base_utilities | Utilidades de seguridad cargadas en BaseUtilities
2025-08-18 20:35:41 | INFO     | rexus.modules.inventario.submodules.base_utilities | Utilidades de seguridad cargadas en BaseUtilities
2025-08-18 20:35:41 | INFO     | rexus.modules.inventario.submodules.base_utilities | Utilidades de seguridad cargadas en BaseUtilities
2025-08-18 20:35:45 | INFO     | rexus.modules.obras.model | [OBRAS] Tabla 'obras' verificada correctamente.
2025-08-18 20:35:45 | INFO     | rexus.modules.obras.model | [OBRAS] Tabla 'detalles_obra' verificada correctamente.
2025-08-18 20:35:46 | INFO     | rexus.modules.obras.model | [ERROR OBRAS] Error obteniendo todas las obras: ('The SQL contains 0 parameter markers, but 2 parameters were supplied', 'HY000')
2025-08-18 20:35:46 | INFO     | rexus.modules.obras.model | [ERROR OBRAS] Error obteniendo estadísticas: Archivo SQL no encontrado: calcular_presupuesto_total.sql en módulo obras. Rutas buscadas: ['D:\\martin\\Rexus.app\\sql\\obras\\calcular_presupuesto_total.sql', 'D:\\martin\\Rexus.app\\sql\\calcular_presupuesto_total.sql', 'D:\\martin\\Rexus.app\\sql\\common\\calcular_presupuesto_total.sql']
2025-08-18 20:35:47 | INFO     | rexus.modules.pedidos.model | [PEDIDOS] Tablas verificadas/creadas exitosamente
2025-08-18 20:35:47 | INFO     | rexus.modules.pedidos.model | [PEDIDOS] Tablas verificadas/creadas exitosamente
2025-08-18 20:35:50 | INFO     | rexus.modules.mantenimiento.controller | Verificación completada: 0 vencidos, 0 próximos
2025-08-18 20:35:50 | INFO     | rexus.modules.mantenimiento.controller | Datos iniciales de mantenimiento cargados exitosamente
2025-08-18 20:35:50 | INFO     | rexus.modules.mantenimiento.controller | Verificación completada: 0 vencidos, 0 próximos
2025-08-18 20:35:50 | INFO     | rexus.modules.mantenimiento.controller | Datos iniciales de mantenimiento cargados exitosamente
2025-08-18 20:35:50 | INFO     | rexus.modules.auditoria.model | OK [AUDITORIA] Sistema unificado de sanitización cargado
2025-08-18 20:35:50 | ERROR    | rexus.modules.auditoria.model | [ERROR AUDITORÍA] Conexión a base de datos no disponible
2025-08-18 20:35:50 | ERROR    | rexus.modules.auditoria.model | [ERROR AUDITORÍA] Sin conexión a BD para obtener registros
2025-08-18 20:35:50 | ERROR    | rexus.modules.auditoria.model | [ERROR AUDITORÍA] Sin conexión a BD para obtener estadísticas
2025-08-18 20:44:18 | INFO     | rexus.modules.obras.model | [OBRAS] Tabla 'obras' verificada correctamente.
2025-08-18 20:44:18 | INFO     | rexus.modules.obras.model | [OBRAS] Tabla 'detalles_obra' verificada correctamente.
2025-08-18 20:44:21 | INFO     | rexus.modules.obras.model | [ERROR OBRAS] Error obteniendo todas las obras: ('The SQL contains 0 parameter markers, but 2 parameters were supplied', 'HY000')
2025-08-18 20:44:21 | INFO     | rexus.modules.obras.model | [ERROR OBRAS] Error obteniendo estadísticas: Archivo SQL no encontrado: calcular_presupuesto_total.sql en módulo obras. Rutas buscadas: ['D:\\martin\\Rexus.app\\sql\\obras\\calcular_presupuesto_total.sql', 'D:\\martin\\Rexus.app\\sql\\calcular_presupuesto_total.sql', 'D:\\martin\\Rexus.app\\sql\\common\\calcular_presupuesto_total.sql']
2025-08-18 20:44:24 | INFO     | rexus.modules.inventario.submodules.base_utilities | Utilidades de seguridad cargadas en BaseUtilities
2025-08-18 20:44:24 | INFO     | rexus.modules.inventario.submodules.base_utilities | Utilidades de seguridad cargadas en BaseUtilities
2025-08-18 20:44:24 | INFO     | rexus.modules.inventario.submodules.base_utilities | Utilidades de seguridad cargadas en BaseUtilities
2025-08-18 20:44:24 | INFO     | rexus.modules.inventario.submodules.base_utilities | Utilidades de seguridad cargadas en BaseUtilities
2025-08-18 20:45:11 | INFO     | rexus.modules.inventario.submodules.base_utilities | Utilidades de seguridad cargadas en BaseUtilities
2025-08-18 20:45:11 | INFO     | rexus.modules.inventario.submodules.base_utilities | Utilidades de seguridad cargadas en BaseUtilities
2025-08-18 20:45:11 | INFO     | rexus.modules.inventario.submodules.base_utilities | Utilidades de seguridad cargadas en BaseUtilities
2025-08-18 20:45:11 | INFO     | rexus.modules.inventario.submodules.base_utilities | Utilidades de seguridad cargadas en BaseUtilities
2025-08-18 20:45:13 | INFO     | rexus.modules.obras.model | [OBRAS] Tabla 'obras' verificada correctamente.
2025-08-18 20:45:13 | INFO     | rexus.modules.obras.model | [OBRAS] Tabla 'detalles_obra' verificada correctamente.
2025-08-18 20:45:15 | INFO     | rexus.modules.obras.model | [ERROR OBRAS] Error obteniendo todas las obras: ('The SQL contains 0 parameter markers, but 2 parameters were supplied', 'HY000')
2025-08-18 20:45:16 | INFO     | rexus.modules.obras.model | [ERROR OBRAS] Error obteniendo estadísticas: Archivo SQL no encontrado: calcular_presupuesto_total.sql en módulo obras. Rutas buscadas: ['D:\\martin\\Rexus.app\\sql\\obras\\calcular_presupuesto_total.sql', 'D:\\martin\\Rexus.app\\sql\\calcular_presupuesto_total.sql', 'D:\\martin\\Rexus.app\\sql\\common\\calcular_presupuesto_total.sql']
2025-08-18 20:45:45 | INFO     | rexus.modules.mantenimiento.controller | Verificación completada: 0 vencidos, 0 próximos
2025-08-18 20:45:45 | INFO     | rexus.modules.mantenimiento.controller | Datos iniciales de mantenimiento cargados exitosamente
2025-08-18 20:45:45 | INFO     | rexus.modules.mantenimiento.controller | Verificación completada: 0 vencidos, 0 próximos
2025-08-18 20:45:45 | INFO     | rexus.modules.mantenimiento.controller | Datos iniciales de mantenimiento cargados exitosamente
2025-08-18 20:45:47 | INFO     | rexus.modules.auditoria.model | OK [AUDITORIA] Sistema unificado de sanitización cargado
2025-08-18 20:45:47 | ERROR    | rexus.modules.auditoria.model | [ERROR AUDITORÍA] Conexión a base de datos no disponible
2025-08-18 20:45:47 | ERROR    | rexus.modules.auditoria.model | [ERROR AUDITORÍA] Sin conexión a BD para obtener registros
2025-08-18 20:45:47 | ERROR    | rexus.modules.auditoria.model | [ERROR AUDITORÍA] Sin conexión a BD para obtener estadísticas
2025-08-18 20:48:02 | INFO     | rexus.modules.inventario.submodules.base_utilities | Utilidades de seguridad cargadas en BaseUtilities
2025-08-18 20:48:02 | INFO     | rexus.modules.inventario.submodules.base_utilities | Utilidades de seguridad cargadas en BaseUtilities
2025-08-18 20:48:02 | INFO     | rexus.modules.inventario.submodules.base_utilities | Utilidades de seguridad cargadas en BaseUtilities
2025-08-18 20:48:02 | INFO     | rexus.modules.inventario.submodules.base_utilities | Utilidades de seguridad cargadas en BaseUtilities
2025-08-18 20:48:06 | INFO     | rexus.modules.inventario.submodules.base_utilities | Utilidades de seguridad cargadas en BaseUtilities
2025-08-18 20:48:06 | INFO     | rexus.modules.inventario.submodules.base_utilities | Utilidades de seguridad cargadas en BaseUtilities
2025-08-18 20:48:06 | INFO     | rexus.modules.inventario.submodules.base_utilities | Utilidades de seguridad cargadas en BaseUtilities
2025-08-18 20:48:06 | INFO     | rexus.modules.inventario.submodules.base_utilities | Utilidades de seguridad cargadas en BaseUtilities
2025-08-18 20:48:25 | INFO     | rexus.modules.pedidos.model | [PEDIDOS] Tablas verificadas/creadas exitosamente
2025-08-18 20:48:25 | INFO     | rexus.modules.pedidos.model | [PEDIDOS] Tablas verificadas/creadas exitosamente
2025-08-18 20:49:34 | INFO     | rexus.modules.inventario.submodules.base_utilities | Utilidades de seguridad cargadas en BaseUtilities
2025-08-18 20:49:34 | WARNING  | rexus.modules.inventario.submodules.reservas_manager | Utilidades base no disponibles en ReservasManager
2025-08-18 20:49:34 | WARNING  | rexus.modules.inventario.submodules.reportes_manager | Utilidades base no disponibles en ReportesManager
2025-08-18 20:49:34 | WARNING  | rexus.modules.inventario.submodules.categorias_manager | Utilidades base no disponibles en CategoriasManager
2025-08-18 20:49:34 | INFO     | rexus.modules.administracion.model | Sistema unificado de sanitización cargado
2025-08-18 20:49:34 | INFO     | rexus.modules.auditoria.model | OK [AUDITORIA] Sistema unificado de sanitización cargado
2025-08-18 20:49:34 | ERROR    | rexus.modules.auditoria.model | [ERROR AUDITORÍA] Conexión a base de datos no disponible
2025-08-18 20:49:34 | INFO     | rexus.modules.obras.model | [OBRAS] Sin conexión a BD - omitiendo verificación de tablas
2025-08-18 20:49:34 | INFO     | rexus.modules.pedidos.model | [PEDIDOS] Inicializado en modo demo - funcionalidad limitada
2025-08-18 20:50:27 | INFO     | rexus.modules.inventario.submodules.base_utilities | Utilidades de seguridad cargadas en BaseUtilities
2025-08-18 20:50:27 | WARNING  | rexus.modules.inventario.submodules.reservas_manager | Utilidades base no disponibles en ReservasManager
2025-08-18 20:50:27 | WARNING  | rexus.modules.inventario.submodules.reportes_manager | Utilidades base no disponibles en ReportesManager
2025-08-18 20:50:27 | WARNING  | rexus.modules.inventario.submodules.categorias_manager | Utilidades base no disponibles en CategoriasManager
2025-08-18 20:58:55 | INFO     | rexus.modules.inventario.submodules.base_utilities | Utilidades de seguridad cargadas en BaseUtilities
2025-08-18 20:58:55 | WARNING  | rexus.modules.inventario.submodules.reservas_manager | Utilidades base no disponibles en ReservasManager
2025-08-18 20:58:55 | WARNING  | rexus.modules.inventario.submodules.reportes_manager | Utilidades base no disponibles en ReportesManager
2025-08-18 20:58:55 | WARNING  | rexus.modules.inventario.submodules.categorias_manager | Utilidades base no disponibles en CategoriasManager
2025-08-19 11:53:33 | INFO     | rexus.modules.inventario.submodules.base_utilities | Utilidades de seguridad cargadas en BaseUtilities
2025-08-19 11:53:33 | WARNING  | rexus.modules.inventario.submodules.reservas_manager | Utilidades base no disponibles en ReservasManager
2025-08-19 11:53:33 | WARNING  | rexus.modules.inventario.submodules.reportes_manager | Utilidades base no disponibles en ReportesManager
2025-08-19 11:53:33 | WARNING  | rexus.modules.inventario.submodules.categorias_manager | Utilidades base no disponibles en CategoriasManager
2025-08-19 11:53:54 | INFO     | rexus.modules.obras.model | [OBRAS] Sin conexión a BD - omitiendo verificación de tablas
2025-08-19 11:54:18 | INFO     | rexus.modules.pedidos.model | [PEDIDOS] Inicializado en modo demo - funcionalidad limitada
2025-08-19 11:55:55 | INFO     | rexus.modules.auditoria.model | OK [AUDITORIA] Sistema unificado de sanitización cargado
2025-08-19 11:55:55 | ERROR    | rexus.modules.auditoria.model | [ERROR AUDITORÍA] Conexión a base de datos no disponible
2025-08-19 11:55:56 | ERROR    | rexus.modules.auditoria.model | [ERROR AUDITORÍA] Sin conexión a BD para obtener registros
2025-08-19 11:55:56 | ERROR    | rexus.modules.auditoria.model | [ERROR AUDITORÍA] Sin conexión a BD para obtener estadísticas
2025-08-19 11:55:57 | INFO     | rexus.modules.mantenimiento.controller | Verificación completada: 0 vencidos, 0 próximos
2025-08-19 11:55:57 | INFO     | rexus.modules.mantenimiento.controller | Datos iniciales de mantenimiento cargados exitosamente
2025-08-19 12:01:10 | INFO     | rexus.modules.inventario.submodules.base_utilities | Utilidades de seguridad cargadas en BaseUtilities
2025-08-19 12:01:10 | WARNING  | rexus.modules.inventario.submodules.reservas_manager | Utilidades base no disponibles en ReservasManager
2025-08-19 12:01:10 | WARNING  | rexus.modules.inventario.submodules.reportes_manager | Utilidades base no disponibles en ReportesManager
2025-08-19 12:01:10 | WARNING  | rexus.modules.inventario.submodules.categorias_manager | Utilidades base no disponibles en CategoriasManager
2025-08-19 12:02:18 | INFO     | rexus.modules.pedidos.model | [PEDIDOS] Inicializado en modo demo - funcionalidad limitada
2025-08-19 12:06:41 | INFO     | rexus.modules.inventario.submodules.base_utilities | Utilidades de seguridad cargadas en BaseUtilities
2025-08-19 12:06:41 | WARNING  | rexus.modules.inventario.submodules.reservas_manager | Utilidades base no disponibles en ReservasManager
2025-08-19 12:06:41 | WARNING  | rexus.modules.inventario.submodules.reportes_manager | Utilidades base no disponibles en ReportesManager
2025-08-19 12:06:41 | WARNING  | rexus.modules.inventario.submodules.categorias_manager | Utilidades base no disponibles en CategoriasManager
2025-08-19 12:06:41 | INFO     | rexus.modules.pedidos.model | [PEDIDOS] Inicializado en modo demo - funcionalidad limitada
2025-08-19 12:06:41 | INFO     | rexus.modules.pedidos.model | [PEDIDOS] Inicializado en modo demo - funcionalidad limitada
2025-08-19 12:34:29 | INFO     | rexus.modules.inventario.submodules.base_utilities | Utilidades de seguridad cargadas en BaseUtilities
2025-08-19 12:34:29 | WARNING  | rexus.modules.inventario.submodules.reservas_manager | Utilidades base no disponibles en ReservasManager
2025-08-19 12:34:29 | WARNING  | rexus.modules.inventario.submodules.reportes_manager | Utilidades base no disponibles en ReportesManager
2025-08-19 12:34:29 | WARNING  | rexus.modules.inventario.submodules.categorias_manager | Utilidades base no disponibles en CategoriasManager
2025-08-19 12:34:31 | INFO     | rexus.modules.pedidos.model | [PEDIDOS] Conexión automática establecida exitosamente
2025-08-19 12:34:31 | INFO     | rexus.modules.pedidos.model | [PEDIDOS] Inicializado en modo completo con conexión BD
2025-08-19 12:34:31 | INFO     | rexus.modules.pedidos.model | [PEDIDOS] Tablas verificadas/creadas exitosamente
2025-08-19 12:34:31 | INFO     | rexus.modules.pedidos.model | [PEDIDOS] Tablas verificadas/creadas exitosamente
2025-08-19 12:37:33 | INFO     | rexus.modules.inventario.submodules.base_utilities | Utilidades de seguridad cargadas en BaseUtilities
2025-08-19 12:37:33 | WARNING  | rexus.modules.inventario.submodules.reservas_manager | Utilidades base no disponibles en ReservasManager
2025-08-19 12:37:33 | WARNING  | rexus.modules.inventario.submodules.reportes_manager | Utilidades base no disponibles en ReportesManager
2025-08-19 12:37:33 | WARNING  | rexus.modules.inventario.submodules.categorias_manager | Utilidades base no disponibles en CategoriasManager
2025-08-19 12:37:34 | INFO     | rexus.modules.pedidos.model | [PEDIDOS] Conexión automática establecida exitosamente
2025-08-19 12:37:34 | INFO     | rexus.modules.pedidos.model | [PEDIDOS] Inicializado en modo completo con conexión BD
2025-08-19 12:37:34 | INFO     | rexus.modules.pedidos.model | [PEDIDOS] Tablas verificadas/creadas exitosamente
2025-08-19 12:37:34 | INFO     | rexus.modules.pedidos.model | [PEDIDOS] Tablas verificadas/creadas exitosamente
2025-08-19 12:43:22 | INFO     | rexus.modules.inventario.submodules.base_utilities | Utilidades de seguridad cargadas en BaseUtilities
2025-08-19 12:43:22 | WARNING  | rexus.modules.inventario.submodules.reservas_manager | Utilidades base no disponibles en ReservasManager
2025-08-19 12:43:22 | WARNING  | rexus.modules.inventario.submodules.reportes_manager | Utilidades base no disponibles en ReportesManager
2025-08-19 12:43:22 | WARNING  | rexus.modules.inventario.submodules.categorias_manager | Utilidades base no disponibles en CategoriasManager
2025-08-19 12:43:23 | INFO     | rexus.modules.pedidos.model | [PEDIDOS] Conexión automática establecida exitosamente
2025-08-19 12:43:23 | INFO     | rexus.modules.pedidos.model | [PEDIDOS] Inicializado en modo completo con conexión BD
2025-08-19 12:43:23 | INFO     | rexus.modules.pedidos.model | [PEDIDOS] Tablas verificadas/creadas exitosamente
2025-08-19 12:43:23 | INFO     | rexus.modules.pedidos.model | [PEDIDOS] Tablas verificadas/creadas exitosamente
2025-08-19 12:43:59 | INFO     | rexus.modules.pedidos.model | [PEDIDOS] Conexión automática establecida exitosamente
2025-08-19 12:43:59 | INFO     | rexus.modules.pedidos.model | [PEDIDOS] Inicializado en modo completo con conexión BD
2025-08-19 12:43:59 | INFO     | rexus.modules.pedidos.model | [PEDIDOS] Tablas verificadas/creadas exitosamente
2025-08-19 12:43:59 | INFO     | rexus.modules.pedidos.model | [PEDIDOS] Tablas verificadas/creadas exitosamente
2025-08-19 12:43:59 | INFO     | rexus.modules.inventario.submodules.base_utilities | Utilidades de seguridad cargadas en BaseUtilities
2025-08-19 12:43:59 | WARNING  | rexus.modules.inventario.submodules.reservas_manager | Utilidades base no disponibles en ReservasManager
2025-08-19 12:43:59 | WARNING  | rexus.modules.inventario.submodules.reportes_manager | Utilidades base no disponibles en ReportesManager
2025-08-19 12:43:59 | WARNING  | rexus.modules.inventario.submodules.categorias_manager | Utilidades base no disponibles en CategoriasManager
2025-08-19 12:43:59 | INFO     | rexus.modules.pedidos.model | [PEDIDOS] Conexión automática establecida exitosamente
2025-08-19 12:43:59 | INFO     | rexus.modules.pedidos.model | [PEDIDOS] Inicializado en modo completo con conexión BD
2025-08-19 12:43:59 | INFO     | rexus.modules.pedidos.model | [PEDIDOS] Tablas verificadas/creadas exitosamente
2025-08-19 12:43:59 | INFO     | rexus.modules.pedidos.model | [PEDIDOS] Tablas verificadas/creadas exitosamente
2025-08-19 12:49:38 | INFO     | rexus.modules.inventario.submodules.base_utilities | Utilidades de seguridad cargadas en BaseUtilities
2025-08-19 12:49:38 | WARNING  | rexus.modules.inventario.submodules.reservas_manager | Utilidades base no disponibles en ReservasManager
2025-08-19 12:49:38 | WARNING  | rexus.modules.inventario.submodules.reportes_manager | Utilidades base no disponibles en ReportesManager
2025-08-19 12:49:38 | WARNING  | rexus.modules.inventario.submodules.categorias_manager | Utilidades base no disponibles en CategoriasManager
2025-08-19 12:49:38 | INFO     | rexus.modules.pedidos.model | [PEDIDOS] Conexión automática establecida exitosamente
2025-08-19 12:49:38 | INFO     | rexus.modules.pedidos.model | [PEDIDOS] Inicializado en modo completo con conexión BD
2025-08-19 12:49:38 | INFO     | rexus.modules.pedidos.model | [PEDIDOS] Tablas verificadas/creadas exitosamente
2025-08-19 12:49:38 | INFO     | rexus.modules.pedidos.model | [PEDIDOS] Tablas verificadas/creadas exitosamente
2025-08-19 12:49:39 | INFO     | rexus.modules.pedidos.model | [PEDIDOS] Conexión automática establecida exitosamente
2025-08-19 12:49:39 | INFO     | rexus.modules.inventario.submodules.base_utilities | Utilidades de seguridad cargadas en BaseUtilities
2025-08-19 12:49:39 | INFO     | rexus.modules.pedidos.model | [PEDIDOS] Inicializado en modo completo con conexión BD
2025-08-19 12:49:39 | WARNING  | rexus.modules.inventario.submodules.reservas_manager | Utilidades base no disponibles en ReservasManager
2025-08-19 12:49:39 | WARNING  | rexus.modules.inventario.submodules.reportes_manager | Utilidades base no disponibles en ReportesManager
2025-08-19 12:49:39 | WARNING  | rexus.modules.inventario.submodules.categorias_manager | Utilidades base no disponibles en CategoriasManager
2025-08-19 12:49:39 | INFO     | rexus.modules.pedidos.model | [PEDIDOS] Tablas verificadas/creadas exitosamente
2025-08-19 12:49:39 | INFO     | rexus.modules.pedidos.model | [PEDIDOS] Tablas verificadas/creadas exitosamente
2025-08-19 16:20:13 | INFO     | rexus.modules.inventario.submodules.base_utilities | Utilidades de seguridad cargadas en BaseUtilities
2025-08-19 16:20:13 | WARNING  | rexus.modules.inventario.submodules.reservas_manager | Utilidades base no disponibles en ReservasManager
2025-08-19 16:20:13 | WARNING  | rexus.modules.inventario.submodules.reportes_manager | Utilidades base no disponibles en ReportesManager
2025-08-19 16:20:13 | WARNING  | rexus.modules.inventario.submodules.categorias_manager | Utilidades base no disponibles en CategoriasManager
2025-08-19 16:20:14 | INFO     | rexus.modules.obras.model | [OBRAS] Sin conexión a BD - omitiendo verificación de tablas
2025-08-19 16:20:14 | INFO     | rexus.modules.pedidos.model | [PEDIDOS] Conexión automática establecida exitosamente
2025-08-19 16:20:14 | INFO     | rexus.modules.pedidos.model | [PEDIDOS] Inicializado en modo completo con conexión BD
2025-08-19 16:20:15 | INFO     | rexus.modules.pedidos.model | [PEDIDOS] Tablas verificadas/creadas exitosamente
2025-08-19 16:20:15 | INFO     | rexus.modules.pedidos.model | [PEDIDOS] Tablas verificadas/creadas exitosamente
2025-08-19 16:20:15 | INFO     | rexus.modules.auditoria.model | OK [AUDITORIA] Sistema unificado de sanitización cargado
2025-08-19 16:20:15 | ERROR    | rexus.modules.auditoria.model | [ERROR AUDITORÍA] Conexión a base de datos no disponible
2025-08-19 16:20:37 | INFO     | rexus.modules.inventario.submodules.base_utilities | Utilidades de seguridad cargadas en BaseUtilities
2025-08-19 16:20:37 | WARNING  | rexus.modules.inventario.submodules.reservas_manager | Utilidades base no disponibles en ReservasManager
2025-08-19 16:20:37 | WARNING  | rexus.modules.inventario.submodules.reportes_manager | Utilidades base no disponibles en ReportesManager
2025-08-19 16:20:37 | WARNING  | rexus.modules.inventario.submodules.categorias_manager | Utilidades base no disponibles en CategoriasManager
2025-08-19 16:20:37 | INFO     | rexus.modules.obras.model | [OBRAS] Sin conexión a BD - omitiendo verificación de tablas
2025-08-19 16:20:37 | INFO     | rexus.modules.pedidos.model | [PEDIDOS] Conexión automática establecida exitosamente
2025-08-19 16:20:37 | INFO     | rexus.modules.pedidos.model | [PEDIDOS] Inicializado en modo completo con conexión BD
2025-08-19 16:20:37 | INFO     | rexus.modules.pedidos.model | [PEDIDOS] Tablas verificadas/creadas exitosamente
2025-08-19 16:20:37 | INFO     | rexus.modules.pedidos.model | [PEDIDOS] Tablas verificadas/creadas exitosamente
2025-08-19 16:24:49 | INFO     | rexus.modules.inventario.submodules.base_utilities | Utilidades de seguridad cargadas en BaseUtilities
2025-08-19 16:24:49 | WARNING  | rexus.modules.inventario.submodules.reservas_manager | Utilidades base no disponibles en ReservasManager
2025-08-19 16:24:49 | WARNING  | rexus.modules.inventario.submodules.reportes_manager | Utilidades base no disponibles en ReportesManager
2025-08-19 16:24:49 | WARNING  | rexus.modules.inventario.submodules.categorias_manager | Utilidades base no disponibles en CategoriasManager
2025-08-19 16:24:50 | INFO     | rexus.modules.herrajes.model | [HERRAJES] Conexión automática establecida exitosamente
2025-08-19 16:24:50 | INFO     | rexus.modules.obras.model | [OBRAS] Conexión automática establecida exitosamente
2025-08-19 16:24:50 | INFO     | rexus.modules.obras.model | [OBRAS] Tabla 'obras' verificada correctamente.
2025-08-19 16:24:50 | INFO     | rexus.modules.obras.model | [OBRAS] Tabla 'detalles_obra' verificada correctamente.
2025-08-19 16:24:50 | INFO     | rexus.modules.obras.model | [ERROR OBRAS] Error obteniendo todas las obras: ('The SQL contains 0 parameter markers, but 2 parameters were supplied', 'HY000')
2025-08-19 16:24:50 | INFO     | rexus.modules.auditoria.model | OK [AUDITORIA] Sistema unificado de sanitización cargado
2025-08-19 16:24:50 | INFO     | rexus.modules.auditoria.model | [AUDITORIA] Conexión automática establecida exitosamente
2025-08-19 16:24:50 | WARNING  | rexus.modules.auditoria.model | [ADVERTENCIA] La tabla 'auditoria_log' no existe en la base de datos.
2025-08-19 16:26:40 | INFO     | rexus.modules.inventario.submodules.base_utilities | Utilidades de seguridad cargadas en BaseUtilities
2025-08-19 16:26:40 | WARNING  | rexus.modules.inventario.submodules.reservas_manager | Utilidades base no disponibles en ReservasManager
2025-08-19 16:26:40 | WARNING  | rexus.modules.inventario.submodules.reportes_manager | Utilidades base no disponibles en ReportesManager
2025-08-19 16:26:40 | WARNING  | rexus.modules.inventario.submodules.categorias_manager | Utilidades base no disponibles en CategoriasManager
2025-08-19 16:26:43 | INFO     | rexus.modules.herrajes.model | [HERRAJES] Conexión automática establecida exitosamente
2025-08-19 16:26:43 | INFO     | rexus.modules.obras.model | [OBRAS] Conexión automática establecida exitosamente
2025-08-19 16:26:43 | INFO     | rexus.modules.obras.model | [OBRAS] Tabla 'obras' verificada correctamente.
2025-08-19 16:26:43 | INFO     | rexus.modules.obras.model | [OBRAS] Tabla 'detalles_obra' verificada correctamente.
2025-08-19 16:26:43 | INFO     | rexus.modules.obras.model | [ERROR OBRAS] Error obteniendo todas las obras: ('42S22', "[42S22] [Microsoft][ODBC Driver 17 for SQL Server][SQL Server]Invalid column name 'fecha_fin_programada'. (207) (SQLExecDirectW); [42S22] [Microsoft][ODBC Driver 17 for SQL Server][SQL Server]Invalid column name 'presupuesto'. (207); [42S22] [Microsoft][ODBC Driver 17 for SQL Server][SQL Server]Statement(s) could not be prepared. (8180)")
2025-08-19 16:26:43 | INFO     | rexus.modules.pedidos.model | [PEDIDOS] Conexión automática establecida exitosamente
2025-08-19 16:26:43 | INFO     | rexus.modules.pedidos.model | [PEDIDOS] Inicializado en modo completo con conexión BD
2025-08-19 16:26:43 | INFO     | rexus.modules.pedidos.model | [PEDIDOS] Tablas verificadas/creadas exitosamente
2025-08-19 16:26:43 | INFO     | rexus.modules.pedidos.model | [PEDIDOS] Tablas verificadas/creadas exitosamente
2025-08-19 16:26:43 | INFO     | rexus.modules.auditoria.model | OK [AUDITORIA] Sistema unificado de sanitización cargado
2025-08-19 16:26:43 | INFO     | rexus.modules.auditoria.model | [AUDITORIA] Conexión automática establecida exitosamente
2025-08-19 16:26:43 | WARNING  | rexus.modules.auditoria.model | [ADVERTENCIA] La tabla 'auditoria_log' no existe en la base de datos.
2025-08-19 16:26:43 | ERROR    | rexus.modules.auditoria.model | Error obteniendo logs auditoria: ('42S02', "[42S02] [Microsoft][ODBC Driver 17 for SQL Server][SQL Server]Invalid object name 'auditoria_log'. (208) (SQLExecDirectW); [42S02] [Microsoft][ODBC Driver 17 for SQL Server][SQL Server]Statement(s) could not be prepared. (8180)")
2025-08-19 16:33:47 | INFO     | rexus.modules.inventario.submodules.base_utilities | Utilidades de seguridad cargadas en BaseUtilities
2025-08-19 16:33:47 | INFO     | rexus.modules.inventario.submodules.base_utilities | Utilidades de seguridad cargadas en BaseUtilities
2025-08-19 16:33:47 | INFO     | rexus.modules.inventario.submodules.base_utilities | Utilidades de seguridad cargadas en BaseUtilities
2025-08-19 16:33:47 | INFO     | rexus.modules.inventario.submodules.base_utilities | Utilidades de seguridad cargadas en BaseUtilities
2025-08-19 16:33:48 | INFO     | rexus.modules.herrajes.model | [HERRAJES] Conexión automática establecida exitosamente
2025-08-19 16:33:48 | INFO     | rexus.modules.obras.model | [OBRAS] Conexión automática establecida exitosamente
2025-08-19 16:33:48 | INFO     | rexus.modules.obras.model | [OBRAS] Tabla 'obras' verificada correctamente.
2025-08-19 16:33:48 | INFO     | rexus.modules.obras.model | [OBRAS] Tabla 'detalles_obra' verificada correctamente.
2025-08-19 16:33:48 | INFO     | rexus.modules.obras.model | [ERROR OBRAS] Error obteniendo todas las obras: ('42S22', "[42S22] [Microsoft][ODBC Driver 17 for SQL Server][SQL Server]Invalid column name 'fecha_fin'. (207) (SQLExecDirectW); [42S22] [Microsoft][ODBC Driver 17 for SQL Server][SQL Server]Statement(s) could not be prepared. (8180)")
2025-08-19 16:33:48 | INFO     | rexus.modules.pedidos.model | [PEDIDOS] Conexión automática establecida exitosamente
2025-08-19 16:33:48 | INFO     | rexus.modules.pedidos.model | [PEDIDOS] Inicializado en modo completo con conexión BD
2025-08-19 16:33:48 | INFO     | rexus.modules.pedidos.model | [PEDIDOS] Tablas verificadas/creadas exitosamente
2025-08-19 16:33:48 | INFO     | rexus.modules.pedidos.model | [PEDIDOS] Tablas verificadas/creadas exitosamente
2025-08-19 16:33:49 | INFO     | rexus.modules.auditoria.model | OK [AUDITORIA] Sistema unificado de sanitización cargado
2025-08-19 16:33:49 | INFO     | rexus.modules.auditoria.model | [AUDITORIA] Conexión automática establecida exitosamente
2025-08-19 16:33:49 | WARNING  | rexus.modules.auditoria.model | [ADVERTENCIA] La tabla 'auditoria_log' no existe en la base de datos.
2025-08-19 16:33:49 | ERROR    | rexus.modules.auditoria.model | Error obteniendo logs auditoria: ('42S02', "[42S02] [Microsoft][ODBC Driver 17 for SQL Server][SQL Server]Invalid object name 'auditoria_log'. (208) (SQLExecDirectW); [42S02] [Microsoft][ODBC Driver 17 for SQL Server][SQL Server]Statement(s) could not be prepared. (8180)")
2025-08-19 16:35:03 | INFO     | rexus.modules.herrajes.model | [HERRAJES] Conexión automática establecida exitosamente
2025-08-19 16:35:03 | INFO     | rexus.modules.mantenimiento.controller | Verificación completada: 0 vencidos, 0 próximos
2025-08-19 16:35:03 | INFO     | rexus.modules.mantenimiento.controller | Datos iniciales de mantenimiento cargados exitosamente
2025-08-19 16:36:15 | INFO     | rexus.modules.pedidos.model | [PEDIDOS] Conexión automática establecida exitosamente
2025-08-19 16:36:15 | INFO     | rexus.modules.pedidos.model | [PEDIDOS] Inicializado en modo completo con conexión BD
2025-08-19 16:36:15 | INFO     | rexus.modules.pedidos.model | [PEDIDOS] Tablas verificadas/creadas exitosamente
2025-08-19 16:36:15 | INFO     | rexus.modules.pedidos.model | [PEDIDOS] Tablas verificadas/creadas exitosamente
2025-08-19 16:42:34 | INFO     | rexus.modules.inventario.submodules.base_utilities | Utilidades de seguridad cargadas en BaseUtilities
2025-08-19 16:42:34 | INFO     | rexus.modules.inventario.submodules.base_utilities | Utilidades de seguridad cargadas en BaseUtilities
2025-08-19 16:42:34 | INFO     | rexus.modules.inventario.submodules.base_utilities | Utilidades de seguridad cargadas en BaseUtilities
2025-08-19 16:42:34 | INFO     | rexus.modules.inventario.submodules.base_utilities | Utilidades de seguridad cargadas en BaseUtilities
2025-08-19 16:42:34 | INFO     | rexus.modules.herrajes.model | [HERRAJES] Conexión automática establecida exitosamente
2025-08-19 16:42:35 | INFO     | rexus.modules.obras.model | [OBRAS] Conexión automática establecida exitosamente
2025-08-19 16:42:35 | INFO     | rexus.modules.obras.model | [OBRAS] Tabla 'obras' verificada correctamente.
2025-08-19 16:42:35 | INFO     | rexus.modules.obras.model | [OBRAS] Tabla 'detalles_obra' verificada correctamente.
2025-08-19 16:42:35 | INFO     | rexus.modules.pedidos.model | [PEDIDOS] Conexión automática establecida exitosamente
2025-08-19 16:42:35 | INFO     | rexus.modules.pedidos.model | [PEDIDOS] Inicializado en modo completo con conexión BD
2025-08-19 16:42:35 | INFO     | rexus.modules.pedidos.model | [PEDIDOS] Tablas verificadas/creadas exitosamente
2025-08-19 16:42:35 | INFO     | rexus.modules.pedidos.model | [PEDIDOS] Tablas verificadas/creadas exitosamente
2025-08-19 16:42:35 | INFO     | rexus.modules.auditoria.model | OK [AUDITORIA] Sistema unificado de sanitización cargado
2025-08-19 16:42:35 | INFO     | rexus.modules.auditoria.model | [AUDITORIA] Conexión automática establecida exitosamente
2025-08-19 16:42:35 | WARNING  | rexus.modules.auditoria.model | [ADVERTENCIA] La tabla 'auditoria_log' no existe en la base de datos.
2025-08-19 16:43:30 | INFO     | rexus.modules.herrajes.model | [HERRAJES] Conexión automática establecida exitosamente
2025-08-19 16:43:30 | INFO     | rexus.modules.pedidos.model | [PEDIDOS] Conexión automática establecida exitosamente
2025-08-19 16:43:30 | INFO     | rexus.modules.pedidos.model | [PEDIDOS] Inicializado en modo completo con conexión BD
2025-08-19 16:43:30 | INFO     | rexus.modules.pedidos.model | [PEDIDOS] Tablas verificadas/creadas exitosamente
2025-08-19 16:43:30 | INFO     | rexus.modules.pedidos.model | [PEDIDOS] Tablas verificadas/creadas exitosamente
2025-08-19 16:54:46 | INFO     | rexus.modules.obras.model | [OBRAS] Conexión automática establecida exitosamente
2025-08-19 16:54:46 | INFO     | rexus.modules.obras.model | [OBRAS] Tabla 'obras' verificada correctamente.
2025-08-19 16:54:46 | INFO     | rexus.modules.obras.model | [OBRAS] Tabla 'detalles_obra' verificada correctamente.
2025-08-19 16:54:46 | INFO     | rexus.modules.pedidos.model | [PEDIDOS] Conexión automática establecida exitosamente
2025-08-19 16:54:46 | INFO     | rexus.modules.pedidos.model | [PEDIDOS] Inicializado en modo completo con conexión BD
2025-08-19 16:54:46 | INFO     | rexus.modules.pedidos.model | [PEDIDOS] Tablas verificadas/creadas exitosamente
2025-08-19 16:54:46 | INFO     | rexus.modules.pedidos.model | [PEDIDOS] Tablas verificadas/creadas exitosamente
2025-08-19 17:00:41 | INFO     | rexus.modules.obras.model | [OBRAS] Tabla 'obras' verificada correctamente.
2025-08-19 17:00:42 | INFO     | rexus.modules.obras.model | [OBRAS] Tabla 'detalles_obra' verificada correctamente.
2025-08-19 17:00:43 | INFO     | rexus.modules.obras.model | [ERROR OBRAS] Error obteniendo todas las obras: ('42S22', "[42S22] [Microsoft][ODBC Driver 17 for SQL Server][SQL Server]Invalid column name 'fecha_fin'. (207) (SQLExecDirectW); [42S22] [Microsoft][ODBC Driver 17 for SQL Server][SQL Server]Statement(s) could not be prepared. (8180)")
2025-08-19 17:00:44 | INFO     | rexus.modules.obras.model | [ERROR OBRAS] Error obteniendo estadísticas: Archivo SQL no encontrado: calcular_presupuesto_total.sql en módulo obras. Rutas buscadas: ['D:\\martin\\Rexus.app\\sql\\obras\\calcular_presupuesto_total.sql', 'D:\\martin\\Rexus.app\\sql\\calcular_presupuesto_total.sql', 'D:\\martin\\Rexus.app\\sql\\common\\calcular_presupuesto_total.sql']
2025-08-19 17:02:26 | INFO     | rexus.modules.obras.model | [OBRAS] Tabla 'obras' verificada correctamente.
2025-08-19 17:02:26 | INFO     | rexus.modules.obras.model | [OBRAS] Tabla 'detalles_obra' verificada correctamente.
2025-08-19 17:02:29 | INFO     | rexus.modules.obras.model | [ERROR OBRAS] Error obteniendo estadísticas: ('42000', "[42000] [Microsoft][ODBC Driver 17 for SQL Server][SQL Server]Incorrect syntax near ':'. (102) (SQLExecDirectW)")
2025-08-19 17:03:00 | INFO     | rexus.modules.inventario.submodules.base_utilities | Utilidades de seguridad cargadas en BaseUtilities
2025-08-19 17:03:00 | INFO     | rexus.modules.inventario.submodules.base_utilities | Utilidades de seguridad cargadas en BaseUtilities
2025-08-19 17:03:00 | INFO     | rexus.modules.inventario.submodules.base_utilities | Utilidades de seguridad cargadas en BaseUtilities
2025-08-19 17:03:00 | INFO     | rexus.modules.inventario.submodules.base_utilities | Utilidades de seguridad cargadas en BaseUtilities
2025-08-19 18:11:54 | INFO     | rexus.modules.obras.model | [OBRAS] Tabla 'obras' verificada correctamente.
2025-08-19 18:11:54 | INFO     | rexus.modules.obras.model | [OBRAS] Tabla 'detalles_obra' verificada correctamente.
2025-08-19 18:11:56 | INFO     | rexus.modules.obras.model | [ERROR OBRAS] Error obteniendo estadísticas: ('42000', "[42000] [Microsoft][ODBC Driver 17 for SQL Server][SQL Server]Incorrect syntax near ':'. (102) (SQLExecDirectW)")
2025-08-19 18:14:02 | INFO     | rexus.modules.pedidos.model | [PEDIDOS] Inicializado en modo completo con conexión BD
2025-08-19 18:14:03 | INFO     | rexus.modules.pedidos.model | [PEDIDOS] Tablas verificadas/creadas exitosamente
2025-08-19 18:14:04 | INFO     | rexus.modules.pedidos.model | [PEDIDOS] Tablas verificadas/creadas exitosamente
2025-08-19 18:14:09 | INFO     | rexus.modules.pedidos.model | [PEDIDOS] Inicializado en modo completo con conexión BD
2025-08-19 18:14:09 | INFO     | rexus.modules.pedidos.model | [PEDIDOS] Tablas verificadas/creadas exitosamente
2025-08-19 18:14:09 | INFO     | rexus.modules.pedidos.model | [PEDIDOS] Tablas verificadas/creadas exitosamente
2025-08-19 18:18:38 | INFO     | rexus.modules.mantenimiento.controller | Verificación completada: 0 vencidos, 0 próximos
2025-08-19 18:18:38 | INFO     | rexus.modules.mantenimiento.controller | Datos iniciales de mantenimiento cargados exitosamente
2025-08-19 18:18:38 | INFO     | rexus.modules.mantenimiento.controller | Verificación completada: 0 vencidos, 0 próximos
2025-08-19 18:18:38 | INFO     | rexus.modules.mantenimiento.controller | Datos iniciales de mantenimiento cargados exitosamente
2025-08-20 21:33:57 | INFO     | rexus.modules.inventario.submodules.base_utilities | Utilidades de seguridad cargadas en BaseUtilities
2025-08-20 21:33:57 | INFO     | rexus.modules.inventario.submodules.base_utilities | Utilidades de seguridad cargadas en BaseUtilities
2025-08-20 21:33:57 | INFO     | rexus.modules.inventario.submodules.base_utilities | Utilidades de seguridad cargadas en BaseUtilities
2025-08-20 21:33:57 | INFO     | rexus.modules.inventario.submodules.base_utilities | Utilidades de seguridad cargadas en BaseUtilities
2025-08-20 21:40:28 | INFO     | rexus.modules.obras.model | [OBRAS] Tabla 'obras' verificada correctamente.
2025-08-20 21:40:28 | INFO     | rexus.modules.obras.model | [OBRAS] Tabla 'detalles_obra' verificada correctamente.
2025-08-20 21:41:10 | INFO     | rexus.modules.obras.model | [OBRAS] Tabla 'obras' verificada correctamente.
2025-08-20 21:41:10 | INFO     | rexus.modules.obras.model | [OBRAS] Tabla 'detalles_obra' verificada correctamente.
2025-08-20 21:41:10 | INFO     | rexus.modules.obras.model | [OBRAS] Tabla 'obras' verificada correctamente.
2025-08-20 21:41:10 | INFO     | rexus.modules.obras.model | [OBRAS] Tabla 'detalles_obra' verificada correctamente.
2025-08-20 21:41:10 | INFO     | rexus.modules.obras.model | [OBRAS] Tabla 'obras' verificada correctamente.
2025-08-20 21:41:10 | INFO     | rexus.modules.obras.model | [OBRAS] Tabla 'detalles_obra' verificada correctamente.
2025-08-20 21:41:10 | INFO     | rexus.modules.obras.model | [OBRAS] Tabla 'obras' verificada correctamente.
2025-08-20 21:41:10 | INFO     | rexus.modules.obras.model | [OBRAS] Tabla 'detalles_obra' verificada correctamente.
2025-08-20 21:41:10 | INFO     | rexus.modules.obras.model | [OBRAS] Tabla 'obras' verificada correctamente.
2025-08-20 21:41:10 | INFO     | rexus.modules.obras.model | [OBRAS] Tabla 'detalles_obra' verificada correctamente.
2025-08-20 21:48:16 | INFO     | rexus.modules.pedidos.model | [PEDIDOS] Conexión automática establecida exitosamente
2025-08-20 21:48:16 | INFO     | rexus.modules.pedidos.model | [PEDIDOS] Inicializado en modo completo con conexión BD
2025-08-20 21:48:16 | INFO     | rexus.modules.pedidos.model | [PEDIDOS] Tablas verificadas/creadas exitosamente
2025-08-20 21:48:16 | INFO     | rexus.modules.pedidos.model | [PEDIDOS] Tablas verificadas/creadas exitosamente
2025-08-20 21:48:16 | ERROR    | rexus.modules.pedidos.model | Error actualizando estado de pedido: 'SQLQueryManager' object has no attribute 'ejecutar_consulta_archivo'
2025-08-20 21:48:16 | INFO     | rexus.modules.pedidos.model | [PEDIDOS] Conexión automática establecida exitosamente
2025-08-20 21:48:16 | INFO     | rexus.modules.pedidos.model | [PEDIDOS] Inicializado en modo completo con conexión BD
2025-08-20 21:48:16 | INFO     | rexus.modules.pedidos.model | [PEDIDOS] Tablas verificadas/creadas exitosamente
2025-08-20 21:48:16 | INFO     | rexus.modules.pedidos.model | [PEDIDOS] Tablas verificadas/creadas exitosamente
2025-08-20 21:48:16 | INFO     | rexus.modules.pedidos.model | [PEDIDOS] Conexión automática establecida exitosamente
2025-08-20 21:48:16 | INFO     | rexus.modules.pedidos.model | [PEDIDOS] Inicializado en modo completo con conexión BD
2025-08-20 21:48:16 | INFO     | rexus.modules.pedidos.model | [PEDIDOS] Tablas verificadas/creadas exitosamente
2025-08-20 21:48:16 | INFO     | rexus.modules.pedidos.model | [PEDIDOS] Tablas verificadas/creadas exitosamente
2025-08-20 21:48:16 | INFO     | rexus.modules.pedidos.model | [PEDIDOS] Conexión automática establecida exitosamente
2025-08-20 21:48:16 | INFO     | rexus.modules.pedidos.model | [PEDIDOS] Inicializado en modo completo con conexión BD
2025-08-20 21:48:16 | INFO     | rexus.modules.pedidos.model | [PEDIDOS] Tablas verificadas/creadas exitosamente
2025-08-20 21:48:16 | INFO     | rexus.modules.pedidos.model | [PEDIDOS] Tablas verificadas/creadas exitosamente
2025-08-20 21:48:16 | INFO     | rexus.modules.pedidos.model | [PEDIDOS] Conexión automática establecida exitosamente
2025-08-20 21:48:16 | INFO     | rexus.modules.pedidos.model | [PEDIDOS] Inicializado en modo completo con conexión BD
2025-08-20 21:48:16 | INFO     | rexus.modules.pedidos.model | [PEDIDOS] Tablas verificadas/creadas exitosamente
2025-08-20 21:48:16 | INFO     | rexus.modules.pedidos.model | [PEDIDOS] Tablas verificadas/creadas exitosamente
2025-08-20 21:48:16 | INFO     | rexus.modules.pedidos.model | [PEDIDOS] Error creando pedido: 'PedidosModel' object has no attribute 'data_sanitizer'
2025-08-20 21:48:16 | INFO     | rexus.modules.pedidos.model | [PEDIDOS] Conexión automática establecida exitosamente
2025-08-20 21:48:16 | INFO     | rexus.modules.pedidos.model | [PEDIDOS] Inicializado en modo completo con conexión BD
2025-08-20 21:48:16 | INFO     | rexus.modules.pedidos.model | [PEDIDOS] Tablas verificadas/creadas exitosamente
2025-08-20 21:48:16 | INFO     | rexus.modules.pedidos.model | [PEDIDOS] Tablas verificadas/creadas exitosamente
2025-08-20 21:48:16 | INFO     | rexus.modules.pedidos.model | [PEDIDOS] Conexión automática establecida exitosamente
2025-08-20 21:48:16 | INFO     | rexus.modules.pedidos.model | [PEDIDOS] Inicializado en modo completo con conexión BD
2025-08-20 21:48:16 | INFO     | rexus.modules.pedidos.model | [PEDIDOS] Tablas verificadas/creadas exitosamente
2025-08-20 21:48:16 | INFO     | rexus.modules.pedidos.model | [PEDIDOS] Tablas verificadas/creadas exitosamente
2025-08-20 21:48:16 | INFO     | rexus.modules.pedidos.model | [PEDIDOS] Error obteniendo pedidos: 'Mock' object is not iterable
2025-08-20 21:48:16 | INFO     | rexus.modules.pedidos.model | [PEDIDOS] Conexión automática establecida exitosamente
2025-08-20 21:48:16 | INFO     | rexus.modules.pedidos.model | [PEDIDOS] Inicializado en modo completo con conexión BD
2025-08-20 21:48:16 | INFO     | rexus.modules.pedidos.model | [PEDIDOS] Tablas verificadas/creadas exitosamente
2025-08-20 21:48:16 | INFO     | rexus.modules.pedidos.model | [PEDIDOS] Tablas verificadas/creadas exitosamente
2025-08-20 21:48:16 | INFO     | rexus.modules.pedidos.model | [PEDIDOS] Conexión automática establecida exitosamente
2025-08-20 21:48:16 | INFO     | rexus.modules.pedidos.model | [PEDIDOS] Inicializado en modo completo con conexión BD
2025-08-20 21:48:16 | INFO     | rexus.modules.pedidos.model | [PEDIDOS] Tablas verificadas/creadas exitosamente
2025-08-20 21:48:16 | INFO     | rexus.modules.pedidos.model | [PEDIDOS] Tablas verificadas/creadas exitosamente
2025-08-20 21:48:25 | INFO     | rexus.modules.pedidos.model | [PEDIDOS] Conexión automática establecida exitosamente
2025-08-20 21:48:25 | INFO     | rexus.modules.pedidos.model | [PEDIDOS] Inicializado en modo completo con conexión BD
2025-08-20 21:48:25 | INFO     | rexus.modules.pedidos.model | [PEDIDOS] Tablas verificadas/creadas exitosamente
2025-08-20 21:48:25 | INFO     | rexus.modules.pedidos.model | [PEDIDOS] Tablas verificadas/creadas exitosamente
2025-08-20 21:48:25 | INFO     | rexus.modules.pedidos.model | [PEDIDOS] Error obteniendo pedidos: 'Mock' object is not iterable
2025-08-20 21:55:59 | INFO     | rexus.modules.obras.model | [OBRAS] Tabla 'obras' verificada correctamente.
2025-08-20 21:55:59 | INFO     | rexus.modules.obras.model | [OBRAS] Tabla 'detalles_obra' verificada correctamente.
2025-08-20 21:55:59 | INFO     | rexus.modules.inventario.submodules.base_utilities | Utilidades de seguridad cargadas en BaseUtilities
2025-08-20 21:55:59 | INFO     | rexus.modules.inventario.submodules.base_utilities | Utilidades de seguridad cargadas en BaseUtilities
2025-08-20 21:55:59 | INFO     | rexus.modules.inventario.submodules.base_utilities | Utilidades de seguridad cargadas en BaseUtilities
2025-08-20 21:55:59 | INFO     | rexus.modules.inventario.submodules.base_utilities | Utilidades de seguridad cargadas en BaseUtilities
2025-08-20 21:56:00 | INFO     | rexus.modules.inventario.submodules.base_utilities | Utilidades de seguridad cargadas en BaseUtilities
2025-08-20 21:56:00 | INFO     | rexus.modules.inventario.submodules.base_utilities | Utilidades de seguridad cargadas en BaseUtilities
2025-08-20 21:56:00 | INFO     | rexus.modules.inventario.submodules.base_utilities | Utilidades de seguridad cargadas en BaseUtilities
2025-08-20 21:56:00 | INFO     | rexus.modules.inventario.submodules.base_utilities | Utilidades de seguridad cargadas en BaseUtilities
2025-08-20 21:56:00 | INFO     | rexus.modules.obras.model | [OBRAS] Tabla 'obras' verificada correctamente.
2025-08-20 21:56:00 | INFO     | rexus.modules.obras.model | [OBRAS] Tabla 'detalles_obra' verificada correctamente.
2025-08-20 21:56:11 | INFO     | rexus.modules.inventario.submodules.base_utilities | Utilidades de seguridad cargadas en BaseUtilities
2025-08-20 21:56:11 | INFO     | rexus.modules.inventario.submodules.base_utilities | Utilidades de seguridad cargadas en BaseUtilities
2025-08-20 21:56:11 | INFO     | rexus.modules.inventario.submodules.base_utilities | Utilidades de seguridad cargadas en BaseUtilities
2025-08-20 21:56:11 | INFO     | rexus.modules.inventario.submodules.base_utilities | Utilidades de seguridad cargadas en BaseUtilities
2025-08-20 21:56:11 | INFO     | rexus.modules.inventario.submodules.base_utilities | Utilidades de seguridad cargadas en BaseUtilities
2025-08-20 21:56:11 | INFO     | rexus.modules.inventario.submodules.base_utilities | Utilidades de seguridad cargadas en BaseUtilities
2025-08-20 21:56:11 | INFO     | rexus.modules.inventario.submodules.base_utilities | Utilidades de seguridad cargadas en BaseUtilities
2025-08-20 21:56:11 | INFO     | rexus.modules.inventario.submodules.base_utilities | Utilidades de seguridad cargadas en BaseUtilities
2025-08-20 21:56:12 | INFO     | rexus.modules.inventario.submodules.base_utilities | Utilidades de seguridad cargadas en BaseUtilities
2025-08-20 21:56:12 | INFO     | rexus.modules.inventario.submodules.base_utilities | Utilidades de seguridad cargadas en BaseUtilities
2025-08-20 21:56:12 | INFO     | rexus.modules.inventario.submodules.base_utilities | Utilidades de seguridad cargadas en BaseUtilities
2025-08-20 21:56:12 | INFO     | rexus.modules.inventario.submodules.base_utilities | Utilidades de seguridad cargadas en BaseUtilities
2025-08-20 21:56:12 | INFO     | rexus.modules.obras.model | [OBRAS] Conexión automática establecida exitosamente
2025-08-20 21:56:12 | INFO     | rexus.modules.obras.model | [OBRAS] Tabla 'obras' verificada correctamente.
2025-08-20 21:56:12 | INFO     | rexus.modules.obras.model | [OBRAS] Tabla 'detalles_obra' verificada correctamente.
2025-08-20 21:56:12 | INFO     | rexus.modules.pedidos.model | [PEDIDOS] Conexión automática establecida exitosamente
2025-08-20 21:56:12 | INFO     | rexus.modules.pedidos.model | [PEDIDOS] Inicializado en modo completo con conexión BD
2025-08-20 21:56:12 | INFO     | rexus.modules.pedidos.model | [PEDIDOS] Tablas verificadas/creadas exitosamente
2025-08-20 21:56:12 | INFO     | rexus.modules.pedidos.model | [PEDIDOS] Tablas verificadas/creadas exitosamente
2025-08-20 21:56:12 | INFO     | rexus.modules.pedidos.model | [PEDIDOS] Error creando pedido: 'PedidosModel' object has no attribute 'data_sanitizer'
2025-08-20 21:56:12 | INFO     | rexus.modules.pedidos.model | [PEDIDOS] Error creando pedido: 'PedidosModel' object has no attribute 'data_sanitizer'
2025-08-20 21:56:12 | INFO     | rexus.modules.inventario.submodules.base_utilities | Utilidades de seguridad cargadas en BaseUtilities
2025-08-20 21:56:12 | INFO     | rexus.modules.inventario.submodules.base_utilities | Utilidades de seguridad cargadas en BaseUtilities
2025-08-20 21:56:12 | INFO     | rexus.modules.inventario.submodules.base_utilities | Utilidades de seguridad cargadas en BaseUtilities
2025-08-20 21:56:12 | INFO     | rexus.modules.inventario.submodules.base_utilities | Utilidades de seguridad cargadas en BaseUtilities
2025-08-20 21:56:12 | ERROR    | rexus.modules.pedidos.model | Error actualizando estado de pedido: 'SQLQueryManager' object has no attribute 'ejecutar_consulta_archivo'
2025-08-20 21:56:12 | ERROR    | rexus.modules.pedidos.model | Error actualizando estado de pedido: 'SQLQueryManager' object has no attribute 'ejecutar_consulta_archivo'
2025-08-20 21:56:12 | INFO     | rexus.modules.inventario.submodules.base_utilities | Utilidades de seguridad cargadas en BaseUtilities
2025-08-20 21:56:12 | INFO     | rexus.modules.inventario.submodules.base_utilities | Utilidades de seguridad cargadas en BaseUtilities
2025-08-20 21:56:12 | INFO     | rexus.modules.inventario.submodules.base_utilities | Utilidades de seguridad cargadas en BaseUtilities
2025-08-20 21:56:12 | INFO     | rexus.modules.inventario.submodules.base_utilities | Utilidades de seguridad cargadas en BaseUtilities
2025-08-20 21:56:12 | INFO     | rexus.modules.inventario.submodules.base_utilities | Utilidades de seguridad cargadas en BaseUtilities
2025-08-20 21:56:12 | INFO     | rexus.modules.inventario.submodules.base_utilities | Utilidades de seguridad cargadas en BaseUtilities
2025-08-20 21:56:12 | INFO     | rexus.modules.inventario.submodules.base_utilities | Utilidades de seguridad cargadas en BaseUtilities
2025-08-20 21:56:12 | INFO     | rexus.modules.inventario.submodules.base_utilities | Utilidades de seguridad cargadas en BaseUtilities
2025-08-20 21:56:13 | INFO     | rexus.modules.inventario.submodules.base_utilities | Utilidades de seguridad cargadas en BaseUtilities
2025-08-20 21:56:13 | INFO     | rexus.modules.inventario.submodules.base_utilities | Utilidades de seguridad cargadas en BaseUtilities
2025-08-20 21:56:13 | INFO     | rexus.modules.inventario.submodules.base_utilities | Utilidades de seguridad cargadas en BaseUtilities
2025-08-20 21:56:13 | INFO     | rexus.modules.inventario.submodules.base_utilities | Utilidades de seguridad cargadas en BaseUtilities
2025-08-20 21:56:13 | INFO     | rexus.modules.inventario.submodules.base_utilities | Utilidades de seguridad cargadas en BaseUtilities
2025-08-20 21:56:13 | INFO     | rexus.modules.inventario.submodules.base_utilities | Utilidades de seguridad cargadas en BaseUtilities
2025-08-20 21:56:13 | INFO     | rexus.modules.inventario.submodules.base_utilities | Utilidades de seguridad cargadas en BaseUtilities
2025-08-20 21:56:13 | INFO     | rexus.modules.inventario.submodules.base_utilities | Utilidades de seguridad cargadas en BaseUtilities
2025-08-20 21:56:13 | INFO     | rexus.modules.inventario.submodules.base_utilities | Utilidades de seguridad cargadas en BaseUtilities
2025-08-20 21:56:13 | INFO     | rexus.modules.inventario.submodules.base_utilities | Utilidades de seguridad cargadas en BaseUtilities
2025-08-20 21:56:13 | INFO     | rexus.modules.inventario.submodules.base_utilities | Utilidades de seguridad cargadas en BaseUtilities
2025-08-20 21:56:13 | INFO     | rexus.modules.inventario.submodules.base_utilities | Utilidades de seguridad cargadas en BaseUtilities
2025-08-20 21:56:13 | INFO     | rexus.modules.inventario.submodules.base_utilities | Utilidades de seguridad cargadas en BaseUtilities
2025-08-20 21:56:13 | INFO     | rexus.modules.inventario.submodules.base_utilities | Utilidades de seguridad cargadas en BaseUtilities
2025-08-20 21:56:13 | INFO     | rexus.modules.inventario.submodules.base_utilities | Utilidades de seguridad cargadas en BaseUtilities
2025-08-20 21:56:13 | INFO     | rexus.modules.inventario.submodules.base_utilities | Utilidades de seguridad cargadas en BaseUtilities
2025-08-20 22:21:11 | INFO     | rexus.modules.obras.model | [OBRAS] Tabla 'obras' verificada correctamente.
2025-08-20 22:21:11 | INFO     | rexus.modules.obras.model | [OBRAS] Tabla 'detalles_obra' verificada correctamente.
2025-08-20 22:21:11 | INFO     | rexus.modules.inventario.submodules.base_utilities | Utilidades de seguridad cargadas en BaseUtilities
2025-08-20 22:21:11 | INFO     | rexus.modules.inventario.submodules.base_utilities | Utilidades de seguridad cargadas en BaseUtilities
2025-08-20 22:21:11 | INFO     | rexus.modules.inventario.submodules.base_utilities | Utilidades de seguridad cargadas en BaseUtilities
2025-08-20 22:21:11 | INFO     | rexus.modules.inventario.submodules.base_utilities | Utilidades de seguridad cargadas en BaseUtilities
2025-08-20 22:21:23 | INFO     | rexus.modules.inventario.submodules.base_utilities | Utilidades de seguridad cargadas en BaseUtilities
2025-08-20 22:21:23 | INFO     | rexus.modules.inventario.submodules.base_utilities | Utilidades de seguridad cargadas en BaseUtilities
2025-08-20 22:21:23 | INFO     | rexus.modules.inventario.submodules.base_utilities | Utilidades de seguridad cargadas en BaseUtilities
2025-08-20 22:21:23 | INFO     | rexus.modules.inventario.submodules.base_utilities | Utilidades de seguridad cargadas en BaseUtilities
2025-08-20 22:21:23 | INFO     | rexus.modules.obras.model | [OBRAS] Tabla 'obras' verificada correctamente.
2025-08-20 22:21:23 | INFO     | rexus.modules.obras.model | [OBRAS] Tabla 'detalles_obra' verificada correctamente.
2025-08-20 22:21:32 | INFO     | rexus.modules.obras.model | [OBRAS] Tabla 'obras' verificada correctamente.
2025-08-20 22:21:32 | INFO     | rexus.modules.obras.model | [OBRAS] Tabla 'detalles_obra' verificada correctamente.
2025-08-20 22:21:32 | INFO     | rexus.modules.inventario.submodules.base_utilities | Utilidades de seguridad cargadas en BaseUtilities
2025-08-20 22:21:32 | INFO     | rexus.modules.inventario.submodules.base_utilities | Utilidades de seguridad cargadas en BaseUtilities
2025-08-20 22:21:32 | INFO     | rexus.modules.inventario.submodules.base_utilities | Utilidades de seguridad cargadas en BaseUtilities
2025-08-20 22:21:32 | INFO     | rexus.modules.inventario.submodules.base_utilities | Utilidades de seguridad cargadas en BaseUtilities
2025-08-20 22:21:32 | INFO     | rexus.modules.inventario.submodules.base_utilities | Utilidades de seguridad cargadas en BaseUtilities
2025-08-20 22:21:32 | INFO     | rexus.modules.inventario.submodules.base_utilities | Utilidades de seguridad cargadas en BaseUtilities
2025-08-20 22:21:32 | INFO     | rexus.modules.inventario.submodules.base_utilities | Utilidades de seguridad cargadas en BaseUtilities
2025-08-20 22:21:32 | INFO     | rexus.modules.inventario.submodules.base_utilities | Utilidades de seguridad cargadas en BaseUtilities
2025-08-20 22:21:32 | INFO     | rexus.modules.obras.model | [OBRAS] Tabla 'obras' verificada correctamente.
2025-08-20 22:21:32 | INFO     | rexus.modules.obras.model | [OBRAS] Tabla 'detalles_obra' verificada correctamente.
2025-08-20 22:23:18 | INFO     | rexus.modules.inventario.submodules.base_utilities | Utilidades de seguridad cargadas en BaseUtilities
2025-08-20 22:23:18 | INFO     | rexus.modules.inventario.submodules.base_utilities | Utilidades de seguridad cargadas en BaseUtilities
2025-08-20 22:23:18 | INFO     | rexus.modules.inventario.submodules.base_utilities | Utilidades de seguridad cargadas en BaseUtilities
2025-08-20 22:23:18 | INFO     | rexus.modules.inventario.submodules.base_utilities | Utilidades de seguridad cargadas en BaseUtilities
2025-08-21 11:41:23 | INFO     | rexus.modules.pedidos.model | [PEDIDOS] Conexión automática establecida exitosamente
2025-08-21 11:41:23 | INFO     | rexus.modules.pedidos.model | [PEDIDOS] Inicializado en modo completo con conexión BD
2025-08-21 11:41:23 | INFO     | rexus.modules.pedidos.model | [PEDIDOS] Tablas verificadas/creadas exitosamente
2025-08-21 11:41:23 | INFO     | rexus.modules.pedidos.model | [PEDIDOS] Tablas verificadas/creadas exitosamente
2025-08-21 11:44:42 | INFO     | rexus.modules.pedidos.model | [PEDIDOS] Conexión automática establecida exitosamente
2025-08-21 11:44:42 | INFO     | rexus.modules.pedidos.model | [PEDIDOS] Inicializado en modo completo con conexión BD
2025-08-21 11:44:42 | INFO     | rexus.modules.pedidos.model | [PEDIDOS] Tablas verificadas/creadas exitosamente
2025-08-21 11:44:42 | INFO     | rexus.modules.pedidos.model | [PEDIDOS] Tablas verificadas/creadas exitosamente
2025-08-21 11:44:42 | INFO     | rexus.modules.pedidos.model | [PEDIDOS] Conexión automática establecida exitosamente
2025-08-21 11:44:42 | INFO     | rexus.modules.pedidos.model | [PEDIDOS] Inicializado en modo completo con conexión BD
2025-08-21 11:44:42 | INFO     | rexus.modules.pedidos.model | [PEDIDOS] Tablas verificadas/creadas exitosamente
2025-08-21 11:44:42 | INFO     | rexus.modules.pedidos.model | [PEDIDOS] Tablas verificadas/creadas exitosamente
2025-08-21 11:44:42 | INFO     | rexus.modules.pedidos.model | [PEDIDOS] Error creando pedido: 'PedidosModel' object has no attribute 'data_sanitizer'
2025-08-21 11:44:42 | INFO     | rexus.modules.pedidos.model | [PEDIDOS] Conexión automática establecida exitosamente
2025-08-21 11:44:42 | INFO     | rexus.modules.pedidos.model | [PEDIDOS] Inicializado en modo completo con conexión BD
2025-08-21 11:44:42 | INFO     | rexus.modules.pedidos.model | [PEDIDOS] Tablas verificadas/creadas exitosamente
2025-08-21 11:44:42 | INFO     | rexus.modules.pedidos.model | [PEDIDOS] Tablas verificadas/creadas exitosamente
2025-08-21 11:44:42 | INFO     | rexus.modules.pedidos.model | [PEDIDOS] Error obteniendo pedidos: 'Mock' object is not iterable
2025-08-21 11:45:48 | INFO     | rexus.modules.pedidos.model | [PEDIDOS] Conexión automática establecida exitosamente
2025-08-21 11:45:48 | INFO     | rexus.modules.pedidos.model | [PEDIDOS] Inicializado en modo completo con conexión BD
2025-08-21 11:45:48 | INFO     | rexus.modules.pedidos.model | [PEDIDOS] Tablas verificadas/creadas exitosamente
2025-08-21 11:45:48 | INFO     | rexus.modules.pedidos.model | [PEDIDOS] Tablas verificadas/creadas exitosamente
2025-08-21 11:45:48 | INFO     | rexus.modules.pedidos.model | [PEDIDOS] Error obteniendo pedidos: 'Mock' object is not iterable
2025-08-21 11:46:00 | INFO     | rexus.modules.pedidos.model | [PEDIDOS] Conexión automática establecida exitosamente
2025-08-21 11:46:00 | INFO     | rexus.modules.pedidos.model | [PEDIDOS] Inicializado en modo completo con conexión BD
2025-08-21 11:46:00 | INFO     | rexus.modules.pedidos.model | [PEDIDOS] Tablas verificadas/creadas exitosamente
2025-08-21 11:46:00 | INFO     | rexus.modules.pedidos.model | [PEDIDOS] Tablas verificadas/creadas exitosamente
2025-08-21 11:46:00 | ERROR    | rexus.modules.pedidos.model | Error actualizando estado de pedido: 'SQLQueryManager' object has no attribute 'ejecutar_consulta_archivo'
2025-08-21 11:46:00 | INFO     | rexus.modules.pedidos.model | [PEDIDOS] Conexión automática establecida exitosamente
2025-08-21 11:46:00 | INFO     | rexus.modules.pedidos.model | [PEDIDOS] Inicializado en modo completo con conexión BD
2025-08-21 11:46:00 | INFO     | rexus.modules.pedidos.model | [PEDIDOS] Tablas verificadas/creadas exitosamente
2025-08-21 11:46:00 | INFO     | rexus.modules.pedidos.model | [PEDIDOS] Tablas verificadas/creadas exitosamente
2025-08-21 11:46:00 | INFO     | rexus.modules.pedidos.model | [PEDIDOS] Conexión automática establecida exitosamente
2025-08-21 11:46:00 | INFO     | rexus.modules.pedidos.model | [PEDIDOS] Inicializado en modo completo con conexión BD
2025-08-21 11:46:00 | INFO     | rexus.modules.pedidos.model | [PEDIDOS] Tablas verificadas/creadas exitosamente
2025-08-21 11:46:00 | INFO     | rexus.modules.pedidos.model | [PEDIDOS] Tablas verificadas/creadas exitosamente
2025-08-21 11:46:00 | INFO     | rexus.modules.pedidos.model | [PEDIDOS] Conexión automática establecida exitosamente
2025-08-21 11:46:00 | INFO     | rexus.modules.pedidos.model | [PEDIDOS] Inicializado en modo completo con conexión BD
2025-08-21 11:46:00 | INFO     | rexus.modules.pedidos.model | [PEDIDOS] Tablas verificadas/creadas exitosamente
2025-08-21 11:46:00 | INFO     | rexus.modules.pedidos.model | [PEDIDOS] Tablas verificadas/creadas exitosamente
2025-08-21 11:46:00 | INFO     | rexus.modules.pedidos.model | [PEDIDOS] Conexión automática establecida exitosamente
2025-08-21 11:46:00 | INFO     | rexus.modules.pedidos.model | [PEDIDOS] Inicializado en modo completo con conexión BD
2025-08-21 11:46:00 | INFO     | rexus.modules.pedidos.model | [PEDIDOS] Tablas verificadas/creadas exitosamente
2025-08-21 11:46:00 | INFO     | rexus.modules.pedidos.model | [PEDIDOS] Tablas verificadas/creadas exitosamente
2025-08-21 11:46:00 | INFO     | rexus.modules.pedidos.model | [PEDIDOS] Error creando pedido: 'PedidosModel' object has no attribute 'data_sanitizer'
2025-08-21 11:46:00 | INFO     | rexus.modules.pedidos.model | [PEDIDOS] Conexión automática establecida exitosamente
2025-08-21 11:46:00 | INFO     | rexus.modules.pedidos.model | [PEDIDOS] Inicializado en modo completo con conexión BD
2025-08-21 11:46:00 | INFO     | rexus.modules.pedidos.model | [PEDIDOS] Tablas verificadas/creadas exitosamente
2025-08-21 11:46:00 | INFO     | rexus.modules.pedidos.model | [PEDIDOS] Tablas verificadas/creadas exitosamente
2025-08-21 11:46:00 | INFO     | rexus.modules.pedidos.model | [PEDIDOS] Conexión automática establecida exitosamente
2025-08-21 11:46:00 | INFO     | rexus.modules.pedidos.model | [PEDIDOS] Inicializado en modo completo con conexión BD
2025-08-21 11:46:00 | INFO     | rexus.modules.pedidos.model | [PEDIDOS] Tablas verificadas/creadas exitosamente
2025-08-21 11:46:00 | INFO     | rexus.modules.pedidos.model | [PEDIDOS] Tablas verificadas/creadas exitosamente
2025-08-21 11:46:00 | INFO     | rexus.modules.pedidos.model | [PEDIDOS] Error obteniendo pedidos: 'Mock' object is not iterable
2025-08-21 11:46:00 | INFO     | rexus.modules.pedidos.model | [PEDIDOS] Conexión automática establecida exitosamente
2025-08-21 11:46:00 | INFO     | rexus.modules.pedidos.model | [PEDIDOS] Inicializado en modo completo con conexión BD
2025-08-21 11:46:00 | INFO     | rexus.modules.pedidos.model | [PEDIDOS] Tablas verificadas/creadas exitosamente
2025-08-21 11:46:00 | INFO     | rexus.modules.pedidos.model | [PEDIDOS] Tablas verificadas/creadas exitosamente
2025-08-21 11:46:00 | INFO     | rexus.modules.pedidos.model | [PEDIDOS] Conexión automática establecida exitosamente
2025-08-21 11:46:00 | INFO     | rexus.modules.pedidos.model | [PEDIDOS] Inicializado en modo completo con conexión BD
2025-08-21 11:46:00 | INFO     | rexus.modules.pedidos.model | [PEDIDOS] Tablas verificadas/creadas exitosamente
2025-08-21 11:46:00 | INFO     | rexus.modules.pedidos.model | [PEDIDOS] Tablas verificadas/creadas exitosamente
2025-08-21 12:11:30 | INFO     | rexus.modules.pedidos.model | [PEDIDOS] Conexión automática establecida exitosamente
2025-08-21 12:11:30 | INFO     | rexus.modules.pedidos.model | [PEDIDOS] Inicializado en modo completo con conexión BD
2025-08-21 12:11:30 | INFO     | rexus.modules.pedidos.model | [PEDIDOS] Tablas verificadas/creadas exitosamente
2025-08-21 12:11:30 | INFO     | rexus.modules.pedidos.model | [PEDIDOS] Tablas verificadas/creadas exitosamente
2025-08-21 12:11:30 | ERROR    | rexus.modules.pedidos.model | Error actualizando estado de pedido: 'SQLQueryManager' object has no attribute 'ejecutar_consulta_archivo'
2025-08-21 12:11:30 | INFO     | rexus.modules.pedidos.model | [PEDIDOS] Conexión automática establecida exitosamente
2025-08-21 12:11:30 | INFO     | rexus.modules.pedidos.model | [PEDIDOS] Inicializado en modo completo con conexión BD
2025-08-21 12:11:30 | INFO     | rexus.modules.pedidos.model | [PEDIDOS] Tablas verificadas/creadas exitosamente
2025-08-21 12:11:30 | INFO     | rexus.modules.pedidos.model | [PEDIDOS] Tablas verificadas/creadas exitosamente
2025-08-21 12:11:30 | INFO     | rexus.modules.pedidos.model | [PEDIDOS] Conexión automática establecida exitosamente
2025-08-21 12:11:30 | INFO     | rexus.modules.pedidos.model | [PEDIDOS] Inicializado en modo completo con conexión BD
2025-08-21 12:11:30 | INFO     | rexus.modules.pedidos.model | [PEDIDOS] Tablas verificadas/creadas exitosamente
2025-08-21 12:11:30 | INFO     | rexus.modules.pedidos.model | [PEDIDOS] Tablas verificadas/creadas exitosamente
2025-08-21 12:11:30 | INFO     | rexus.modules.pedidos.model | [PEDIDOS] Conexión automática establecida exitosamente
2025-08-21 12:11:30 | INFO     | rexus.modules.pedidos.model | [PEDIDOS] Inicializado en modo completo con conexión BD
2025-08-21 12:11:30 | INFO     | rexus.modules.pedidos.model | [PEDIDOS] Tablas verificadas/creadas exitosamente
2025-08-21 12:11:30 | INFO     | rexus.modules.pedidos.model | [PEDIDOS] Tablas verificadas/creadas exitosamente
2025-08-21 12:11:30 | INFO     | rexus.modules.pedidos.model | [PEDIDOS] Conexión automática establecida exitosamente
2025-08-21 12:11:30 | INFO     | rexus.modules.pedidos.model | [PEDIDOS] Inicializado en modo completo con conexión BD
2025-08-21 12:11:30 | INFO     | rexus.modules.pedidos.model | [PEDIDOS] Tablas verificadas/creadas exitosamente
2025-08-21 12:11:30 | INFO     | rexus.modules.pedidos.model | [PEDIDOS] Tablas verificadas/creadas exitosamente
2025-08-21 12:11:30 | INFO     | rexus.modules.pedidos.model | [PEDIDOS] Error creando pedido: 'PedidosModel' object has no attribute 'data_sanitizer'
2025-08-21 12:11:30 | INFO     | rexus.modules.pedidos.model | [PEDIDOS] Conexión automática establecida exitosamente
2025-08-21 12:11:30 | INFO     | rexus.modules.pedidos.model | [PEDIDOS] Inicializado en modo completo con conexión BD
2025-08-21 12:11:30 | INFO     | rexus.modules.pedidos.model | [PEDIDOS] Tablas verificadas/creadas exitosamente
2025-08-21 12:11:30 | INFO     | rexus.modules.pedidos.model | [PEDIDOS] Tablas verificadas/creadas exitosamente
2025-08-21 12:11:31 | INFO     | rexus.modules.pedidos.model | [PEDIDOS] Conexión automática establecida exitosamente
2025-08-21 12:11:31 | INFO     | rexus.modules.pedidos.model | [PEDIDOS] Inicializado en modo completo con conexión BD
2025-08-21 12:11:31 | INFO     | rexus.modules.pedidos.model | [PEDIDOS] Tablas verificadas/creadas exitosamente
2025-08-21 12:11:31 | INFO     | rexus.modules.pedidos.model | [PEDIDOS] Tablas verificadas/creadas exitosamente
2025-08-21 12:11:31 | INFO     | rexus.modules.pedidos.model | [PEDIDOS] Error obteniendo pedidos: 'Mock' object is not iterable
2025-08-21 12:11:31 | INFO     | rexus.modules.pedidos.model | [PEDIDOS] Conexión automática establecida exitosamente
2025-08-21 12:11:31 | INFO     | rexus.modules.pedidos.model | [PEDIDOS] Inicializado en modo completo con conexión BD
2025-08-21 12:11:31 | INFO     | rexus.modules.pedidos.model | [PEDIDOS] Tablas verificadas/creadas exitosamente
2025-08-21 12:11:31 | INFO     | rexus.modules.pedidos.model | [PEDIDOS] Tablas verificadas/creadas exitosamente
2025-08-21 12:11:31 | INFO     | rexus.modules.pedidos.model | [PEDIDOS] Conexión automática establecida exitosamente
2025-08-21 12:11:31 | INFO     | rexus.modules.pedidos.model | [PEDIDOS] Inicializado en modo completo con conexión BD
2025-08-21 12:11:31 | INFO     | rexus.modules.pedidos.model | [PEDIDOS] Tablas verificadas/creadas exitosamente
2025-08-21 12:11:31 | INFO     | rexus.modules.pedidos.model | [PEDIDOS] Tablas verificadas/creadas exitosamente
2025-08-21 12:14:02 | INFO     | rexus.modules.inventario.submodules.base_utilities | Utilidades de seguridad cargadas en BaseUtilities
2025-08-21 12:14:02 | INFO     | rexus.modules.inventario.submodules.base_utilities | Utilidades de seguridad cargadas en BaseUtilities
2025-08-21 12:14:02 | INFO     | rexus.modules.inventario.submodules.base_utilities | Utilidades de seguridad cargadas en BaseUtilities
2025-08-21 12:14:02 | INFO     | rexus.modules.inventario.submodules.base_utilities | Utilidades de seguridad cargadas en BaseUtilities
2025-08-21 12:14:02 | INFO     | rexus.modules.inventario.submodules.base_utilities | Utilidades de seguridad cargadas en BaseUtilities
2025-08-21 12:14:02 | INFO     | rexus.modules.inventario.submodules.base_utilities | Utilidades de seguridad cargadas en BaseUtilities
2025-08-21 12:14:02 | INFO     | rexus.modules.inventario.submodules.base_utilities | Utilidades de seguridad cargadas en BaseUtilities
2025-08-21 12:14:02 | INFO     | rexus.modules.inventario.submodules.base_utilities | Utilidades de seguridad cargadas en BaseUtilities
2025-08-21 12:14:11 | INFO     | rexus.modules.inventario.submodules.base_utilities | Utilidades de seguridad cargadas en BaseUtilities
2025-08-21 12:14:11 | INFO     | rexus.modules.inventario.submodules.base_utilities | Utilidades de seguridad cargadas en BaseUtilities
2025-08-21 12:14:11 | INFO     | rexus.modules.inventario.submodules.base_utilities | Utilidades de seguridad cargadas en BaseUtilities
2025-08-21 12:14:11 | INFO     | rexus.modules.inventario.submodules.base_utilities | Utilidades de seguridad cargadas en BaseUtilities
2025-08-21 12:14:12 | INFO     | rexus.modules.inventario.submodules.base_utilities | Utilidades de seguridad cargadas en BaseUtilities
2025-08-21 12:14:12 | INFO     | rexus.modules.inventario.submodules.base_utilities | Utilidades de seguridad cargadas en BaseUtilities
2025-08-21 12:14:12 | INFO     | rexus.modules.inventario.submodules.base_utilities | Utilidades de seguridad cargadas en BaseUtilities
2025-08-21 12:14:12 | INFO     | rexus.modules.inventario.submodules.base_utilities | Utilidades de seguridad cargadas en BaseUtilities
2025-08-21 12:14:12 | INFO     | rexus.modules.inventario.submodules.base_utilities | Utilidades de seguridad cargadas en BaseUtilities
2025-08-21 12:14:12 | INFO     | rexus.modules.inventario.submodules.base_utilities | Utilidades de seguridad cargadas en BaseUtilities
2025-08-21 12:14:12 | INFO     | rexus.modules.inventario.submodules.base_utilities | Utilidades de seguridad cargadas en BaseUtilities
2025-08-21 12:14:12 | INFO     | rexus.modules.inventario.submodules.base_utilities | Utilidades de seguridad cargadas en BaseUtilities
2025-08-21 12:14:12 | INFO     | rexus.modules.obras.model | [OBRAS] Conexión automática establecida exitosamente
2025-08-21 12:14:12 | INFO     | rexus.modules.obras.model | [OBRAS] Tabla 'obras' verificada correctamente.
2025-08-21 12:14:12 | INFO     | rexus.modules.obras.model | [OBRAS] Tabla 'detalles_obra' verificada correctamente.
2025-08-21 12:14:12 | INFO     | rexus.modules.pedidos.model | [PEDIDOS] Conexión automática establecida exitosamente
2025-08-21 12:14:12 | INFO     | rexus.modules.pedidos.model | [PEDIDOS] Inicializado en modo completo con conexión BD
2025-08-21 12:14:12 | INFO     | rexus.modules.pedidos.model | [PEDIDOS] Tablas verificadas/creadas exitosamente
2025-08-21 12:14:12 | INFO     | rexus.modules.pedidos.model | [PEDIDOS] Tablas verificadas/creadas exitosamente
2025-08-21 12:14:12 | INFO     | rexus.modules.pedidos.model | [PEDIDOS] Error creando pedido: 'PedidosModel' object has no attribute 'data_sanitizer'
2025-08-21 12:14:12 | INFO     | rexus.modules.pedidos.model | [PEDIDOS] Error creando pedido: 'PedidosModel' object has no attribute 'data_sanitizer'
2025-08-21 12:14:12 | INFO     | rexus.modules.inventario.submodules.base_utilities | Utilidades de seguridad cargadas en BaseUtilities
2025-08-21 12:14:12 | INFO     | rexus.modules.inventario.submodules.base_utilities | Utilidades de seguridad cargadas en BaseUtilities
2025-08-21 12:14:12 | INFO     | rexus.modules.inventario.submodules.base_utilities | Utilidades de seguridad cargadas en BaseUtilities
2025-08-21 12:14:12 | INFO     | rexus.modules.inventario.submodules.base_utilities | Utilidades de seguridad cargadas en BaseUtilities
2025-08-21 12:14:12 | ERROR    | rexus.modules.pedidos.model | Error actualizando estado de pedido: 'SQLQueryManager' object has no attribute 'ejecutar_consulta_archivo'
2025-08-21 12:14:12 | ERROR    | rexus.modules.pedidos.model | Error actualizando estado de pedido: 'SQLQueryManager' object has no attribute 'ejecutar_consulta_archivo'
2025-08-21 12:14:12 | INFO     | rexus.modules.inventario.submodules.base_utilities | Utilidades de seguridad cargadas en BaseUtilities
2025-08-21 12:14:12 | INFO     | rexus.modules.inventario.submodules.base_utilities | Utilidades de seguridad cargadas en BaseUtilities
2025-08-21 12:14:12 | INFO     | rexus.modules.inventario.submodules.base_utilities | Utilidades de seguridad cargadas en BaseUtilities
2025-08-21 12:14:12 | INFO     | rexus.modules.inventario.submodules.base_utilities | Utilidades de seguridad cargadas en BaseUtilities
2025-08-21 12:14:13 | INFO     | rexus.modules.inventario.submodules.base_utilities | Utilidades de seguridad cargadas en BaseUtilities
2025-08-21 12:14:13 | INFO     | rexus.modules.inventario.submodules.base_utilities | Utilidades de seguridad cargadas en BaseUtilities
2025-08-21 12:14:13 | INFO     | rexus.modules.inventario.submodules.base_utilities | Utilidades de seguridad cargadas en BaseUtilities
2025-08-21 12:14:13 | INFO     | rexus.modules.inventario.submodules.base_utilities | Utilidades de seguridad cargadas en BaseUtilities
2025-08-21 12:14:13 | INFO     | rexus.modules.inventario.submodules.base_utilities | Utilidades de seguridad cargadas en BaseUtilities
2025-08-21 12:14:13 | INFO     | rexus.modules.inventario.submodules.base_utilities | Utilidades de seguridad cargadas en BaseUtilities
2025-08-21 12:14:13 | INFO     | rexus.modules.inventario.submodules.base_utilities | Utilidades de seguridad cargadas en BaseUtilities
2025-08-21 12:14:13 | INFO     | rexus.modules.inventario.submodules.base_utilities | Utilidades de seguridad cargadas en BaseUtilities
2025-08-21 12:14:13 | INFO     | rexus.modules.inventario.submodules.base_utilities | Utilidades de seguridad cargadas en BaseUtilities
2025-08-21 12:14:13 | INFO     | rexus.modules.inventario.submodules.base_utilities | Utilidades de seguridad cargadas en BaseUtilities
2025-08-21 12:14:13 | INFO     | rexus.modules.inventario.submodules.base_utilities | Utilidades de seguridad cargadas en BaseUtilities
2025-08-21 12:14:13 | INFO     | rexus.modules.inventario.submodules.base_utilities | Utilidades de seguridad cargadas en BaseUtilities
2025-08-21 12:14:13 | INFO     | rexus.modules.inventario.submodules.base_utilities | Utilidades de seguridad cargadas en BaseUtilities
2025-08-21 12:14:13 | INFO     | rexus.modules.inventario.submodules.base_utilities | Utilidades de seguridad cargadas en BaseUtilities
2025-08-21 12:14:13 | INFO     | rexus.modules.inventario.submodules.base_utilities | Utilidades de seguridad cargadas en BaseUtilities
2025-08-21 12:14:13 | INFO     | rexus.modules.inventario.submodules.base_utilities | Utilidades de seguridad cargadas en BaseUtilities
2025-08-21 12:14:13 | INFO     | rexus.modules.inventario.submodules.base_utilities | Utilidades de seguridad cargadas en BaseUtilities
2025-08-21 12:14:13 | INFO     | rexus.modules.inventario.submodules.base_utilities | Utilidades de seguridad cargadas en BaseUtilities
2025-08-21 12:14:13 | INFO     | rexus.modules.inventario.submodules.base_utilities | Utilidades de seguridad cargadas en BaseUtilities
2025-08-21 12:14:13 | INFO     | rexus.modules.inventario.submodules.base_utilities | Utilidades de seguridad cargadas en BaseUtilities
2025-08-21 13:23:55 | INFO     | rexus.modules.pedidos.model | [PEDIDOS] Inicializado en modo completo con conexión BD
2025-08-21 13:24:49 | INFO     | rexus.modules.mantenimiento.controller | Verificación completada: 0 vencidos, 0 próximos
2025-08-21 13:24:49 | INFO     | rexus.modules.mantenimiento.controller | Datos iniciales de mantenimiento cargados exitosamente
2025-08-21 13:24:49 | INFO     | rexus.modules.mantenimiento.controller | Verificación completada: 0 vencidos, 0 próximos
2025-08-21 13:24:49 | INFO     | rexus.modules.mantenimiento.controller | Datos iniciales de mantenimiento cargados exitosamente
2025-08-21 13:24:51 | INFO     | rexus.modules.auditoria.model | OK [AUDITORIA] Sistema unificado de sanitización cargado
2025-08-21 13:24:51 | ERROR    | rexus.modules.auditoria.model | [ERROR AUDITORÍA] Conexión a base de datos no disponible
2025-08-21 13:24:51 | ERROR    | rexus.modules.auditoria.model | [ERROR AUDITORÍA] Sin conexión a BD para obtener registros
2025-08-21 13:24:51 | ERROR    | rexus.modules.auditoria.model | [ERROR AUDITORÍA] Sin conexión a BD para obtener estadísticas
2025-08-21 13:25:05 | INFO     | rexus.modules.auditoria.model | OK [AUDITORIA] Sistema unificado de sanitización cargado
2025-08-21 13:25:05 | ERROR    | rexus.modules.auditoria.model | [ERROR AUDITORÍA] Conexión a base de datos no disponible
2025-08-21 13:25:05 | ERROR    | rexus.modules.auditoria.model | [ERROR AUDITORÍA] Sin conexión a BD para obtener registros
2025-08-21 13:25:05 | ERROR    | rexus.modules.auditoria.model | [ERROR AUDITORÍA] Sin conexión a BD para obtener estadísticas
2025-08-21 16:51:27 | INFO     | rexus.modules.inventario.submodules.base_utilities | Utilidades de seguridad cargadas en BaseUtilities
2025-08-21 16:51:27 | INFO     | rexus.modules.inventario.submodules.base_utilities | Utilidades de seguridad cargadas en BaseUtilities
2025-08-21 16:51:27 | INFO     | rexus.modules.inventario.submodules.base_utilities | Utilidades de seguridad cargadas en BaseUtilities
2025-08-21 16:51:27 | INFO     | rexus.modules.inventario.submodules.base_utilities | Utilidades de seguridad cargadas en BaseUtilities
2025-08-21 16:51:35 | INFO     | rexus.modules.pedidos.model | [PEDIDOS] Inicializado en modo completo con conexión BD
2025-08-21 16:51:45 | INFO     | rexus.modules.mantenimiento.controller | Verificación completada: 0 vencidos, 0 próximos
2025-08-21 16:51:46 | INFO     | rexus.modules.mantenimiento.controller | Datos iniciales de mantenimiento cargados exitosamente
2025-08-21 16:51:46 | INFO     | rexus.modules.mantenimiento.controller | Verificación completada: 0 vencidos, 0 próximos
2025-08-21 16:51:46 | INFO     | rexus.modules.mantenimiento.controller | Datos iniciales de mantenimiento cargados exitosamente
2025-08-21 16:51:49 | INFO     | rexus.modules.auditoria.model | OK [AUDITORIA] Sistema unificado de sanitización cargado
2025-08-21 16:51:49 | ERROR    | rexus.modules.auditoria.model | [ERROR AUDITORÍA] Conexión a base de datos no disponible
2025-08-21 16:51:49 | ERROR    | rexus.modules.auditoria.model | [ERROR AUDITORÍA] Sin conexión a BD para obtener registros
2025-08-21 16:51:49 | ERROR    | rexus.modules.auditoria.model | [ERROR AUDITORÍA] Sin conexión a BD para obtener estadísticas
2025-08-21 16:51:56 | INFO     | rexus.modules.auditoria.model | OK [AUDITORIA] Sistema unificado de sanitización cargado
2025-08-21 16:51:56 | ERROR    | rexus.modules.auditoria.model | [ERROR AUDITORÍA] Conexión a base de datos no disponible
2025-08-21 16:51:56 | ERROR    | rexus.modules.auditoria.model | [ERROR AUDITORÍA] Sin conexión a BD para obtener registros
2025-08-21 16:51:56 | ERROR    | rexus.modules.auditoria.model | [ERROR AUDITORÍA] Sin conexión a BD para obtener estadísticas
2025-08-21 16:51:58 | INFO     | rexus.modules.mantenimiento.controller | Verificación completada: 0 vencidos, 0 próximos
2025-08-21 16:51:58 | INFO     | rexus.modules.mantenimiento.controller | Datos iniciales de mantenimiento cargados exitosamente
2025-08-21 16:51:58 | INFO     | rexus.modules.mantenimiento.controller | Verificación completada: 0 vencidos, 0 próximos
2025-08-21 16:51:58 | INFO     | rexus.modules.mantenimiento.controller | Datos iniciales de mantenimiento cargados exitosamente
2025-08-21 18:00:35 | INFO     | rexus.modules.pedidos.model | [PEDIDOS] Conexión automática establecida exitosamente
2025-08-21 18:00:35 | INFO     | rexus.modules.pedidos.model | [PEDIDOS] Inicializado en modo completo con conexión BD
2025-08-21 18:05:04 | [32mINFO[0m | rexus.modules.notificaciones.view | Sistema de logging inicializado
2025-08-22 12:20:48 | INFO     | rexus.modules.inventario.submodules.base_utilities | Utilidades de seguridad cargadas en BaseUtilities
2025-08-22 12:20:48 | INFO     | rexus.modules.inventario.submodules.base_utilities | Utilidades de seguridad cargadas en BaseUtilities
2025-08-22 12:20:48 | INFO     | rexus.modules.inventario.submodules.base_utilities | Utilidades de seguridad cargadas en BaseUtilities
2025-08-22 12:20:48 | INFO     | rexus.modules.inventario.submodules.base_utilities | Utilidades de seguridad cargadas en BaseUtilities
2025-08-22 12:20:55 | INFO     | rexus.modules.inventario.submodules.base_utilities | Utilidades de seguridad cargadas en BaseUtilities
2025-08-22 12:20:55 | INFO     | rexus.modules.inventario.submodules.base_utilities | Utilidades de seguridad cargadas en BaseUtilities
2025-08-22 12:20:55 | INFO     | rexus.modules.inventario.submodules.base_utilities | Utilidades de seguridad cargadas en BaseUtilities
2025-08-22 12:20:55 | INFO     | rexus.modules.inventario.submodules.base_utilities | Utilidades de seguridad cargadas en BaseUtilities
2025-08-22 12:30:11 | INFO     | rexus.modules.inventario.submodules.base_utilities | Utilidades de seguridad cargadas en BaseUtilities
2025-08-22 12:30:11 | INFO     | rexus.modules.inventario.submodules.base_utilities | Utilidades de seguridad cargadas en BaseUtilities
2025-08-22 12:30:11 | INFO     | rexus.modules.inventario.submodules.base_utilities | Utilidades de seguridad cargadas en BaseUtilities
2025-08-22 12:30:11 | INFO     | rexus.modules.inventario.submodules.base_utilities | Utilidades de seguridad cargadas en BaseUtilities
2025-08-22 12:30:23 | INFO     | rexus.modules.inventario.submodules.base_utilities | Utilidades de seguridad cargadas en BaseUtilities
2025-08-22 12:30:23 | INFO     | rexus.modules.inventario.submodules.base_utilities | Utilidades de seguridad cargadas en BaseUtilities
2025-08-22 12:30:23 | INFO     | rexus.modules.inventario.submodules.base_utilities | Utilidades de seguridad cargadas en BaseUtilities
2025-08-22 12:30:23 | INFO     | rexus.modules.inventario.submodules.base_utilities | Utilidades de seguridad cargadas en BaseUtilities
2025-08-22 12:30:33 | INFO     | rexus.modules.pedidos.model | [PEDIDOS] Inicializado en modo completo con conexión BD
2025-08-22 12:30:33 | INFO     | rexus.modules.pedidos.model | [PEDIDOS] Tablas verificadas/creadas exitosamente
2025-08-22 12:30:33 | INFO     | rexus.modules.pedidos.model | [PEDIDOS] Tablas verificadas/creadas exitosamente
2025-08-22 12:30:38 | INFO     | rexus.modules.mantenimiento.controller | Verificación completada: 0 vencidos, 0 próximos
2025-08-22 12:30:38 | INFO     | rexus.modules.mantenimiento.controller | Datos iniciales de mantenimiento cargados exitosamente
2025-08-22 12:30:38 | INFO     | rexus.modules.mantenimiento.controller | Verificación completada: 0 vencidos, 0 próximos
2025-08-22 12:30:38 | INFO     | rexus.modules.mantenimiento.controller | Datos iniciales de mantenimiento cargados exitosamente
2025-08-22 12:30:40 | INFO     | rexus.modules.auditoria.model | OK [AUDITORIA] Sistema unificado de sanitización cargado
2025-08-22 12:30:40 | ERROR    | rexus.modules.auditoria.model | [ERROR AUDITORÍA] Conexión a base de datos no disponible
2025-08-22 12:30:40 | ERROR    | rexus.modules.auditoria.model | [ERROR AUDITORÍA] Sin conexión a BD para obtener registros
2025-08-22 12:30:40 | ERROR    | rexus.modules.auditoria.model | [ERROR AUDITORÍA] Sin conexión a BD para obtener estadísticas
2025-08-22 12:40:09 | INFO     | rexus.modules.obras.model | [OBRAS] Tabla 'obras' verificada correctamente.
2025-08-22 12:40:09 | INFO     | rexus.modules.obras.model | [OBRAS] Tabla 'detalles_obra' verificada correctamente.
2025-08-22 12:40:11 | INFO     | rexus.modules.obras.model | [ERROR OBRAS] Error obteniendo todas las obras: ('42000', "[42000] [Microsoft][ODBC Driver 17 for SQL Server][SQL Server]Incorrect syntax near 'LIMIT'. (102) (SQLExecDirectW); [42000] [Microsoft][ODBC Driver 17 for SQL Server][SQL Server]Statement(s) could not be prepared. (8180)")
2025-08-22 12:40:13 | INFO     | rexus.modules.obras.model | [ERROR OBRAS] Error obteniendo estadísticas: ('42000', "[42000] [Microsoft][ODBC Driver 17 for SQL Server][SQL Server]Incorrect syntax near ':'. (102) (SQLExecDirectW)")
2025-08-22 13:03:11 | INFO     | rexus.modules.obras.model | [OBRAS] Tabla 'obras' verificada correctamente.
2025-08-22 13:03:11 | INFO     | rexus.modules.obras.model | [OBRAS] Tabla 'detalles_obra' verificada correctamente.
2025-08-22 13:03:12 | INFO     | rexus.modules.obras.model | [ERROR OBRAS] Error obteniendo todas las obras: ('42000', "[42000] [Microsoft][ODBC Driver 17 for SQL Server][SQL Server]Incorrect syntax near 'LIMIT'. (102) (SQLExecDirectW); [42000] [Microsoft][ODBC Driver 17 for SQL Server][SQL Server]Statement(s) could not be prepared. (8180)")
2025-08-22 13:03:13 | INFO     | rexus.modules.obras.model | [ERROR OBRAS] Error obteniendo estadísticas: ('42000', "[42000] [Microsoft][ODBC Driver 17 for SQL Server][SQL Server]Incorrect syntax near ':'. (102) (SQLExecDirectW)")
2025-08-22 13:03:15 | INFO     | rexus.modules.inventario.submodules.base_utilities | Utilidades de seguridad cargadas en BaseUtilities
2025-08-22 13:03:15 | INFO     | rexus.modules.inventario.submodules.base_utilities | Utilidades de seguridad cargadas en BaseUtilities
2025-08-22 13:03:15 | INFO     | rexus.modules.inventario.submodules.base_utilities | Utilidades de seguridad cargadas en BaseUtilities
2025-08-22 13:03:15 | INFO     | rexus.modules.inventario.submodules.base_utilities | Utilidades de seguridad cargadas en BaseUtilities
2025-08-22 13:03:16 | INFO     | rexus.modules.obras.model | [OBRAS] Tabla 'obras' verificada correctamente.
2025-08-22 13:03:16 | INFO     | rexus.modules.obras.model | [OBRAS] Tabla 'detalles_obra' verificada correctamente.
2025-08-22 13:05:57 | INFO     | rexus.modules.pedidos.model | [PEDIDOS] Inicializado en modo completo con conexión BD
2025-08-22 13:05:57 | INFO     | rexus.modules.pedidos.model | [PEDIDOS] Tablas verificadas/creadas exitosamente
2025-08-22 13:05:57 | INFO     | rexus.modules.pedidos.model | [PEDIDOS] Tablas verificadas/creadas exitosamente
2025-08-22 13:06:04 | INFO     | rexus.modules.mantenimiento.controller | Verificación completada: 0 vencidos, 0 próximos
2025-08-22 13:06:05 | INFO     | rexus.modules.mantenimiento.controller | Datos iniciales de mantenimiento cargados exitosamente
2025-08-22 13:06:05 | INFO     | rexus.modules.mantenimiento.controller | Verificación completada: 0 vencidos, 0 próximos
2025-08-22 13:06:05 | INFO     | rexus.modules.mantenimiento.controller | Datos iniciales de mantenimiento cargados exitosamente
2025-08-22 13:06:05 | INFO     | rexus.modules.auditoria.model | OK [AUDITORIA] Sistema unificado de sanitización cargado
2025-08-22 13:06:05 | ERROR    | rexus.modules.auditoria.model | [ERROR AUDITORÍA] Conexión a base de datos no disponible
2025-08-22 13:06:05 | ERROR    | rexus.modules.auditoria.model | [ERROR AUDITORÍA] Sin conexión a BD para obtener registros
2025-08-22 13:06:05 | ERROR    | rexus.modules.auditoria.model | [ERROR AUDITORÍA] Sin conexión a BD para obtener estadísticas
2025-08-22 13:31:20 | [32mINFO[0m | rexus.modules.notificaciones.view | Sistema de logging inicializado
2025-08-22 13:31:20 | [32mINFO[0m | rexus.modules.notificaciones.view | Vista de notificaciones inicializada
2025-08-22 13:44:23 | INFO     | rexus.modules.pedidos.model | [PEDIDOS] Inicializado en modo completo con conexión BD
2025-08-22 13:44:23 | INFO     | rexus.modules.pedidos.model | [PEDIDOS] Tablas verificadas/creadas exitosamente
2025-08-22 13:44:23 | INFO     | rexus.modules.pedidos.model | [PEDIDOS] Tablas verificadas/creadas exitosamente
2025-08-22 13:44:23 | INFO     | rexus.modules.pedidos.model | [PEDIDOS] Inicializado en modo completo con conexión BD
2025-08-22 13:44:23 | INFO     | rexus.modules.pedidos.model | [PEDIDOS] Tablas verificadas/creadas exitosamente
2025-08-22 13:44:23 | INFO     | rexus.modules.pedidos.model | [PEDIDOS] Tablas verificadas/creadas exitosamente
2025-08-22 13:44:23 | INFO     | rexus.modules.pedidos.model | [PEDIDOS] Inicializado en modo completo con conexión BD
2025-08-22 13:44:23 | INFO     | rexus.modules.pedidos.model | [PEDIDOS] Tablas verificadas/creadas exitosamente
2025-08-22 13:44:23 | INFO     | rexus.modules.pedidos.model | [PEDIDOS] Tablas verificadas/creadas exitosamente
2025-08-22 13:44:23 | INFO     | rexus.modules.pedidos.model | [PEDIDOS] Error creando pedido: 'PedidosModel' object has no attribute 'data_sanitizer'
2025-08-22 13:44:23 | INFO     | rexus.modules.pedidos.model | [PEDIDOS] Inicializado en modo completo con conexión BD
2025-08-22 13:44:23 | INFO     | rexus.modules.pedidos.model | [PEDIDOS] Tablas verificadas/creadas exitosamente
2025-08-22 13:44:23 | INFO     | rexus.modules.pedidos.model | [PEDIDOS] Tablas verificadas/creadas exitosamente
2025-08-22 13:44:24 | INFO     | rexus.modules.pedidos.model | [PEDIDOS] Conexión automática establecida exitosamente
2025-08-22 13:44:24 | INFO     | rexus.modules.pedidos.model | [PEDIDOS] Inicializado en modo completo con conexión BD
2025-08-22 13:44:24 | INFO     | rexus.modules.pedidos.model | [PEDIDOS] Tablas verificadas/creadas exitosamente
2025-08-22 13:44:24 | INFO     | rexus.modules.pedidos.model | [PEDIDOS] Tablas verificadas/creadas exitosamente
2025-08-22 13:44:24 | INFO     | rexus.modules.pedidos.model | [PEDIDOS] Error creando pedido: 'PedidosModel' object has no attribute 'data_sanitizer'
2025-08-22 13:44:24 | INFO     | rexus.modules.pedidos.model | [PEDIDOS] Inicializado en modo completo con conexión BD
2025-08-22 13:44:24 | INFO     | rexus.modules.pedidos.model | [PEDIDOS] Tablas verificadas/creadas exitosamente
2025-08-22 13:44:24 | INFO     | rexus.modules.pedidos.model | [PEDIDOS] Tablas verificadas/creadas exitosamente
2025-08-22 13:44:24 | INFO     | rexus.modules.pedidos.model | [PEDIDOS] Error eliminando pedido: 'Mock' object is not subscriptable
2025-08-22 13:44:24 | INFO     | rexus.modules.pedidos.model | [PEDIDOS] Inicializado en modo completo con conexión BD
2025-08-22 13:44:24 | INFO     | rexus.modules.pedidos.model | [PEDIDOS] Tablas verificadas/creadas exitosamente
2025-08-22 13:44:24 | INFO     | rexus.modules.pedidos.model | [PEDIDOS] Tablas verificadas/creadas exitosamente
2025-08-22 13:44:24 | INFO     | rexus.modules.pedidos.model | [PEDIDOS] Conexión automática establecida exitosamente
2025-08-22 13:44:24 | INFO     | rexus.modules.pedidos.model | [PEDIDOS] Inicializado en modo completo con conexión BD
2025-08-22 13:44:24 | INFO     | rexus.modules.pedidos.model | [PEDIDOS] Tablas verificadas/creadas exitosamente
2025-08-22 13:44:24 | INFO     | rexus.modules.pedidos.model | [PEDIDOS] Tablas verificadas/creadas exitosamente
2025-08-22 13:44:24 | INFO     | rexus.modules.pedidos.model | [PEDIDOS] Inicializado en modo completo con conexión BD
2025-08-22 13:44:24 | INFO     | rexus.modules.pedidos.model | [PEDIDOS] Tablas verificadas/creadas exitosamente
2025-08-22 13:44:24 | INFO     | rexus.modules.pedidos.model | [PEDIDOS] Tablas verificadas/creadas exitosamente
2025-08-22 13:44:24 | INFO     | rexus.modules.pedidos.model | [PEDIDOS] Inicializado en modo completo con conexión BD
2025-08-22 13:44:24 | INFO     | rexus.modules.pedidos.model | [PEDIDOS] Tablas verificadas/creadas exitosamente
2025-08-22 13:44:24 | INFO     | rexus.modules.pedidos.model | [PEDIDOS] Tablas verificadas/creadas exitosamente
2025-08-22 13:44:24 | INFO     | rexus.modules.pedidos.model | [PEDIDOS] Error creando pedido: 'PedidosModel' object has no attribute 'data_sanitizer'
2025-08-22 13:44:24 | INFO     | rexus.modules.pedidos.model | [PEDIDOS] Inicializado en modo completo con conexión BD
2025-08-22 13:44:24 | INFO     | rexus.modules.pedidos.model | [PEDIDOS] Tablas verificadas/creadas exitosamente
2025-08-22 13:44:24 | INFO     | rexus.modules.pedidos.model | [PEDIDOS] Tablas verificadas/creadas exitosamente
2025-08-22 13:44:24 | INFO     | rexus.modules.pedidos.model | [PEDIDOS] Error obteniendo estadísticas: 'Mock' object is not iterable
2025-08-22 13:44:24 | INFO     | rexus.modules.pedidos.model | [PEDIDOS] Inicializado en modo completo con conexión BD
2025-08-22 13:44:24 | INFO     | rexus.modules.pedidos.model | [PEDIDOS] Tablas verificadas/creadas exitosamente
2025-08-22 13:44:24 | INFO     | rexus.modules.pedidos.model | [PEDIDOS] Tablas verificadas/creadas exitosamente
2025-08-22 13:44:24 | INFO     | rexus.modules.pedidos.model | [PEDIDOS] Error obteniendo pedido 1: 'Mock' object is not iterable
2025-08-22 13:44:24 | INFO     | rexus.modules.pedidos.model | [PEDIDOS] Inicializado en modo completo con conexión BD
2025-08-22 13:44:24 | INFO     | rexus.modules.pedidos.model | [PEDIDOS] Tablas verificadas/creadas exitosamente
2025-08-22 13:44:24 | INFO     | rexus.modules.pedidos.model | [PEDIDOS] Tablas verificadas/creadas exitosamente
2025-08-22 13:44:24 | INFO     | rexus.modules.pedidos.model | [PEDIDOS] Inicializado en modo completo con conexión BD
2025-08-22 13:44:24 | INFO     | rexus.modules.pedidos.model | [PEDIDOS] Tablas verificadas/creadas exitosamente
2025-08-22 13:44:24 | INFO     | rexus.modules.pedidos.model | [PEDIDOS] Tablas verificadas/creadas exitosamente
2025-08-22 13:44:24 | INFO     | rexus.modules.pedidos.model | [PEDIDOS] Inicializado en modo completo con conexión BD
2025-08-22 13:44:24 | INFO     | rexus.modules.pedidos.model | [PEDIDOS] Tablas verificadas/creadas exitosamente
2025-08-22 13:44:24 | INFO     | rexus.modules.pedidos.model | [PEDIDOS] Tablas verificadas/creadas exitosamente
2025-08-22 13:44:24 | INFO     | rexus.modules.pedidos.model | [PEDIDOS] Error creando pedido: 'PedidosModel' object has no attribute 'data_sanitizer'
2025-08-22 13:44:24 | INFO     | rexus.modules.pedidos.model | [PEDIDOS] Inicializado en modo completo con conexión BD
2025-08-22 13:44:24 | INFO     | rexus.modules.pedidos.model | [PEDIDOS] Tablas verificadas/creadas exitosamente
2025-08-22 13:44:24 | INFO     | rexus.modules.pedidos.model | [PEDIDOS] Tablas verificadas/creadas exitosamente
2025-08-22 14:09:20 | [32mINFO[0m | rexus.modules.notificaciones.view | Sistema de logging inicializado
2025-08-22 14:12:49 | INFO     | rexus.modules.obras.model | [OBRAS] Conexión automática establecida exitosamente
2025-08-22 14:12:49 | INFO     | rexus.modules.obras.model | [OBRAS] Tabla 'obras' verificada correctamente.
2025-08-22 14:12:49 | INFO     | rexus.modules.obras.model | [OBRAS] Tabla 'detalles_obra' verificada correctamente.
2025-08-22 17:41:53 | INFO     | rexus.modules.obras.model | [OBRAS] Conexión automática establecida exitosamente
2025-08-22 17:41:53 | INFO     | rexus.modules.obras.model | [OBRAS] Tabla 'obras' verificada correctamente.
2025-08-22 17:41:53 | INFO     | rexus.modules.obras.model | [OBRAS] Tabla 'detalles_obra' verificada correctamente.
2025-08-22 17:41:53 | INFO     | rexus.modules.obras.model | [OBRAS] Conexión automática establecida exitosamente
2025-08-22 17:41:53 | INFO     | rexus.modules.obras.model | [OBRAS] Tabla 'obras' verificada correctamente.
2025-08-22 17:41:53 | INFO     | rexus.modules.obras.model | [OBRAS] Tabla 'detalles_obra' verificada correctamente.
2025-08-22 17:41:53 | INFO     | rexus.modules.obras.model | [OBRAS] Conexión automática establecida exitosamente
2025-08-22 17:41:53 | INFO     | rexus.modules.obras.model | [OBRAS] Tabla 'obras' verificada correctamente.
2025-08-22 17:41:53 | INFO     | rexus.modules.obras.model | [OBRAS] Tabla 'detalles_obra' verificada correctamente.
2025-08-22 17:41:53 | INFO     | rexus.modules.obras.model | [OBRAS] Conexión automática establecida exitosamente
2025-08-22 17:41:53 | INFO     | rexus.modules.obras.model | [OBRAS] Tabla 'obras' verificada correctamente.
2025-08-22 17:41:53 | INFO     | rexus.modules.obras.model | [OBRAS] Tabla 'detalles_obra' verificada correctamente.
2025-08-22 17:41:53 | INFO     | rexus.modules.obras.model | [OBRAS] Conexión automática establecida exitosamente
2025-08-22 17:41:53 | INFO     | rexus.modules.obras.model | [OBRAS] Tabla 'obras' verificada correctamente.
2025-08-22 17:41:53 | INFO     | rexus.modules.obras.model | [OBRAS] Tabla 'detalles_obra' verificada correctamente.
2025-08-22 17:41:53 | INFO     | rexus.modules.obras.model | [OBRAS] Conexión automática establecida exitosamente
2025-08-22 17:41:53 | INFO     | rexus.modules.obras.model | [OBRAS] Tabla 'obras' verificada correctamente.
2025-08-22 17:41:53 | INFO     | rexus.modules.obras.model | [OBRAS] Tabla 'detalles_obra' verificada correctamente.
2025-08-22 17:41:53 | INFO     | rexus.modules.obras.model | [OBRAS] Conexión automática establecida exitosamente
2025-08-22 17:41:53 | INFO     | rexus.modules.obras.model | [OBRAS] Tabla 'obras' verificada correctamente.
2025-08-22 17:41:53 | INFO     | rexus.modules.obras.model | [OBRAS] Tabla 'detalles_obra' verificada correctamente.
2025-08-22 17:41:53 | INFO     | rexus.modules.obras.model | [OBRAS] Conexión automática establecida exitosamente
2025-08-22 17:41:53 | INFO     | rexus.modules.obras.model | [OBRAS] Tabla 'obras' verificada correctamente.
2025-08-22 17:41:53 | INFO     | rexus.modules.obras.model | [OBRAS] Tabla 'detalles_obra' verificada correctamente.
2025-08-22 17:41:53 | INFO     | rexus.modules.obras.model | [OBRAS] Conexión automática establecida exitosamente
2025-08-22 17:41:53 | INFO     | rexus.modules.obras.model | [OBRAS] Tabla 'obras' verificada correctamente.
2025-08-22 17:41:53 | INFO     | rexus.modules.obras.model | [OBRAS] Tabla 'detalles_obra' verificada correctamente.
2025-08-22 17:41:53 | INFO     | rexus.modules.obras.model | [OBRAS] Conexión automática establecida exitosamente
2025-08-22 17:41:53 | INFO     | rexus.modules.obras.model | [OBRAS] Tabla 'obras' verificada correctamente.
2025-08-22 17:41:53 | INFO     | rexus.modules.obras.model | [OBRAS] Tabla 'detalles_obra' verificada correctamente.
2025-08-22 17:41:53 | INFO     | rexus.modules.obras.model | [OBRAS] Conexión automática establecida exitosamente
2025-08-22 17:41:53 | INFO     | rexus.modules.obras.model | [OBRAS] Tabla 'obras' verificada correctamente.
2025-08-22 17:41:53 | INFO     | rexus.modules.obras.model | [OBRAS] Tabla 'detalles_obra' verificada correctamente.
2025-08-22 17:41:53 | INFO     | rexus.modules.obras.model | [OBRAS] Conexión automática establecida exitosamente
2025-08-22 17:41:53 | INFO     | rexus.modules.obras.model | [OBRAS] Tabla 'obras' verificada correctamente.
2025-08-22 17:41:53 | INFO     | rexus.modules.obras.model | [OBRAS] Tabla 'detalles_obra' verificada correctamente.
2025-08-22 17:41:53 | INFO     | rexus.modules.obras.model | [OBRAS] Conexión automática establecida exitosamente
2025-08-22 17:41:53 | INFO     | rexus.modules.obras.model | [OBRAS] Tabla 'obras' verificada correctamente.
2025-08-22 17:41:53 | INFO     | rexus.modules.obras.model | [OBRAS] Tabla 'detalles_obra' verificada correctamente.
2025-08-22 17:41:53 | INFO     | rexus.modules.obras.model | [OBRAS] Conexión automática establecida exitosamente
2025-08-22 17:41:53 | INFO     | rexus.modules.obras.model | [OBRAS] Tabla 'obras' verificada correctamente.
2025-08-22 17:41:53 | INFO     | rexus.modules.obras.model | [OBRAS] Tabla 'detalles_obra' verificada correctamente.
2025-08-22 17:41:53 | INFO     | rexus.modules.obras.model | [OBRAS] Conexión automática establecida exitosamente
2025-08-22 17:41:53 | INFO     | rexus.modules.obras.model | [OBRAS] Tabla 'obras' verificada correctamente.
2025-08-22 17:41:53 | INFO     | rexus.modules.obras.model | [OBRAS] Tabla 'detalles_obra' verificada correctamente.
2025-08-22 17:41:53 | INFO     | rexus.modules.obras.model | [OBRAS] Conexión automática establecida exitosamente
2025-08-22 17:41:53 | INFO     | rexus.modules.obras.model | [OBRAS] Tabla 'obras' verificada correctamente.
2025-08-22 17:41:53 | INFO     | rexus.modules.obras.model | [OBRAS] Tabla 'detalles_obra' verificada correctamente.
2025-08-22 17:41:53 | INFO     | rexus.modules.obras.model | [OBRAS] Conexión automática establecida exitosamente
2025-08-22 17:41:53 | INFO     | rexus.modules.obras.model | [OBRAS] Tabla 'obras' verificada correctamente.
2025-08-22 17:41:53 | INFO     | rexus.modules.obras.model | [OBRAS] Tabla 'detalles_obra' verificada correctamente.
2025-08-22 17:42:04 | INFO     | rexus.modules.obras.model | [OBRAS] Conexión automática establecida exitosamente
2025-08-22 17:42:04 | INFO     | rexus.modules.obras.model | [OBRAS] Tabla 'obras' verificada correctamente.
2025-08-22 17:42:04 | INFO     | rexus.modules.obras.model | [OBRAS] Tabla 'detalles_obra' verificada correctamente.
2025-08-22 17:42:49 | INFO     | rexus.modules.obras.model | [OBRAS] Conexión automática establecida exitosamente
2025-08-22 17:42:49 | INFO     | rexus.modules.obras.model | [OBRAS] Tabla 'obras' verificada correctamente.
2025-08-22 17:42:49 | INFO     | rexus.modules.obras.model | [OBRAS] Tabla 'detalles_obra' verificada correctamente.
2025-08-22 17:43:22 | INFO     | rexus.modules.obras.model | [OBRAS] Conexión automática establecida exitosamente
2025-08-22 17:43:22 | INFO     | rexus.modules.obras.model | [OBRAS] Tabla 'obras' verificada correctamente.
2025-08-22 17:43:22 | INFO     | rexus.modules.obras.model | [OBRAS] Tabla 'detalles_obra' verificada correctamente.
2025-08-22 17:53:11 | INFO     | rexus.modules.obras.model | [OBRAS] Conexión automática establecida exitosamente
2025-08-22 17:53:11 | INFO     | rexus.modules.obras.model | [OBRAS] Tabla 'obras' verificada correctamente.
2025-08-22 17:53:11 | INFO     | rexus.modules.obras.model | [OBRAS] Tabla 'detalles_obra' verificada correctamente.
2025-08-22 17:53:11 | INFO     | rexus.modules.obras.model | [OBRAS] Conexión automática establecida exitosamente
2025-08-22 17:53:11 | INFO     | rexus.modules.obras.model | [OBRAS] Tabla 'obras' verificada correctamente.
2025-08-22 17:53:11 | INFO     | rexus.modules.obras.model | [OBRAS] Tabla 'detalles_obra' verificada correctamente.
2025-08-22 17:53:11 | INFO     | rexus.modules.obras.model | [OBRAS] Conexión automática establecida exitosamente
2025-08-22 17:53:11 | INFO     | rexus.modules.obras.model | [OBRAS] Tabla 'obras' verificada correctamente.
2025-08-22 17:53:11 | INFO     | rexus.modules.obras.model | [OBRAS] Tabla 'detalles_obra' verificada correctamente.
2025-08-22 17:53:11 | INFO     | rexus.modules.obras.model | [OBRAS] Conexión automática establecida exitosamente
2025-08-22 17:53:11 | INFO     | rexus.modules.obras.model | [OBRAS] Tabla 'obras' verificada correctamente.
2025-08-22 17:53:11 | INFO     | rexus.modules.obras.model | [OBRAS] Tabla 'detalles_obra' verificada correctamente.
2025-08-22 17:53:11 | INFO     | rexus.modules.obras.model | [OBRAS] Conexión automática establecida exitosamente
2025-08-22 17:53:11 | INFO     | rexus.modules.obras.model | [OBRAS] Tabla 'obras' verificada correctamente.
2025-08-22 17:53:11 | INFO     | rexus.modules.obras.model | [OBRAS] Tabla 'detalles_obra' verificada correctamente.
2025-08-22 17:53:11 | INFO     | rexus.modules.obras.model | [OBRAS] Conexión automática establecida exitosamente
2025-08-22 17:53:11 | INFO     | rexus.modules.obras.model | [OBRAS] Tabla 'obras' verificada correctamente.
2025-08-22 17:53:11 | INFO     | rexus.modules.obras.model | [OBRAS] Tabla 'detalles_obra' verificada correctamente.
2025-08-22 17:53:11 | INFO     | rexus.modules.obras.model | [OBRAS] Conexión automática establecida exitosamente
2025-08-22 17:53:11 | INFO     | rexus.modules.obras.model | [OBRAS] Tabla 'obras' verificada correctamente.
2025-08-22 17:53:11 | INFO     | rexus.modules.obras.model | [OBRAS] Tabla 'detalles_obra' verificada correctamente.
2025-08-22 17:53:11 | INFO     | rexus.modules.obras.model | [OBRAS] Conexión automática establecida exitosamente
2025-08-22 17:53:11 | INFO     | rexus.modules.obras.model | [OBRAS] Tabla 'obras' verificada correctamente.
2025-08-22 17:53:11 | INFO     | rexus.modules.obras.model | [OBRAS] Tabla 'detalles_obra' verificada correctamente.
2025-08-22 17:53:11 | INFO     | rexus.modules.obras.model | [OBRAS] Conexión automática establecida exitosamente
2025-08-22 17:53:11 | INFO     | rexus.modules.obras.model | [OBRAS] Tabla 'obras' verificada correctamente.
2025-08-22 17:53:11 | INFO     | rexus.modules.obras.model | [OBRAS] Tabla 'detalles_obra' verificada correctamente.
2025-08-22 17:53:11 | INFO     | rexus.modules.obras.model | [OBRAS] Conexión automática establecida exitosamente
2025-08-22 17:53:11 | INFO     | rexus.modules.obras.model | [OBRAS] Tabla 'obras' verificada correctamente.
2025-08-22 17:53:11 | INFO     | rexus.modules.obras.model | [OBRAS] Tabla 'detalles_obra' verificada correctamente.
2025-08-22 17:53:11 | INFO     | rexus.modules.obras.model | [OBRAS] Conexión automática establecida exitosamente
2025-08-22 17:53:11 | INFO     | rexus.modules.obras.model | [OBRAS] Tabla 'obras' verificada correctamente.
2025-08-22 17:53:11 | INFO     | rexus.modules.obras.model | [OBRAS] Tabla 'detalles_obra' verificada correctamente.
2025-08-22 17:53:11 | INFO     | rexus.modules.obras.model | [OBRAS] Conexión automática establecida exitosamente
2025-08-22 17:53:11 | INFO     | rexus.modules.obras.model | [OBRAS] Tabla 'obras' verificada correctamente.
2025-08-22 17:53:11 | INFO     | rexus.modules.obras.model | [OBRAS] Tabla 'detalles_obra' verificada correctamente.
2025-08-22 17:53:11 | INFO     | rexus.modules.obras.model | [OBRAS] Conexión automática establecida exitosamente
2025-08-22 17:53:11 | INFO     | rexus.modules.obras.model | [OBRAS] Tabla 'obras' verificada correctamente.
2025-08-22 17:53:11 | INFO     | rexus.modules.obras.model | [OBRAS] Tabla 'detalles_obra' verificada correctamente.
2025-08-22 17:53:11 | INFO     | rexus.modules.obras.model | [OBRAS] Conexión automática establecida exitosamente
2025-08-22 17:53:11 | INFO     | rexus.modules.obras.model | [OBRAS] Tabla 'obras' verificada correctamente.
2025-08-22 17:53:11 | INFO     | rexus.modules.obras.model | [OBRAS] Tabla 'detalles_obra' verificada correctamente.
2025-08-22 17:53:11 | INFO     | rexus.modules.obras.model | [OBRAS] Conexión automática establecida exitosamente
2025-08-22 17:53:11 | INFO     | rexus.modules.obras.model | [OBRAS] Tabla 'obras' verificada correctamente.
2025-08-22 17:53:11 | INFO     | rexus.modules.obras.model | [OBRAS] Tabla 'detalles_obra' verificada correctamente.
2025-08-22 17:53:11 | INFO     | rexus.modules.obras.model | [OBRAS] Conexión automática establecida exitosamente
2025-08-22 17:53:11 | INFO     | rexus.modules.obras.model | [OBRAS] Tabla 'obras' verificada correctamente.
2025-08-22 17:53:11 | INFO     | rexus.modules.obras.model | [OBRAS] Tabla 'detalles_obra' verificada correctamente.
2025-08-22 17:53:11 | INFO     | rexus.modules.obras.model | [OBRAS] Conexión automática establecida exitosamente
2025-08-22 17:53:11 | INFO     | rexus.modules.obras.model | [OBRAS] Tabla 'obras' verificada correctamente.
2025-08-22 17:53:11 | INFO     | rexus.modules.obras.model | [OBRAS] Tabla 'detalles_obra' verificada correctamente.
2025-08-22 17:57:43 | INFO     | rexus.modules.obras.model | [OBRAS] Conexión automática establecida exitosamente
2025-08-22 17:57:43 | INFO     | rexus.modules.obras.model | [OBRAS] Tabla 'obras' verificada correctamente.
2025-08-22 17:57:43 | INFO     | rexus.modules.obras.model | [OBRAS] Tabla 'detalles_obra' verificada correctamente.
2025-08-22 17:57:43 | INFO     | rexus.modules.obras.model | [OBRAS] Conexión automática establecida exitosamente
2025-08-22 17:57:43 | INFO     | rexus.modules.obras.model | [OBRAS] Tabla 'obras' verificada correctamente.
2025-08-22 17:57:43 | INFO     | rexus.modules.obras.model | [OBRAS] Tabla 'detalles_obra' verificada correctamente.
2025-08-22 17:57:43 | INFO     | rexus.modules.obras.model | [OBRAS] Conexión automática establecida exitosamente
2025-08-22 17:57:43 | INFO     | rexus.modules.obras.model | [OBRAS] Tabla 'obras' verificada correctamente.
2025-08-22 17:57:43 | INFO     | rexus.modules.obras.model | [OBRAS] Tabla 'detalles_obra' verificada correctamente.
2025-08-22 17:57:43 | INFO     | rexus.modules.obras.model | [OBRAS] Conexión automática establecida exitosamente
2025-08-22 17:57:43 | INFO     | rexus.modules.obras.model | [OBRAS] Tabla 'obras' verificada correctamente.
2025-08-22 17:57:43 | INFO     | rexus.modules.obras.model | [OBRAS] Tabla 'detalles_obra' verificada correctamente.
2025-08-22 17:57:43 | INFO     | rexus.modules.obras.model | [OBRAS] Conexión automática establecida exitosamente
2025-08-22 17:57:43 | INFO     | rexus.modules.obras.model | [OBRAS] Tabla 'obras' verificada correctamente.
2025-08-22 17:57:43 | INFO     | rexus.modules.obras.model | [OBRAS] Tabla 'detalles_obra' verificada correctamente.
2025-08-22 17:57:43 | INFO     | rexus.modules.obras.model | [OBRAS] Conexión automática establecida exitosamente
2025-08-22 17:57:43 | INFO     | rexus.modules.obras.model | [OBRAS] Tabla 'obras' verificada correctamente.
2025-08-22 17:57:43 | INFO     | rexus.modules.obras.model | [OBRAS] Tabla 'detalles_obra' verificada correctamente.
2025-08-22 17:57:43 | INFO     | rexus.modules.obras.model | [OBRAS] Conexión automática establecida exitosamente
2025-08-22 17:57:43 | INFO     | rexus.modules.obras.model | [OBRAS] Tabla 'obras' verificada correctamente.
2025-08-22 17:57:43 | INFO     | rexus.modules.obras.model | [OBRAS] Tabla 'detalles_obra' verificada correctamente.
2025-08-22 17:57:43 | INFO     | rexus.modules.obras.model | [OBRAS] Conexión automática establecida exitosamente
2025-08-22 17:57:43 | INFO     | rexus.modules.obras.model | [OBRAS] Tabla 'obras' verificada correctamente.
2025-08-22 17:57:43 | INFO     | rexus.modules.obras.model | [OBRAS] Tabla 'detalles_obra' verificada correctamente.
2025-08-22 17:57:43 | INFO     | rexus.modules.obras.model | [OBRAS] Conexión automática establecida exitosamente
2025-08-22 17:57:43 | INFO     | rexus.modules.obras.model | [OBRAS] Tabla 'obras' verificada correctamente.
2025-08-22 17:57:43 | INFO     | rexus.modules.obras.model | [OBRAS] Tabla 'detalles_obra' verificada correctamente.
2025-08-22 17:57:43 | INFO     | rexus.modules.obras.model | [OBRAS] Conexión automática establecida exitosamente
2025-08-22 17:57:43 | INFO     | rexus.modules.obras.model | [OBRAS] Tabla 'obras' verificada correctamente.
2025-08-22 17:57:43 | INFO     | rexus.modules.obras.model | [OBRAS] Tabla 'detalles_obra' verificada correctamente.
2025-08-22 17:57:43 | INFO     | rexus.modules.obras.model | [OBRAS] Conexión automática establecida exitosamente
2025-08-22 17:57:43 | INFO     | rexus.modules.obras.model | [OBRAS] Tabla 'obras' verificada correctamente.
2025-08-22 17:57:43 | INFO     | rexus.modules.obras.model | [OBRAS] Tabla 'detalles_obra' verificada correctamente.
2025-08-22 17:57:43 | INFO     | rexus.modules.obras.model | [OBRAS] Conexión automática establecida exitosamente
2025-08-22 17:57:43 | INFO     | rexus.modules.obras.model | [OBRAS] Tabla 'obras' verificada correctamente.
2025-08-22 17:57:43 | INFO     | rexus.modules.obras.model | [OBRAS] Tabla 'detalles_obra' verificada correctamente.
2025-08-22 17:57:44 | INFO     | rexus.modules.obras.model | [OBRAS] Conexión automática establecida exitosamente
2025-08-22 17:57:44 | INFO     | rexus.modules.obras.model | [OBRAS] Tabla 'obras' verificada correctamente.
2025-08-22 17:57:44 | INFO     | rexus.modules.obras.model | [OBRAS] Tabla 'detalles_obra' verificada correctamente.
2025-08-22 17:57:44 | INFO     | rexus.modules.obras.model | [OBRAS] Conexión automática establecida exitosamente
2025-08-22 17:57:44 | INFO     | rexus.modules.obras.model | [OBRAS] Tabla 'obras' verificada correctamente.
2025-08-22 17:57:44 | INFO     | rexus.modules.obras.model | [OBRAS] Tabla 'detalles_obra' verificada correctamente.
2025-08-22 17:57:44 | INFO     | rexus.modules.obras.model | [OBRAS] Conexión automática establecida exitosamente
2025-08-22 17:57:44 | INFO     | rexus.modules.obras.model | [OBRAS] Tabla 'obras' verificada correctamente.
2025-08-22 17:57:44 | INFO     | rexus.modules.obras.model | [OBRAS] Tabla 'detalles_obra' verificada correctamente.
2025-08-22 17:57:44 | INFO     | rexus.modules.obras.model | [OBRAS] Conexión automática establecida exitosamente
2025-08-22 17:57:44 | INFO     | rexus.modules.obras.model | [OBRAS] Tabla 'obras' verificada correctamente.
2025-08-22 17:57:44 | INFO     | rexus.modules.obras.model | [OBRAS] Tabla 'detalles_obra' verificada correctamente.
2025-08-22 17:57:44 | INFO     | rexus.modules.obras.model | [OBRAS] Conexión automática establecida exitosamente
2025-08-22 17:57:44 | INFO     | rexus.modules.obras.model | [OBRAS] Tabla 'obras' verificada correctamente.
2025-08-22 17:57:44 | INFO     | rexus.modules.obras.model | [OBRAS] Tabla 'detalles_obra' verificada correctamente.
2025-08-22 17:58:43 | INFO     | rexus.modules.obras.model | [OBRAS] Conexión automática establecida exitosamente
2025-08-22 17:58:43 | INFO     | rexus.modules.obras.model | [OBRAS] Tabla 'obras' verificada correctamente.
2025-08-22 17:58:43 | INFO     | rexus.modules.obras.model | [OBRAS] Tabla 'detalles_obra' verificada correctamente.
2025-08-22 17:58:43 | INFO     | rexus.modules.obras.model | [OBRAS] Conexión automática establecida exitosamente
2025-08-22 17:58:43 | INFO     | rexus.modules.obras.model | [OBRAS] Tabla 'obras' verificada correctamente.
2025-08-22 17:58:43 | INFO     | rexus.modules.obras.model | [OBRAS] Tabla 'detalles_obra' verificada correctamente.
2025-08-22 17:58:43 | INFO     | rexus.modules.obras.model | [OBRAS] Conexión automática establecida exitosamente
2025-08-22 17:58:43 | INFO     | rexus.modules.obras.model | [OBRAS] Tabla 'obras' verificada correctamente.
2025-08-22 17:58:43 | INFO     | rexus.modules.obras.model | [OBRAS] Tabla 'detalles_obra' verificada correctamente.
2025-08-22 17:58:43 | INFO     | rexus.modules.obras.model | [OBRAS] Conexión automática establecida exitosamente
2025-08-22 17:58:43 | INFO     | rexus.modules.obras.model | [OBRAS] Tabla 'obras' verificada correctamente.
2025-08-22 17:58:43 | INFO     | rexus.modules.obras.model | [OBRAS] Tabla 'detalles_obra' verificada correctamente.
2025-08-22 17:58:43 | INFO     | rexus.modules.obras.model | [OBRAS] Conexión automática establecida exitosamente
2025-08-22 17:58:43 | INFO     | rexus.modules.obras.model | [OBRAS] Tabla 'obras' verificada correctamente.
2025-08-22 17:58:43 | INFO     | rexus.modules.obras.model | [OBRAS] Tabla 'detalles_obra' verificada correctamente.
2025-08-22 17:58:43 | INFO     | rexus.modules.obras.model | [OBRAS] Conexión automática establecida exitosamente
2025-08-22 17:58:43 | INFO     | rexus.modules.obras.model | [OBRAS] Tabla 'obras' verificada correctamente.
2025-08-22 17:58:43 | INFO     | rexus.modules.obras.model | [OBRAS] Tabla 'detalles_obra' verificada correctamente.
2025-08-22 17:58:43 | INFO     | rexus.modules.obras.model | [OBRAS] Conexión automática establecida exitosamente
2025-08-22 17:58:43 | INFO     | rexus.modules.obras.model | [OBRAS] Tabla 'obras' verificada correctamente.
2025-08-22 17:58:43 | INFO     | rexus.modules.obras.model | [OBRAS] Tabla 'detalles_obra' verificada correctamente.
2025-08-22 17:58:43 | INFO     | rexus.modules.obras.model | [OBRAS] Conexión automática establecida exitosamente
2025-08-22 17:58:43 | INFO     | rexus.modules.obras.model | [OBRAS] Tabla 'obras' verificada correctamente.
2025-08-22 17:58:43 | INFO     | rexus.modules.obras.model | [OBRAS] Tabla 'detalles_obra' verificada correctamente.
2025-08-22 17:58:43 | INFO     | rexus.modules.obras.model | [OBRAS] Conexión automática establecida exitosamente
2025-08-22 17:58:43 | INFO     | rexus.modules.obras.model | [OBRAS] Tabla 'obras' verificada correctamente.
2025-08-22 17:58:43 | INFO     | rexus.modules.obras.model | [OBRAS] Tabla 'detalles_obra' verificada correctamente.
2025-08-22 17:58:43 | INFO     | rexus.modules.obras.model | [OBRAS] Conexión automática establecida exitosamente
2025-08-22 17:58:43 | INFO     | rexus.modules.obras.model | [OBRAS] Tabla 'obras' verificada correctamente.
2025-08-22 17:58:43 | INFO     | rexus.modules.obras.model | [OBRAS] Tabla 'detalles_obra' verificada correctamente.
2025-08-22 17:58:43 | INFO     | rexus.modules.obras.model | [OBRAS] Conexión automática establecida exitosamente
2025-08-22 17:58:43 | INFO     | rexus.modules.obras.model | [OBRAS] Tabla 'obras' verificada correctamente.
2025-08-22 17:58:43 | INFO     | rexus.modules.obras.model | [OBRAS] Tabla 'detalles_obra' verificada correctamente.
2025-08-22 17:58:43 | INFO     | rexus.modules.obras.model | [OBRAS] Conexión automática establecida exitosamente
2025-08-22 17:58:43 | INFO     | rexus.modules.obras.model | [OBRAS] Tabla 'obras' verificada correctamente.
2025-08-22 17:58:43 | INFO     | rexus.modules.obras.model | [OBRAS] Tabla 'detalles_obra' verificada correctamente.
2025-08-22 17:58:43 | INFO     | rexus.modules.obras.model | [OBRAS] Conexión automática establecida exitosamente
2025-08-22 17:58:43 | INFO     | rexus.modules.obras.model | [OBRAS] Tabla 'obras' verificada correctamente.
2025-08-22 17:58:43 | INFO     | rexus.modules.obras.model | [OBRAS] Tabla 'detalles_obra' verificada correctamente.
2025-08-22 17:58:43 | INFO     | rexus.modules.obras.model | [OBRAS] Conexión automática establecida exitosamente
2025-08-22 17:58:43 | INFO     | rexus.modules.obras.model | [OBRAS] Tabla 'obras' verificada correctamente.
2025-08-22 17:58:43 | INFO     | rexus.modules.obras.model | [OBRAS] Tabla 'detalles_obra' verificada correctamente.
2025-08-22 17:58:43 | INFO     | rexus.modules.obras.model | [OBRAS] Conexión automática establecida exitosamente
2025-08-22 17:58:43 | INFO     | rexus.modules.obras.model | [OBRAS] Tabla 'obras' verificada correctamente.
2025-08-22 17:58:43 | INFO     | rexus.modules.obras.model | [OBRAS] Tabla 'detalles_obra' verificada correctamente.
2025-08-22 17:58:43 | INFO     | rexus.modules.obras.model | [OBRAS] Conexión automática establecida exitosamente
2025-08-22 17:58:43 | INFO     | rexus.modules.obras.model | [OBRAS] Tabla 'obras' verificada correctamente.
2025-08-22 17:58:43 | INFO     | rexus.modules.obras.model | [OBRAS] Tabla 'detalles_obra' verificada correctamente.
2025-08-22 17:58:43 | INFO     | rexus.modules.obras.model | [OBRAS] Conexión automática establecida exitosamente
2025-08-22 17:58:43 | INFO     | rexus.modules.obras.model | [OBRAS] Tabla 'obras' verificada correctamente.
2025-08-22 17:58:43 | INFO     | rexus.modules.obras.model | [OBRAS] Tabla 'detalles_obra' verificada correctamente.
2025-08-22 17:58:48 | INFO     | rexus.modules.pedidos.model | [PEDIDOS] Inicializado en modo completo con conexión BD
2025-08-22 17:58:49 | INFO     | rexus.modules.pedidos.model | [PEDIDOS] Tablas verificadas/creadas exitosamente
2025-08-22 17:58:49 | INFO     | rexus.modules.pedidos.model | [PEDIDOS] Tablas verificadas/creadas exitosamente
2025-08-22 17:58:49 | INFO     | rexus.modules.pedidos.model | [PEDIDOS] Inicializado en modo completo con conexión BD
2025-08-22 17:58:49 | INFO     | rexus.modules.pedidos.model | [PEDIDOS] Tablas verificadas/creadas exitosamente
2025-08-22 17:58:49 | INFO     | rexus.modules.pedidos.model | [PEDIDOS] Tablas verificadas/creadas exitosamente
2025-08-22 17:58:49 | INFO     | rexus.modules.pedidos.model | [PEDIDOS] Inicializado en modo completo con conexión BD
2025-08-22 17:58:49 | INFO     | rexus.modules.pedidos.model | [PEDIDOS] Tablas verificadas/creadas exitosamente
2025-08-22 17:58:49 | INFO     | rexus.modules.pedidos.model | [PEDIDOS] Tablas verificadas/creadas exitosamente
2025-08-22 17:58:49 | INFO     | rexus.modules.pedidos.model | [PEDIDOS] Error creando pedido: 'PedidosModel' object has no attribute 'data_sanitizer'
2025-08-22 17:58:49 | INFO     | rexus.modules.pedidos.model | [PEDIDOS] Inicializado en modo completo con conexión BD
2025-08-22 17:58:49 | INFO     | rexus.modules.pedidos.model | [PEDIDOS] Tablas verificadas/creadas exitosamente
2025-08-22 17:58:49 | INFO     | rexus.modules.pedidos.model | [PEDIDOS] Tablas verificadas/creadas exitosamente
2025-08-22 17:58:49 | INFO     | rexus.modules.pedidos.model | [PEDIDOS] Conexión automática establecida exitosamente
2025-08-22 17:58:49 | INFO     | rexus.modules.pedidos.model | [PEDIDOS] Inicializado en modo completo con conexión BD
2025-08-22 17:58:49 | INFO     | rexus.modules.pedidos.model | [PEDIDOS] Tablas verificadas/creadas exitosamente
2025-08-22 17:58:49 | INFO     | rexus.modules.pedidos.model | [PEDIDOS] Tablas verificadas/creadas exitosamente
2025-08-22 17:58:49 | INFO     | rexus.modules.pedidos.model | [PEDIDOS] Error creando pedido: 'PedidosModel' object has no attribute 'data_sanitizer'
2025-08-22 17:58:49 | INFO     | rexus.modules.pedidos.model | [PEDIDOS] Inicializado en modo completo con conexión BD
2025-08-22 17:58:49 | INFO     | rexus.modules.pedidos.model | [PEDIDOS] Tablas verificadas/creadas exitosamente
2025-08-22 17:58:49 | INFO     | rexus.modules.pedidos.model | [PEDIDOS] Tablas verificadas/creadas exitosamente
2025-08-22 17:58:49 | INFO     | rexus.modules.pedidos.model | [PEDIDOS] Error eliminando pedido: 'Mock' object is not subscriptable
2025-08-22 17:58:49 | INFO     | rexus.modules.pedidos.model | [PEDIDOS] Inicializado en modo completo con conexión BD
2025-08-22 17:58:49 | INFO     | rexus.modules.pedidos.model | [PEDIDOS] Tablas verificadas/creadas exitosamente
2025-08-22 17:58:49 | INFO     | rexus.modules.pedidos.model | [PEDIDOS] Tablas verificadas/creadas exitosamente
2025-08-22 17:58:49 | INFO     | rexus.modules.pedidos.model | [PEDIDOS] Conexión automática establecida exitosamente
2025-08-22 17:58:49 | INFO     | rexus.modules.pedidos.model | [PEDIDOS] Inicializado en modo completo con conexión BD
2025-08-22 17:58:49 | INFO     | rexus.modules.pedidos.model | [PEDIDOS] Tablas verificadas/creadas exitosamente
2025-08-22 17:58:49 | INFO     | rexus.modules.pedidos.model | [PEDIDOS] Tablas verificadas/creadas exitosamente
2025-08-22 17:58:49 | INFO     | rexus.modules.pedidos.model | [PEDIDOS] Inicializado en modo completo con conexión BD
2025-08-22 17:58:49 | INFO     | rexus.modules.pedidos.model | [PEDIDOS] Tablas verificadas/creadas exitosamente
2025-08-22 17:58:49 | INFO     | rexus.modules.pedidos.model | [PEDIDOS] Tablas verificadas/creadas exitosamente
2025-08-22 17:58:49 | INFO     | rexus.modules.pedidos.model | [PEDIDOS] Inicializado en modo completo con conexión BD
2025-08-22 17:58:49 | INFO     | rexus.modules.pedidos.model | [PEDIDOS] Tablas verificadas/creadas exitosamente
2025-08-22 17:58:49 | INFO     | rexus.modules.pedidos.model | [PEDIDOS] Tablas verificadas/creadas exitosamente
2025-08-22 17:58:49 | INFO     | rexus.modules.pedidos.model | [PEDIDOS] Error creando pedido: 'PedidosModel' object has no attribute 'data_sanitizer'
2025-08-22 17:58:49 | INFO     | rexus.modules.pedidos.model | [PEDIDOS] Inicializado en modo completo con conexión BD
2025-08-22 17:58:49 | INFO     | rexus.modules.pedidos.model | [PEDIDOS] Tablas verificadas/creadas exitosamente
2025-08-22 17:58:49 | INFO     | rexus.modules.pedidos.model | [PEDIDOS] Tablas verificadas/creadas exitosamente
2025-08-22 17:58:49 | INFO     | rexus.modules.pedidos.model | [PEDIDOS] Error obteniendo estadísticas: 'Mock' object is not iterable
2025-08-22 17:58:49 | INFO     | rexus.modules.pedidos.model | [PEDIDOS] Inicializado en modo completo con conexión BD
2025-08-22 17:58:49 | INFO     | rexus.modules.pedidos.model | [PEDIDOS] Tablas verificadas/creadas exitosamente
2025-08-22 17:58:49 | INFO     | rexus.modules.pedidos.model | [PEDIDOS] Tablas verificadas/creadas exitosamente
2025-08-22 17:58:49 | INFO     | rexus.modules.pedidos.model | [PEDIDOS] Error obteniendo pedido 1: 'Mock' object is not iterable
2025-08-22 17:58:49 | INFO     | rexus.modules.pedidos.model | [PEDIDOS] Inicializado en modo completo con conexión BD
2025-08-22 17:58:49 | INFO     | rexus.modules.pedidos.model | [PEDIDOS] Tablas verificadas/creadas exitosamente
2025-08-22 17:58:49 | INFO     | rexus.modules.pedidos.model | [PEDIDOS] Tablas verificadas/creadas exitosamente
2025-08-22 17:58:49 | INFO     | rexus.modules.pedidos.model | [PEDIDOS] Inicializado en modo completo con conexión BD
2025-08-22 17:58:49 | INFO     | rexus.modules.pedidos.model | [PEDIDOS] Tablas verificadas/creadas exitosamente
2025-08-22 17:58:49 | INFO     | rexus.modules.pedidos.model | [PEDIDOS] Tablas verificadas/creadas exitosamente
2025-08-22 17:58:49 | INFO     | rexus.modules.pedidos.model | [PEDIDOS] Inicializado en modo completo con conexión BD
2025-08-22 17:58:49 | INFO     | rexus.modules.pedidos.model | [PEDIDOS] Tablas verificadas/creadas exitosamente
2025-08-22 17:58:49 | INFO     | rexus.modules.pedidos.model | [PEDIDOS] Tablas verificadas/creadas exitosamente
2025-08-22 17:58:49 | INFO     | rexus.modules.pedidos.model | [PEDIDOS] Error creando pedido: 'PedidosModel' object has no attribute 'data_sanitizer'
2025-08-22 17:58:49 | INFO     | rexus.modules.pedidos.model | [PEDIDOS] Inicializado en modo completo con conexión BD
2025-08-22 17:58:49 | INFO     | rexus.modules.pedidos.model | [PEDIDOS] Tablas verificadas/creadas exitosamente
2025-08-22 17:58:49 | INFO     | rexus.modules.pedidos.model | [PEDIDOS] Tablas verificadas/creadas exitosamente
2025-08-22 18:00:10 | INFO     | rexus.modules.obras.model | [OBRAS] Conexión automática establecida exitosamente
2025-08-22 18:00:10 | INFO     | rexus.modules.obras.model | [OBRAS] Tabla 'obras' verificada correctamente.
2025-08-22 18:00:10 | INFO     | rexus.modules.obras.model | [OBRAS] Tabla 'detalles_obra' verificada correctamente.
2025-08-22 18:00:10 | INFO     | rexus.modules.obras.model | [OBRAS] Conexión automática establecida exitosamente
2025-08-22 18:00:10 | INFO     | rexus.modules.obras.model | [OBRAS] Tabla 'obras' verificada correctamente.
2025-08-22 18:00:10 | INFO     | rexus.modules.obras.model | [OBRAS] Tabla 'detalles_obra' verificada correctamente.
2025-08-22 18:00:10 | INFO     | rexus.modules.obras.model | [OBRAS] Conexión automática establecida exitosamente
2025-08-22 18:00:10 | INFO     | rexus.modules.obras.model | [OBRAS] Tabla 'obras' verificada correctamente.
2025-08-22 18:00:10 | INFO     | rexus.modules.obras.model | [OBRAS] Tabla 'detalles_obra' verificada correctamente.
2025-08-22 18:00:10 | INFO     | rexus.modules.obras.model | [OBRAS] Conexión automática establecida exitosamente
2025-08-22 18:00:10 | INFO     | rexus.modules.obras.model | [OBRAS] Tabla 'obras' verificada correctamente.
2025-08-22 18:00:10 | INFO     | rexus.modules.obras.model | [OBRAS] Tabla 'detalles_obra' verificada correctamente.
2025-08-22 18:00:10 | INFO     | rexus.modules.obras.model | [OBRAS] Conexión automática establecida exitosamente
2025-08-22 18:00:10 | INFO     | rexus.modules.obras.model | [OBRAS] Tabla 'obras' verificada correctamente.
2025-08-22 18:00:10 | INFO     | rexus.modules.obras.model | [OBRAS] Tabla 'detalles_obra' verificada correctamente.
2025-08-22 18:00:10 | INFO     | rexus.modules.obras.model | [OBRAS] Conexión automática establecida exitosamente
2025-08-22 18:00:10 | INFO     | rexus.modules.obras.model | [OBRAS] Tabla 'obras' verificada correctamente.
2025-08-22 18:00:10 | INFO     | rexus.modules.obras.model | [OBRAS] Tabla 'detalles_obra' verificada correctamente.
2025-08-22 18:00:10 | INFO     | rexus.modules.obras.model | [OBRAS] Conexión automática establecida exitosamente
2025-08-22 18:00:10 | INFO     | rexus.modules.obras.model | [OBRAS] Tabla 'obras' verificada correctamente.
2025-08-22 18:00:10 | INFO     | rexus.modules.obras.model | [OBRAS] Tabla 'detalles_obra' verificada correctamente.
2025-08-22 18:00:10 | INFO     | rexus.modules.obras.model | [OBRAS] Conexión automática establecida exitosamente
2025-08-22 18:00:10 | INFO     | rexus.modules.obras.model | [OBRAS] Tabla 'obras' verificada correctamente.
2025-08-22 18:00:10 | INFO     | rexus.modules.obras.model | [OBRAS] Tabla 'detalles_obra' verificada correctamente.
2025-08-22 18:00:10 | INFO     | rexus.modules.obras.model | [OBRAS] Conexión automática establecida exitosamente
2025-08-22 18:00:10 | INFO     | rexus.modules.obras.model | [OBRAS] Tabla 'obras' verificada correctamente.
2025-08-22 18:00:10 | INFO     | rexus.modules.obras.model | [OBRAS] Tabla 'detalles_obra' verificada correctamente.
2025-08-22 18:00:10 | INFO     | rexus.modules.obras.model | [OBRAS] Conexión automática establecida exitosamente
2025-08-22 18:00:10 | INFO     | rexus.modules.obras.model | [OBRAS] Tabla 'obras' verificada correctamente.
2025-08-22 18:00:10 | INFO     | rexus.modules.obras.model | [OBRAS] Tabla 'detalles_obra' verificada correctamente.
2025-08-22 18:00:10 | INFO     | rexus.modules.obras.model | [OBRAS] Conexión automática establecida exitosamente
2025-08-22 18:00:10 | INFO     | rexus.modules.obras.model | [OBRAS] Tabla 'obras' verificada correctamente.
2025-08-22 18:00:10 | INFO     | rexus.modules.obras.model | [OBRAS] Tabla 'detalles_obra' verificada correctamente.
2025-08-22 18:00:10 | INFO     | rexus.modules.obras.model | [OBRAS] Conexión automática establecida exitosamente
2025-08-22 18:00:10 | INFO     | rexus.modules.obras.model | [OBRAS] Tabla 'obras' verificada correctamente.
2025-08-22 18:00:10 | INFO     | rexus.modules.obras.model | [OBRAS] Tabla 'detalles_obra' verificada correctamente.
2025-08-22 18:00:10 | INFO     | rexus.modules.obras.model | [OBRAS] Conexión automática establecida exitosamente
2025-08-22 18:00:10 | INFO     | rexus.modules.obras.model | [OBRAS] Tabla 'obras' verificada correctamente.
2025-08-22 18:00:10 | INFO     | rexus.modules.obras.model | [OBRAS] Tabla 'detalles_obra' verificada correctamente.
2025-08-22 18:00:10 | INFO     | rexus.modules.obras.model | [OBRAS] Conexión automática establecida exitosamente
2025-08-22 18:00:10 | INFO     | rexus.modules.obras.model | [OBRAS] Tabla 'obras' verificada correctamente.
2025-08-22 18:00:10 | INFO     | rexus.modules.obras.model | [OBRAS] Tabla 'detalles_obra' verificada correctamente.
2025-08-22 18:00:10 | INFO     | rexus.modules.obras.model | [OBRAS] Conexión automática establecida exitosamente
2025-08-22 18:00:10 | INFO     | rexus.modules.obras.model | [OBRAS] Tabla 'obras' verificada correctamente.
2025-08-22 18:00:10 | INFO     | rexus.modules.obras.model | [OBRAS] Tabla 'detalles_obra' verificada correctamente.
2025-08-22 18:00:10 | INFO     | rexus.modules.obras.model | [OBRAS] Conexión automática establecida exitosamente
2025-08-22 18:00:10 | INFO     | rexus.modules.obras.model | [OBRAS] Tabla 'obras' verificada correctamente.
2025-08-22 18:00:10 | INFO     | rexus.modules.obras.model | [OBRAS] Tabla 'detalles_obra' verificada correctamente.
2025-08-22 18:00:10 | INFO     | rexus.modules.obras.model | [OBRAS] Conexión automática establecida exitosamente
2025-08-22 18:00:10 | INFO     | rexus.modules.obras.model | [OBRAS] Tabla 'obras' verificada correctamente.
2025-08-22 18:00:10 | INFO     | rexus.modules.obras.model | [OBRAS] Tabla 'detalles_obra' verificada correctamente.
2025-08-22 18:00:21 | INFO     | rexus.modules.obras.model | [OBRAS] Conexión automática establecida exitosamente
2025-08-22 18:00:21 | INFO     | rexus.modules.obras.model | [OBRAS] Tabla 'obras' verificada correctamente.
2025-08-22 18:00:21 | INFO     | rexus.modules.obras.model | [OBRAS] Tabla 'detalles_obra' verificada correctamente.
2025-08-22 18:01:19 | INFO     | rexus.modules.obras.model | [OBRAS] Conexión automática establecida exitosamente
2025-08-22 18:01:19 | INFO     | rexus.modules.obras.model | [OBRAS] Tabla 'obras' verificada correctamente.
2025-08-22 18:01:19 | INFO     | rexus.modules.obras.model | [OBRAS] Tabla 'detalles_obra' verificada correctamente.
2025-08-22 18:01:19 | INFO     | rexus.modules.obras.model | [OBRAS] Conexión automática establecida exitosamente
2025-08-22 18:01:19 | INFO     | rexus.modules.obras.model | [OBRAS] Tabla 'obras' verificada correctamente.
2025-08-22 18:01:19 | INFO     | rexus.modules.obras.model | [OBRAS] Tabla 'detalles_obra' verificada correctamente.
2025-08-22 18:01:19 | INFO     | rexus.modules.obras.model | [OBRAS] Conexión automática establecida exitosamente
2025-08-22 18:01:19 | INFO     | rexus.modules.obras.model | [OBRAS] Tabla 'obras' verificada correctamente.
2025-08-22 18:01:19 | INFO     | rexus.modules.obras.model | [OBRAS] Tabla 'detalles_obra' verificada correctamente.
2025-08-22 18:01:19 | INFO     | rexus.modules.obras.model | [OBRAS] Conexión automática establecida exitosamente
2025-08-22 18:01:19 | INFO     | rexus.modules.obras.model | [OBRAS] Tabla 'obras' verificada correctamente.
2025-08-22 18:01:19 | INFO     | rexus.modules.obras.model | [OBRAS] Tabla 'detalles_obra' verificada correctamente.
2025-08-22 18:01:19 | INFO     | rexus.modules.obras.model | [OBRAS] Conexión automática establecida exitosamente
2025-08-22 18:01:19 | INFO     | rexus.modules.obras.model | [OBRAS] Tabla 'obras' verificada correctamente.
2025-08-22 18:01:19 | INFO     | rexus.modules.obras.model | [OBRAS] Tabla 'detalles_obra' verificada correctamente.
2025-08-22 18:01:19 | INFO     | rexus.modules.obras.model | [OBRAS] Conexión automática establecida exitosamente
2025-08-22 18:01:19 | INFO     | rexus.modules.obras.model | [OBRAS] Tabla 'obras' verificada correctamente.
2025-08-22 18:01:19 | INFO     | rexus.modules.obras.model | [OBRAS] Tabla 'detalles_obra' verificada correctamente.
2025-08-22 18:01:19 | INFO     | rexus.modules.obras.model | [OBRAS] Conexión automática establecida exitosamente
2025-08-22 18:01:19 | INFO     | rexus.modules.obras.model | [OBRAS] Tabla 'obras' verificada correctamente.
2025-08-22 18:01:19 | INFO     | rexus.modules.obras.model | [OBRAS] Tabla 'detalles_obra' verificada correctamente.
2025-08-22 18:01:19 | INFO     | rexus.modules.obras.model | [OBRAS] Conexión automática establecida exitosamente
2025-08-22 18:01:19 | INFO     | rexus.modules.obras.model | [OBRAS] Tabla 'obras' verificada correctamente.
2025-08-22 18:01:19 | INFO     | rexus.modules.obras.model | [OBRAS] Tabla 'detalles_obra' verificada correctamente.
2025-08-22 18:01:19 | INFO     | rexus.modules.obras.model | [OBRAS] Conexión automática establecida exitosamente
2025-08-22 18:01:19 | INFO     | rexus.modules.obras.model | [OBRAS] Tabla 'obras' verificada correctamente.
2025-08-22 18:01:19 | INFO     | rexus.modules.obras.model | [OBRAS] Tabla 'detalles_obra' verificada correctamente.
2025-08-22 18:01:19 | INFO     | rexus.modules.obras.model | [OBRAS] Conexión automática establecida exitosamente
2025-08-22 18:01:19 | INFO     | rexus.modules.obras.model | [OBRAS] Tabla 'obras' verificada correctamente.
2025-08-22 18:01:19 | INFO     | rexus.modules.obras.model | [OBRAS] Tabla 'detalles_obra' verificada correctamente.
2025-08-22 18:01:19 | INFO     | rexus.modules.obras.model | [OBRAS] Conexión automática establecida exitosamente
2025-08-22 18:01:19 | INFO     | rexus.modules.obras.model | [OBRAS] Tabla 'obras' verificada correctamente.
2025-08-22 18:01:19 | INFO     | rexus.modules.obras.model | [OBRAS] Tabla 'detalles_obra' verificada correctamente.
2025-08-22 18:01:19 | INFO     | rexus.modules.obras.model | [OBRAS] Conexión automática establecida exitosamente
2025-08-22 18:01:19 | INFO     | rexus.modules.obras.model | [OBRAS] Tabla 'obras' verificada correctamente.
2025-08-22 18:01:19 | INFO     | rexus.modules.obras.model | [OBRAS] Tabla 'detalles_obra' verificada correctamente.
2025-08-22 18:01:19 | INFO     | rexus.modules.obras.model | [OBRAS] Conexión automática establecida exitosamente
2025-08-22 18:01:19 | INFO     | rexus.modules.obras.model | [OBRAS] Tabla 'obras' verificada correctamente.
2025-08-22 18:01:19 | INFO     | rexus.modules.obras.model | [OBRAS] Tabla 'detalles_obra' verificada correctamente.
2025-08-22 18:01:19 | INFO     | rexus.modules.obras.model | [OBRAS] Conexión automática establecida exitosamente
2025-08-22 18:01:19 | INFO     | rexus.modules.obras.model | [OBRAS] Tabla 'obras' verificada correctamente.
2025-08-22 18:01:19 | INFO     | rexus.modules.obras.model | [OBRAS] Tabla 'detalles_obra' verificada correctamente.
2025-08-22 18:01:19 | INFO     | rexus.modules.obras.model | [OBRAS] Conexión automática establecida exitosamente
2025-08-22 18:01:19 | INFO     | rexus.modules.obras.model | [OBRAS] Tabla 'obras' verificada correctamente.
2025-08-22 18:01:19 | INFO     | rexus.modules.obras.model | [OBRAS] Tabla 'detalles_obra' verificada correctamente.
2025-08-22 18:01:19 | INFO     | rexus.modules.obras.model | [OBRAS] Conexión automática establecida exitosamente
2025-08-22 18:01:19 | INFO     | rexus.modules.obras.model | [OBRAS] Tabla 'obras' verificada correctamente.
2025-08-22 18:01:19 | INFO     | rexus.modules.obras.model | [OBRAS] Tabla 'detalles_obra' verificada correctamente.
2025-08-22 18:01:19 | INFO     | rexus.modules.obras.model | [OBRAS] Conexión automática establecida exitosamente
2025-08-22 18:01:19 | INFO     | rexus.modules.obras.model | [OBRAS] Tabla 'obras' verificada correctamente.
2025-08-22 18:01:19 | INFO     | rexus.modules.obras.model | [OBRAS] Tabla 'detalles_obra' verificada correctamente.
2025-08-22 18:35:45 | [32mINFO[0m | rexus.modules.notificaciones.view | Sistema de logging inicializado
2025-08-22 18:35:45 | [32mINFO[0m | rexus.modules.notificaciones.view | Vista de notificaciones inicializada
2025-08-24 09:52:36 | WARNING  | rexus.modules.configuracion.controller | No se pudo importar BaseController
2025-08-24 09:55:52 | WARNING  | rexus.modules.configuracion.controller | No se pudo importar BaseController
2025-08-24 12:02:20 | WARNING  | rexus.modules.usuarios.controller | No se pudo importar BaseController
2025-08-24 12:02:31 | WARNING  | rexus.modules.usuarios.controller | No se pudo importar BaseController
2025-08-24 12:02:42 | WARNING  | rexus.modules.usuarios.controller | No se pudo importar BaseController
2025-08-24 12:02:51 | WARNING  | rexus.modules.usuarios.controller | No se pudo importar BaseController
2025-08-24 12:03:03 | WARNING  | rexus.modules.usuarios.controller | No se pudo importar BaseController
2025-08-24 12:03:30 | WARNING  | rexus.modules.usuarios.controller | No se pudo importar BaseController
2025-08-24 12:03:42 | WARNING  | rexus.modules.usuarios.controller | No se pudo importar BaseController
2025-08-24 12:03:57 | WARNING  | rexus.modules.usuarios.controller | No se pudo importar BaseController
2025-08-24 12:04:10 | WARNING  | rexus.modules.usuarios.controller | No se pudo importar BaseController
2025-08-24 12:04:22 | WARNING  | rexus.modules.usuarios.controller | No se pudo importar BaseController
2025-08-24 12:04:36 | WARNING  | rexus.modules.usuarios.controller | No se pudo importar BaseController
2025-08-24 12:04:49 | WARNING  | rexus.modules.usuarios.controller | No se pudo importar BaseController
2025-08-24 12:05:15 | WARNING  | rexus.modules.usuarios.controller | No se pudo importar BaseController
2025-08-24 12:05:26 | WARNING  | rexus.modules.usuarios.controller | No se pudo importar BaseController
2025-08-24 12:05:38 | WARNING  | rexus.modules.usuarios.controller | No se pudo importar BaseController
2025-08-24 12:05:49 | WARNING  | rexus.modules.usuarios.controller | No se pudo importar BaseController
2025-08-24 12:06:00 | WARNING  | rexus.modules.usuarios.controller | No se pudo importar BaseController
2025-08-24 12:06:50 | WARNING  | rexus.modules.usuarios.controller | No se pudo importar BaseController
2025-08-24 12:07:17 | WARNING  | rexus.modules.usuarios.controller | No se pudo importar BaseController
2025-08-24 12:07:31 | WARNING  | rexus.modules.usuarios.controller | No se pudo importar BaseController
2025-08-24 12:07:42 | WARNING  | rexus.modules.usuarios.controller | No se pudo importar BaseController
2025-08-24 12:07:53 | WARNING  | rexus.modules.usuarios.controller | No se pudo importar BaseController
2025-08-24 12:08:08 | WARNING  | rexus.modules.usuarios.controller | No se pudo importar BaseController
2025-08-24 12:08:25 | WARNING  | rexus.modules.usuarios.controller | No se pudo importar BaseController
2025-08-24 12:08:46 | WARNING  | rexus.modules.usuarios.controller | No se pudo importar BaseController
2025-08-24 12:09:01 | WARNING  | rexus.modules.usuarios.controller | No se pudo importar BaseController
2025-08-24 12:11:14 | WARNING  | rexus.modules.usuarios.controller | No se pudo importar BaseController
2025-08-24 12:11:31 | WARNING  | rexus.modules.usuarios.controller | No se pudo importar BaseController
2025-08-24 12:11:54 | WARNING  | rexus.modules.usuarios.controller | No se pudo importar BaseController
2025-08-24 12:12:03 | WARNING  | rexus.modules.usuarios.controller | No se pudo importar BaseController
2025-08-24 12:12:24 | WARNING  | rexus.modules.usuarios.controller | No se pudo importar BaseController
2025-08-24 12:12:45 | WARNING  | rexus.modules.usuarios.controller | No se pudo importar BaseController
2025-08-24 12:13:25 | WARNING  | rexus.modules.usuarios.controller | No se pudo importar BaseController
2025-08-24 12:13:50 | WARNING  | rexus.modules.usuarios.controller | No se pudo importar BaseController
2025-08-24 12:14:21 | WARNING  | rexus.modules.usuarios.controller | No se pudo importar BaseController
2025-08-24 12:14:33 | WARNING  | rexus.modules.usuarios.controller | No se pudo importar BaseController
2025-08-24 12:14:41 | WARNING  | rexus.modules.usuarios.controller | No se pudo importar BaseController
2025-08-24 12:14:56 | WARNING  | rexus.modules.usuarios.controller | No se pudo importar BaseController
2025-08-24 12:15:12 | WARNING  | rexus.modules.usuarios.controller | No se pudo importar BaseController
2025-08-24 12:22:32 | WARNING  | rexus.modules.usuarios.controller | No se pudo importar BaseController
2025-08-24 12:22:45 | WARNING  | rexus.modules.usuarios.controller | No se pudo importar BaseController
2025-08-24 12:25:59 | WARNING  | rexus.modules.usuarios.controller | No se pudo importar BaseController
2025-08-24 12:39:45 | WARNING  | rexus.modules.usuarios.controller | No se pudo importar BaseController
2025-08-24 12:40:21 | WARNING  | rexus.modules.usuarios.controller | No se pudo importar BaseController
2025-08-24 12:40:28 | WARNING  | rexus.modules.usuarios.controller | No se pudo importar BaseController
2025-08-24 12:40:49 | WARNING  | rexus.modules.usuarios.controller | No se pudo importar BaseController
2025-08-24 12:41:39 | WARNING  | rexus.modules.usuarios.controller | No se pudo importar BaseController
2025-08-24 13:05:04 | WARNING  | rexus.modules.usuarios.controller | No se pudo importar BaseController
2025-08-24 13:05:37 | WARNING  | rexus.modules.usuarios.controller | No se pudo importar BaseController
2025-08-24 13:07:09 | WARNING  | rexus.modules.usuarios.controller | No se pudo importar BaseController
2025-08-24 13:08:57 | WARNING  | rexus.modules.usuarios.controller | No se pudo importar BaseController
2025-08-24 13:09:04 | WARNING  | rexus.modules.usuarios.controller | No se pudo importar BaseController
2025-08-24 13:09:11 | WARNING  | rexus.modules.usuarios.controller | No se pudo importar BaseController
2025-08-24 13:09:20 | WARNING  | rexus.modules.usuarios.controller | No se pudo importar BaseController
2025-08-24 13:10:35 | WARNING  | rexus.modules.usuarios.controller | No se pudo importar BaseController
2025-08-24 13:10:54 | WARNING  | rexus.modules.usuarios.controller | No se pudo importar BaseController
2025-08-24 13:11:03 | WARNING  | rexus.modules.usuarios.controller | No se pudo importar BaseController
2025-08-24 13:11:39 | WARNING  | rexus.modules.usuarios.controller | No se pudo importar BaseController
2025-08-24 13:12:22 | WARNING  | rexus.modules.usuarios.controller | No se pudo importar BaseController
2025-08-24 13:13:12 | WARNING  | rexus.modules.usuarios.controller | No se pudo importar BaseController
2025-08-24 13:15:47 | WARNING  | rexus.modules.usuarios.controller | No se pudo importar BaseController
2025-08-24 13:18:12 | WARNING  | rexus.modules.usuarios.controller | No se pudo importar BaseController
2025-08-24 13:19:58 | WARNING  | rexus.modules.usuarios.controller | No se pudo importar BaseController
2025-08-24 16:55:32 | WARNING  | rexus.modules.logistica.controller | Herramientas de seguridad no disponibles: cannot import name 'validate_sql_input' from 'rexus.utils.sql_security' (D:\martin\Rexus.app\rexus\utils\sql_security.py)
2025-08-24 16:57:05 | INFO     | rexus.modules.logistica.controller | Herramientas de seguridad inicializadas
2025-08-24 16:57:05 | INFO     | rexus.modules.logistica.controller | LogisticaController inicializado
2025-08-24 16:57:05 | INFO     | rexus.modules.logistica.controller | Herramientas de seguridad inicializadas
2025-08-24 16:57:05 | INFO     | rexus.modules.logistica.controller | LogisticaController inicializado
2025-08-24 16:57:28 | INFO     | rexus.modules.logistica.controller | Herramientas de seguridad inicializadas
2025-08-24 16:57:28 | INFO     | rexus.modules.logistica.controller | LogisticaController inicializado
2025-08-24 17:00:18 | INFO     | rexus.modules.logistica.controller | Herramientas de seguridad inicializadas
2025-08-24 17:00:18 | INFO     | rexus.modules.logistica.controller | LogisticaController inicializado
2025-08-24 17:01:48 | INFO     | rexus.modules.logistica.controller | Herramientas de seguridad inicializadas
2025-08-24 17:01:48 | INFO     | rexus.modules.logistica.controller | LogisticaController inicializado
2025-08-24 17:01:48 | DEBUG    | rexus.modules.logistica.controller | Cargando estadísticas de logística
2025-08-24 17:01:48 | INFO     | rexus.modules.logistica.controller | Usando estadísticas de demostración
2025-08-24 17:06:01 | INFO     | rexus.modules.logistica.controller | Herramientas de seguridad inicializadas
2025-08-24 17:06:01 | INFO     | rexus.modules.logistica.controller | LogisticaController inicializado
2025-08-24 17:10:15 | WARNING  | rexus.modules.usuarios.controller | No se pudo importar BaseController
2025-08-24 17:23:28 | WARNING  | rexus.modules.usuarios.controller | No se pudo importar BaseController
2025-08-24 17:32:21 | WARNING  | rexus.modules.usuarios.controller | No se pudo importar BaseController
2025-08-24 17:32:58 | WARNING  | rexus.modules.usuarios.controller | No se pudo importar BaseController
2025-08-24 17:33:06 | WARNING  | rexus.modules.usuarios.controller | No se pudo importar BaseController
2025-08-24 17:33:16 | WARNING  | rexus.modules.usuarios.controller | No se pudo importar BaseController
2025-08-24 17:33:30 | WARNING  | rexus.modules.usuarios.controller | No se pudo importar BaseController
2025-08-24 17:33:41 | WARNING  | rexus.modules.usuarios.controller | No se pudo importar BaseController
2025-08-24 17:33:52 | WARNING  | rexus.modules.usuarios.controller | No se pudo importar BaseController
2025-08-24 17:34:00 | WARNING  | rexus.modules.usuarios.controller | No se pudo importar BaseController
2025-08-24 17:34:06 | WARNING  | rexus.modules.usuarios.controller | No se pudo importar BaseController
2025-08-24 17:34:15 | WARNING  | rexus.modules.usuarios.controller | No se pudo importar BaseController
2025-08-24 17:35:54 | WARNING  | rexus.modules.usuarios.controller | No se pudo importar BaseController
2025-08-24 17:36:04 | WARNING  | rexus.modules.usuarios.controller | No se pudo importar BaseController
2025-08-24 17:36:14 | WARNING  | rexus.modules.usuarios.controller | No se pudo importar BaseController
2025-08-24 17:36:21 | WARNING  | rexus.modules.usuarios.controller | No se pudo importar BaseController
2025-08-24 17:36:31 | WARNING  | rexus.modules.usuarios.controller | No se pudo importar BaseController
2025-08-24 17:36:54 | WARNING  | rexus.modules.usuarios.controller | No se pudo importar BaseController
2025-08-24 17:37:23 | WARNING  | rexus.modules.usuarios.controller | No se pudo importar BaseController
2025-08-24 17:39:20 | WARNING  | rexus.modules.usuarios.controller | No se pudo importar BaseController
2025-08-24 17:39:30 | WARNING  | rexus.modules.usuarios.controller | No se pudo importar BaseController
2025-08-24 17:39:36 | WARNING  | rexus.modules.usuarios.controller | No se pudo importar BaseController
2025-08-24 18:58:45 | WARNING  | rexus.modules.usuarios.controller | No se pudo importar BaseController
2025-08-24 19:01:18 | WARNING  | rexus.modules.usuarios.controller | No se pudo importar BaseController
2025-08-24 19:01:26 | WARNING  | rexus.modules.usuarios.controller | No se pudo importar BaseController
2025-08-24 19:16:49 | WARNING  | rexus.modules.usuarios.controller | No se pudo importar BaseController
2025-08-24 19:18:14 | WARNING  | rexus.modules.usuarios.controller | No se pudo importar BaseController
2025-08-24 19:18:36 | WARNING  | rexus.modules.usuarios.controller | No se pudo importar BaseController
2025-08-24 19:18:49 | WARNING  | rexus.modules.usuarios.controller | No se pudo importar BaseController
2025-08-24 19:19:46 | WARNING  | rexus.modules.usuarios.controller | No se pudo importar BaseController
2025-08-24 19:19:57 | WARNING  | rexus.modules.usuarios.controller | No se pudo importar BaseController
2025-08-24 19:20:08 | WARNING  | rexus.modules.usuarios.controller | No se pudo importar BaseController
2025-08-24 19:20:24 | WARNING  | rexus.modules.usuarios.controller | No se pudo importar BaseController
2025-08-24 19:21:27 | WARNING  | rexus.modules.usuarios.controller | No se pudo importar BaseController
2025-08-24 19:21:28 | WARNING  | rexus.modules.usuarios.controller | No se pudo importar BaseController
2025-08-24 19:24:55 | WARNING  | rexus.modules.usuarios.controller | No se pudo importar BaseController
2025-08-24 19:25:21 | WARNING  | rexus.modules.usuarios.controller | No se pudo importar BaseController
2025-08-24 19:25:48 | WARNING  | rexus.modules.usuarios.controller | No se pudo importar BaseController
2025-08-24 19:26:06 | WARNING  | rexus.modules.usuarios.controller | No se pudo importar BaseController
2025-08-24 19:29:27 | WARNING  | rexus.modules.usuarios.controller | No se pudo importar BaseController
2025-08-24 19:37:49 | WARNING  | rexus.modules.usuarios.controller | No se pudo importar BaseController
2025-08-24 19:38:35 | WARNING  | rexus.modules.usuarios.controller | No se pudo importar BaseController
2025-08-24 19:39:26 | WARNING  | rexus.modules.usuarios.controller | No se pudo importar BaseController
2025-08-24 19:44:55 | WARNING  | rexus.modules.usuarios.controller | No se pudo importar BaseController
2025-08-24 20:05:33 | WARNING  | rexus.modules.usuarios.controller | No se pudo importar BaseController
2025-08-24 21:39:21 | WARNING  | rexus.modules.usuarios.controller | No se pudo importar BaseController
2025-08-24 21:45:17 | WARNING  | rexus.modules.usuarios.controller | No se pudo importar BaseController
2025-08-24 21:46:02 | WARNING  | rexus.modules.usuarios.controller | No se pudo importar BaseController
2025-08-24 21:47:07 | WARNING  | rexus.modules.usuarios.controller | No se pudo importar BaseController
2025-08-24 21:48:32 | WARNING  | rexus.modules.usuarios.controller | No se pudo importar BaseController
2025-08-24 21:53:23 | WARNING  | rexus.modules.usuarios.controller | No se pudo importar BaseController
2025-08-24 21:53:23 | WARNING  | rexus.modules.compras.controller | No se pudo importar BaseController
2025-08-24 21:53:48 | WARNING  | rexus.modules.usuarios.controller | No se pudo importar BaseController
2025-08-24 21:53:48 | WARNING  | rexus.modules.compras.controller | No se pudo importar BaseController
2025-08-24 21:54:15 | WARNING  | rexus.modules.usuarios.controller | No se pudo importar BaseController
2025-08-24 21:54:16 | WARNING  | rexus.modules.compras.controller | No se pudo importar BaseController
2025-08-24 21:57:21 | WARNING  | rexus.modules.usuarios.controller | No se pudo importar BaseController
2025-08-24 21:57:21 | WARNING  | rexus.modules.compras.controller | No se pudo importar BaseController
2025-08-24 21:58:14 | WARNING  | rexus.modules.usuarios.controller | No se pudo importar BaseController
2025-08-24 21:58:14 | WARNING  | rexus.modules.compras.controller | No se pudo importar BaseController
2025-08-24 21:58:57 | WARNING  | rexus.modules.usuarios.controller | No se pudo importar BaseController
2025-08-24 21:58:58 | WARNING  | rexus.modules.compras.controller | No se pudo importar BaseController
2025-08-24 22:00:27 | WARNING  | rexus.modules.usuarios.controller | No se pudo importar BaseController
2025-08-24 22:00:27 | WARNING  | rexus.modules.compras.controller | No se pudo importar BaseController
2025-08-24 22:16:01 | WARNING  | rexus.modules.usuarios.controller | No se pudo importar BaseController
2025-08-24 22:16:03 | WARNING  | rexus.modules.compras.controller | No se pudo importar BaseController
2025-08-24 22:16:48 | WARNING  | rexus.modules.usuarios.controller | No se pudo importar BaseController
2025-08-24 22:16:51 | WARNING  | rexus.modules.compras.controller | No se pudo importar BaseController
2025-08-24 22:17:29 | WARNING  | rexus.modules.usuarios.controller | No se pudo importar BaseController
2025-08-24 22:17:30 | WARNING  | rexus.modules.compras.controller | No se pudo importar BaseController
2025-08-24 22:18:17 | WARNING  | rexus.modules.usuarios.controller | No se pudo importar BaseController
2025-08-24 22:18:18 | WARNING  | rexus.modules.compras.controller | No se pudo importar BaseController
2025-08-24 22:25:08 | WARNING  | rexus.modules.usuarios.controller | No se pudo importar BaseController
2025-08-24 22:25:08 | WARNING  | rexus.modules.compras.controller | No se pudo importar BaseController
2025-08-24 22:26:22 | WARNING  | rexus.modules.usuarios.controller | No se pudo importar BaseController
2025-08-24 22:26:23 | WARNING  | rexus.modules.compras.controller | No se pudo importar BaseController
2025-08-24 22:27:04 | WARNING  | rexus.modules.usuarios.controller | No se pudo importar BaseController
2025-08-24 22:27:05 | WARNING  | rexus.modules.compras.controller | No se pudo importar BaseController
2025-08-24 22:35:21 | WARNING  | rexus.modules.usuarios.controller | No se pudo importar BaseController
2025-08-24 22:35:22 | WARNING  | rexus.modules.compras.controller | No se pudo importar BaseController
2025-08-24 22:38:41 | WARNING  | rexus.modules.usuarios.controller | No se pudo importar BaseController
2025-08-24 22:38:42 | WARNING  | rexus.modules.compras.controller | No se pudo importar BaseController
2025-08-24 22:41:30 | WARNING  | rexus.modules.usuarios.controller | No se pudo importar BaseController
2025-08-24 22:41:31 | WARNING  | rexus.modules.compras.controller | No se pudo importar BaseController
2025-08-24 22:41:58 | WARNING  | rexus.modules.usuarios.controller | No se pudo importar BaseController
2025-08-24 22:41:59 | WARNING  | rexus.modules.compras.controller | No se pudo importar BaseController
2025-08-24 22:42:19 | WARNING  | rexus.modules.compras.controller | No se pudo importar BaseController
2025-08-24 22:43:12 | WARNING  | rexus.modules.compras.controller | No se pudo importar BaseController
2025-08-25 17:27:13 | INFO     | rexus.modules.usuarios.controller | UsuariosController inicializado correctamente
2025-08-25 17:27:13 | INFO     | rexus.modules.usuarios.controller | UsuariosController inicializado
2025-08-26 09:09:13 | INFO     | rexus.modules.obras.view | [OBRAS] Tabla configurada correctamente
2025-08-26 12:36:08 | INFO     | rexus.modules.inventario.submodules | [SUBMODULOS INVENTARIO] __init__.py cargado (managers temporalmente deshabilitados)
2025-08-26 12:36:24 | INFO     | rexus.modules.inventario.submodules | [SUBMODULOS INVENTARIO] __init__.py cargado (managers temporalmente deshabilitados)
2025-08-26 12:36:28 | INFO     | rexus.modules.inventario.submodules | [SUBMODULOS INVENTARIO] __init__.py cargado (managers temporalmente deshabilitados)
2025-08-26 12:36:43 | INFO     | rexus.modules.inventario.submodules | [SUBMODULOS INVENTARIO] __init__.py cargado (managers temporalmente deshabilitados)
2025-08-26 12:36:55 | INFO     | rexus.modules.inventario.submodules | [SUBMODULOS INVENTARIO] __init__.py cargado (managers temporalmente deshabilitados)
2025-08-26 12:37:27 | INFO     | rexus.modules.inventario.submodules | [SUBMODULOS INVENTARIO] __init__.py cargado (managers temporalmente deshabilitados)
2025-08-26 12:37:43 | INFO     | rexus.modules.inventario.submodules | [SUBMODULOS INVENTARIO] __init__.py cargado (managers temporalmente deshabilitados)
2025-08-26 12:37:57 | INFO     | rexus.modules.inventario.submodules | [SUBMODULOS INVENTARIO] __init__.py cargado (managers temporalmente deshabilitados)
2025-08-26 12:38:17 | INFO     | rexus.modules.inventario.submodules | [SUBMODULOS INVENTARIO] __init__.py cargado (managers temporalmente deshabilitados)
2025-08-26 12:38:37 | INFO     | rexus.modules.inventario.submodules | [SUBMODULOS INVENTARIO] __init__.py cargado (managers temporalmente deshabilitados)
2025-08-26 12:38:45 | INFO     | rexus.modules.inventario.submodules | [SUBMODULOS INVENTARIO] __init__.py cargado (managers temporalmente deshabilitados)
2025-08-26 12:39:03 | INFO     | rexus.modules.inventario.submodules | [SUBMODULOS INVENTARIO] __init__.py cargado (managers temporalmente deshabilitados)
2025-08-26 12:39:20 | INFO     | rexus.modules.inventario.submodules | [SUBMODULOS INVENTARIO] __init__.py cargado (managers temporalmente deshabilitados)
2025-08-26 12:39:41 | INFO     | rexus.modules.inventario.submodules | [SUBMODULOS INVENTARIO] __init__.py cargado (managers temporalmente deshabilitados)
2025-08-26 12:39:57 | INFO     | rexus.modules.inventario.submodules | [SUBMODULOS INVENTARIO] __init__.py cargado (managers temporalmente deshabilitados)
2025-08-26 12:40:08 | INFO     | rexus.modules.inventario.submodules | [SUBMODULOS INVENTARIO] __init__.py cargado (managers temporalmente deshabilitados)
2025-08-26 12:40:18 | INFO     | rexus.modules.inventario.submodules | [SUBMODULOS INVENTARIO] __init__.py cargado (managers temporalmente deshabilitados)
2025-08-26 12:40:32 | INFO     | rexus.modules.inventario.submodules | [SUBMODULOS INVENTARIO] __init__.py cargado (managers temporalmente deshabilitados)
2025-08-26 12:41:07 | INFO     | rexus.modules.inventario.submodules | [SUBMODULOS INVENTARIO] __init__.py cargado (managers temporalmente deshabilitados)
2025-08-26 12:41:36 | INFO     | rexus.modules.inventario.submodules | [SUBMODULOS INVENTARIO] __init__.py cargado (managers temporalmente deshabilitados)
2025-08-26 12:42:19 | INFO     | rexus.modules.inventario.submodules | [SUBMODULOS INVENTARIO] __init__.py cargado (managers temporalmente deshabilitados)
2025-08-26 12:42:32 | INFO     | rexus.modules.inventario.submodules | [SUBMODULOS INVENTARIO] __init__.py cargado (managers temporalmente deshabilitados)
2025-08-26 12:42:57 | INFO     | rexus.modules.inventario.submodules | [SUBMODULOS INVENTARIO] __init__.py cargado (managers temporalmente deshabilitados)
2025-08-26 12:43:33 | INFO     | rexus.modules.inventario.submodules | [SUBMODULOS INVENTARIO] __init__.py cargado (managers temporalmente deshabilitados)
2025-08-26 12:44:32 | INFO     | rexus.modules.inventario.submodules | [SUBMODULOS INVENTARIO] __init__.py cargado (managers temporalmente deshabilitados)
2025-08-26 12:49:40 | INFO     | rexus.modules.inventario.submodules | [SUBMODULOS INVENTARIO] __init__.py cargado (managers temporalmente deshabilitados)
2025-08-26 12:50:04 | INFO     | rexus.modules.inventario.submodules | [SUBMODULOS INVENTARIO] __init__.py cargado (managers temporalmente deshabilitados)
2025-08-26 12:50:47 | INFO     | rexus.modules.inventario.submodules | [SUBMODULOS INVENTARIO] __init__.py cargado (managers temporalmente deshabilitados)
2025-08-26 12:51:33 | INFO     | rexus.modules.inventario.submodules | [SUBMODULOS INVENTARIO] __init__.py cargado (managers temporalmente deshabilitados)
2025-08-26 12:51:56 | INFO     | rexus.modules.inventario.submodules | [SUBMODULOS INVENTARIO] __init__.py cargado (managers temporalmente deshabilitados)
2025-08-26 12:52:06 | INFO     | rexus.modules.inventario.submodules | [SUBMODULOS INVENTARIO] __init__.py cargado (managers temporalmente deshabilitados)
2025-08-26 12:52:23 | INFO     | rexus.modules.inventario.submodules | [SUBMODULOS INVENTARIO] __init__.py cargado (managers temporalmente deshabilitados)
2025-08-26 12:52:39 | INFO     | rexus.modules.inventario.submodules | [SUBMODULOS INVENTARIO] __init__.py cargado (managers temporalmente deshabilitados)
2025-08-26 12:53:07 | INFO     | rexus.modules.inventario.submodules | [SUBMODULOS INVENTARIO] __init__.py cargado (managers temporalmente deshabilitados)
2025-08-26 12:54:15 | INFO     | rexus.modules.inventario.submodules | [SUBMODULOS INVENTARIO] __init__.py cargado (managers temporalmente deshabilitados)
2025-08-26 12:54:39 | INFO     | rexus.modules.inventario.submodules | [SUBMODULOS INVENTARIO] __init__.py cargado (managers temporalmente deshabilitados)
2025-08-26 12:54:54 | INFO     | rexus.modules.inventario.submodules | [SUBMODULOS INVENTARIO] __init__.py cargado (managers temporalmente deshabilitados)
2025-08-26 12:55:07 | INFO     | rexus.modules.inventario.submodules | [SUBMODULOS INVENTARIO] __init__.py cargado (managers temporalmente deshabilitados)
2025-08-26 12:55:33 | INFO     | rexus.modules.inventario.submodules | [SUBMODULOS INVENTARIO] __init__.py cargado (managers temporalmente deshabilitados)
2025-08-26 12:55:42 | INFO     | rexus.modules.inventario.submodules | [SUBMODULOS INVENTARIO] __init__.py cargado (managers temporalmente deshabilitados)
2025-08-26 12:56:09 | INFO     | rexus.modules.inventario.submodules | [SUBMODULOS INVENTARIO] __init__.py cargado (managers temporalmente deshabilitados)
2025-08-26 12:56:19 | INFO     | rexus.modules.inventario.submodules | [SUBMODULOS INVENTARIO] __init__.py cargado (managers temporalmente deshabilitados)
2025-08-26 12:56:42 | INFO     | rexus.modules.inventario.submodules | [SUBMODULOS INVENTARIO] __init__.py cargado (managers temporalmente deshabilitados)
2025-08-26 13:05:39 | INFO     | rexus.modules.inventario.submodules | [SUBMODULOS INVENTARIO] __init__.py cargado (managers temporalmente deshabilitados)
2025-08-26 13:06:05 | INFO     | rexus.modules.inventario.submodules | [SUBMODULOS INVENTARIO] __init__.py cargado (managers temporalmente deshabilitados)
2025-08-26 13:53:00 | INFO     | rexus.modules.inventario.submodules | [SUBMODULOS INVENTARIO] __init__.py cargado (managers temporalmente deshabilitados)
2025-08-26 13:53:24 | INFO     | rexus.modules.inventario.submodules | [SUBMODULOS INVENTARIO] __init__.py cargado (managers temporalmente deshabilitados)
2025-08-26 13:53:52 | INFO     | rexus.modules.inventario.submodules | [SUBMODULOS INVENTARIO] __init__.py cargado (managers temporalmente deshabilitados)
2025-08-26 13:54:14 | INFO     | rexus.modules.inventario.submodules | [SUBMODULOS INVENTARIO] __init__.py cargado (managers temporalmente deshabilitados)
2025-08-26 13:55:48 | INFO     | rexus.modules.inventario.submodules | [SUBMODULOS INVENTARIO] __init__.py cargado (managers temporalmente deshabilitados)
2025-08-26 13:56:13 | INFO     | rexus.modules.inventario.submodules | [SUBMODULOS INVENTARIO] __init__.py cargado (managers temporalmente deshabilitados)
2025-08-26 13:56:34 | INFO     | rexus.modules.inventario.submodules | [SUBMODULOS INVENTARIO] __init__.py cargado (managers temporalmente deshabilitados)
2025-08-26 13:57:05 | INFO     | rexus.modules.inventario.submodules | [SUBMODULOS INVENTARIO] __init__.py cargado (managers temporalmente deshabilitados)
2025-08-26 13:57:49 | INFO     | rexus.modules.inventario.submodules | [SUBMODULOS INVENTARIO] __init__.py cargado (managers temporalmente deshabilitados)
2025-08-26 13:58:19 | INFO     | rexus.modules.inventario.submodules | [SUBMODULOS INVENTARIO] __init__.py cargado (managers temporalmente deshabilitados)
2025-08-26 13:58:28 | INFO     | rexus.modules.inventario.submodules | [SUBMODULOS INVENTARIO] __init__.py cargado (managers temporalmente deshabilitados)
2025-08-26 13:58:35 | INFO     | rexus.modules.inventario.submodules | [SUBMODULOS INVENTARIO] __init__.py cargado (managers temporalmente deshabilitados)
2025-08-26 13:58:42 | INFO     | rexus.modules.inventario.submodules | [SUBMODULOS INVENTARIO] __init__.py cargado (managers temporalmente deshabilitados)
2025-08-26 14:01:00 | INFO     | rexus.modules.inventario.submodules | [SUBMODULOS INVENTARIO] __init__.py cargado (managers temporalmente deshabilitados)
2025-08-26 14:01:24 | INFO     | rexus.modules.inventario.submodules | [SUBMODULOS INVENTARIO] __init__.py cargado (managers temporalmente deshabilitados)
2025-08-26 14:03:31 | INFO     | rexus.modules.inventario.submodules | [SUBMODULOS INVENTARIO] __init__.py cargado (managers temporalmente deshabilitados)
2025-08-26 14:05:20 | INFO     | rexus.modules.inventario.submodules | [SUBMODULOS INVENTARIO] __init__.py cargado (managers temporalmente deshabilitados)
2025-08-26 14:05:29 | INFO     | rexus.modules.inventario.submodules | [SUBMODULOS INVENTARIO] __init__.py cargado (managers temporalmente deshabilitados)
2025-08-26 14:06:09 | INFO     | rexus.modules.inventario.submodules | [SUBMODULOS INVENTARIO] __init__.py cargado (managers temporalmente deshabilitados)
2025-08-26 14:08:06 | INFO     | rexus.modules.inventario.submodules | [SUBMODULOS INVENTARIO] __init__.py cargado (managers temporalmente deshabilitados)
2025-08-26 14:08:26 | INFO     | rexus.modules.inventario.submodules | [SUBMODULOS INVENTARIO] __init__.py cargado (managers temporalmente deshabilitados)
2025-08-26 14:08:39 | INFO     | rexus.modules.inventario.submodules | [SUBMODULOS INVENTARIO] __init__.py cargado (managers temporalmente deshabilitados)
2025-08-26 14:10:05 | INFO     | rexus.modules.inventario.submodules | [SUBMODULOS INVENTARIO] __init__.py cargado (managers temporalmente deshabilitados)
2025-08-26 14:10:22 | INFO     | rexus.modules.inventario.submodules | [SUBMODULOS INVENTARIO] __init__.py cargado (managers temporalmente deshabilitados)
2025-08-26 14:10:38 | INFO     | rexus.modules.inventario.submodules | [SUBMODULOS INVENTARIO] __init__.py cargado (managers temporalmente deshabilitados)
2025-08-26 14:16:41 | INFO     | rexus.modules.inventario.submodules | [SUBMODULOS INVENTARIO] __init__.py cargado (managers temporalmente deshabilitados)
2025-08-26 14:16:57 | INFO     | rexus.modules.inventario.submodules | [SUBMODULOS INVENTARIO] __init__.py cargado (managers temporalmente deshabilitados)
2025-08-26 14:17:05 | INFO     | rexus.modules.inventario.submodules | [SUBMODULOS INVENTARIO] __init__.py cargado (managers temporalmente deshabilitados)
2025-08-26 14:17:30 | INFO     | rexus.modules.inventario.submodules | [SUBMODULOS INVENTARIO] __init__.py cargado (managers temporalmente deshabilitados)
2025-08-26 14:17:40 | INFO     | rexus.modules.inventario.submodules | [SUBMODULOS INVENTARIO] __init__.py cargado (managers temporalmente deshabilitados)
2025-08-26 14:17:56 | INFO     | rexus.modules.inventario.submodules | [SUBMODULOS INVENTARIO] __init__.py cargado (managers temporalmente deshabilitados)
2025-08-26 14:18:15 | INFO     | rexus.modules.inventario.submodules | [SUBMODULOS INVENTARIO] __init__.py cargado (managers temporalmente deshabilitados)
2025-08-26 14:18:31 | INFO     | rexus.modules.inventario.submodules | [SUBMODULOS INVENTARIO] __init__.py cargado (managers temporalmente deshabilitados)
2025-08-26 14:18:51 | INFO     | rexus.modules.inventario.submodules | [SUBMODULOS INVENTARIO] __init__.py cargado (managers temporalmente deshabilitados)
2025-08-26 14:19:32 | INFO     | rexus.modules.inventario.submodules | [SUBMODULOS INVENTARIO] __init__.py cargado (managers temporalmente deshabilitados)
2025-08-26 14:19:45 | INFO     | rexus.modules.inventario.submodules | [SUBMODULOS INVENTARIO] __init__.py cargado (managers temporalmente deshabilitados)
2025-08-26 14:27:55 | INFO     | rexus.modules.inventario.submodules | [SUBMODULOS INVENTARIO] __init__.py cargado (managers temporalmente deshabilitados)
2025-08-26 14:38:05 | INFO     | rexus.modules.inventario.submodules | [SUBMODULOS INVENTARIO] __init__.py cargado (managers temporalmente deshabilitados)
2025-08-26 14:38:41 | INFO     | rexus.modules.inventario.submodules | [SUBMODULOS INVENTARIO] __init__.py cargado (managers temporalmente deshabilitados)
2025-08-26 14:39:25 | INFO     | rexus.modules.inventario.submodules | [SUBMODULOS INVENTARIO] __init__.py cargado (managers temporalmente deshabilitados)
2025-08-26 14:39:52 | INFO     | rexus.modules.inventario.submodules | [SUBMODULOS INVENTARIO] __init__.py cargado (managers temporalmente deshabilitados)
2025-08-26 14:45:55 | INFO     | rexus.modules.inventario.submodules | [SUBMODULOS INVENTARIO] __init__.py cargado (managers temporalmente deshabilitados)
2025-08-26 14:49:08 | INFO     | rexus.modules.inventario.submodules | [SUBMODULOS INVENTARIO] __init__.py cargado (managers temporalmente deshabilitados)
2025-08-26 14:51:26 | INFO     | rexus.modules.inventario.submodules | [SUBMODULOS INVENTARIO] __init__.py cargado (managers temporalmente deshabilitados)
2025-08-26 14:51:59 | INFO     | rexus.modules.inventario.submodules | [SUBMODULOS INVENTARIO] __init__.py cargado (managers temporalmente deshabilitados)
2025-08-26 14:52:14 | INFO     | rexus.modules.inventario.submodules | [SUBMODULOS INVENTARIO] __init__.py cargado (managers temporalmente deshabilitados)
2025-08-26 14:53:19 | INFO     | rexus.modules.inventario.submodules | [SUBMODULOS INVENTARIO] __init__.py cargado (managers temporalmente deshabilitados)
2025-08-26 14:53:47 | INFO     | rexus.modules.inventario.submodules | [SUBMODULOS INVENTARIO] __init__.py cargado (managers temporalmente deshabilitados)
2025-08-26 14:53:55 | INFO     | rexus.modules.inventario.submodules | [SUBMODULOS INVENTARIO] __init__.py cargado (managers temporalmente deshabilitados)
2025-08-26 14:54:08 | INFO     | rexus.modules.inventario.submodules | [SUBMODULOS INVENTARIO] __init__.py cargado (managers temporalmente deshabilitados)
2025-08-26 14:54:37 | INFO     | rexus.modules.inventario.submodules | [SUBMODULOS INVENTARIO] __init__.py cargado (managers temporalmente deshabilitados)
2025-08-26 14:55:56 | INFO     | rexus.modules.inventario.submodules | [SUBMODULOS INVENTARIO] __init__.py cargado (managers temporalmente deshabilitados)
2025-08-26 14:56:08 | INFO     | rexus.modules.inventario.submodules | [SUBMODULOS INVENTARIO] __init__.py cargado (managers temporalmente deshabilitados)
2025-08-26 14:56:37 | INFO     | rexus.modules.inventario.submodules | [SUBMODULOS INVENTARIO] __init__.py cargado (managers temporalmente deshabilitados)
2025-08-26 14:56:53 | INFO     | rexus.modules.inventario.submodules | [SUBMODULOS INVENTARIO] __init__.py cargado (managers temporalmente deshabilitados)
2025-08-26 14:57:27 | INFO     | rexus.modules.inventario.submodules | [SUBMODULOS INVENTARIO] __init__.py cargado (managers temporalmente deshabilitados)
2025-08-26 15:12:15 | INFO     | rexus.modules.inventario.submodules | [SUBMODULOS INVENTARIO] __init__.py cargado (managers temporalmente deshabilitados)
2025-08-26 15:13:14 | INFO     | rexus.modules.inventario.submodules | [SUBMODULOS INVENTARIO] __init__.py cargado (managers temporalmente deshabilitados)
2025-08-26 15:19:20 | INFO     | rexus.modules.inventario.submodules | [SUBMODULOS INVENTARIO] __init__.py cargado (managers temporalmente deshabilitados)
2025-08-26 15:21:03 | INFO     | rexus.modules.inventario.submodules | [SUBMODULOS INVENTARIO] __init__.py cargado (managers temporalmente deshabilitados)
2025-08-26 15:21:24 | INFO     | rexus.modules.inventario.submodules | [SUBMODULOS INVENTARIO] __init__.py cargado (managers temporalmente deshabilitados)
2025-08-26 15:21:42 | INFO     | rexus.modules.inventario.submodules | [SUBMODULOS INVENTARIO] __init__.py cargado (managers temporalmente deshabilitados)
2025-08-26 15:21:56 | INFO     | rexus.modules.inventario.submodules | [SUBMODULOS INVENTARIO] __init__.py cargado (managers temporalmente deshabilitados)
2025-08-26 15:22:08 | INFO     | rexus.modules.inventario.submodules | [SUBMODULOS INVENTARIO] __init__.py cargado (managers temporalmente deshabilitados)
2025-08-26 15:22:20 | INFO     | rexus.modules.inventario.submodules | [SUBMODULOS INVENTARIO] __init__.py cargado (managers temporalmente deshabilitados)
2025-08-26 15:22:32 | INFO     | rexus.modules.inventario.submodules | [SUBMODULOS INVENTARIO] __init__.py cargado (managers temporalmente deshabilitados)
2025-08-26 15:22:57 | INFO     | rexus.modules.inventario.submodules | [SUBMODULOS INVENTARIO] __init__.py cargado (managers temporalmente deshabilitados)
2025-08-26 15:25:45 | INFO     | rexus.modules.inventario.submodules | [SUBMODULOS INVENTARIO] __init__.py cargado (managers temporalmente deshabilitados)
2025-08-26 15:25:54 | INFO     | rexus.modules.inventario.submodules | [SUBMODULOS INVENTARIO] __init__.py cargado (managers temporalmente deshabilitados)
2025-08-26 15:26:00 | INFO     | rexus.modules.inventario.submodules | [SUBMODULOS INVENTARIO] __init__.py cargado (managers temporalmente deshabilitados)
2025-08-26 15:26:11 | INFO     | rexus.modules.inventario.submodules | [SUBMODULOS INVENTARIO] __init__.py cargado (managers temporalmente deshabilitados)
2025-08-26 15:26:58 | INFO     | rexus.modules.inventario.submodules | [SUBMODULOS INVENTARIO] __init__.py cargado (managers temporalmente deshabilitados)
2025-08-26 15:53:19 | INFO     | rexus.modules.inventario.submodules | [SUBMODULOS INVENTARIO] __init__.py cargado (managers temporalmente deshabilitados)
2025-08-26 15:53:35 | INFO     | rexus.modules.inventario.submodules | [SUBMODULOS INVENTARIO] __init__.py cargado (managers temporalmente deshabilitados)
2025-08-26 15:53:46 | INFO     | rexus.modules.inventario.submodules | [SUBMODULOS INVENTARIO] __init__.py cargado (managers temporalmente deshabilitados)
2025-08-26 15:53:54 | INFO     | rexus.modules.inventario.submodules | [SUBMODULOS INVENTARIO] __init__.py cargado (managers temporalmente deshabilitados)
2025-08-26 15:54:03 | INFO     | rexus.modules.inventario.submodules | [SUBMODULOS INVENTARIO] __init__.py cargado (managers temporalmente deshabilitados)
2025-08-26 15:54:13 | INFO     | rexus.modules.inventario.submodules | [SUBMODULOS INVENTARIO] __init__.py cargado (managers temporalmente deshabilitados)
2025-08-26 15:54:26 | INFO     | rexus.modules.inventario.submodules | [SUBMODULOS INVENTARIO] __init__.py cargado (managers temporalmente deshabilitados)
2025-08-26 15:54:37 | INFO     | rexus.modules.inventario.submodules | [SUBMODULOS INVENTARIO] __init__.py cargado (managers temporalmente deshabilitados)
2025-08-26 16:24:22 | INFO     | rexus.modules.inventario.submodules | [SUBMODULOS INVENTARIO] __init__.py cargado (managers temporalmente deshabilitados)
2025-08-26 16:24:56 | INFO     | rexus.modules.inventario.submodules | [SUBMODULOS INVENTARIO] __init__.py cargado (managers temporalmente deshabilitados)
2025-08-26 16:25:22 | INFO     | rexus.modules.inventario.submodules | [SUBMODULOS INVENTARIO] __init__.py cargado (managers temporalmente deshabilitados)
2025-08-26 16:25:45 | INFO     | rexus.modules.inventario.submodules | [SUBMODULOS INVENTARIO] __init__.py cargado (managers temporalmente deshabilitados)
2025-08-26 16:26:00 | INFO     | rexus.modules.inventario.submodules | [SUBMODULOS INVENTARIO] __init__.py cargado (managers temporalmente deshabilitados)
2025-08-26 16:26:54 | INFO     | rexus.modules.inventario.submodules | [SUBMODULOS INVENTARIO] __init__.py cargado (managers temporalmente deshabilitados)
2025-08-26 16:27:05 | INFO     | rexus.modules.inventario.submodules | [SUBMODULOS INVENTARIO] __init__.py cargado (managers temporalmente deshabilitados)
2025-08-26 16:27:10 | INFO     | rexus.modules.inventario.submodules | [SUBMODULOS INVENTARIO] __init__.py cargado (managers temporalmente deshabilitados)
2025-08-26 16:28:12 | INFO     | rexus.modules.inventario.submodules | [SUBMODULOS INVENTARIO] __init__.py cargado (managers temporalmente deshabilitados)
2025-08-26 16:29:06 | INFO     | rexus.modules.inventario.submodules | [SUBMODULOS INVENTARIO] __init__.py cargado (managers temporalmente deshabilitados)
2025-08-26 16:29:31 | INFO     | rexus.modules.inventario.submodules | [SUBMODULOS INVENTARIO] __init__.py cargado (managers temporalmente deshabilitados)
2025-08-26 16:32:48 | INFO     | rexus.modules.inventario.submodules | [SUBMODULOS INVENTARIO] __init__.py cargado (managers temporalmente deshabilitados)
2025-08-26 16:33:03 | INFO     | rexus.modules.inventario.submodules | [SUBMODULOS INVENTARIO] __init__.py cargado (managers temporalmente deshabilitados)
2025-08-26 16:33:15 | INFO     | rexus.modules.inventario.submodules | [SUBMODULOS INVENTARIO] __init__.py cargado (managers temporalmente deshabilitados)
2025-08-26 16:33:35 | INFO     | rexus.modules.inventario.submodules | [SUBMODULOS INVENTARIO] __init__.py cargado (managers temporalmente deshabilitados)
2025-08-26 16:34:02 | INFO     | rexus.modules.inventario.submodules | [SUBMODULOS INVENTARIO] __init__.py cargado (managers temporalmente deshabilitados)
2025-08-26 16:34:43 | INFO     | rexus.modules.inventario.submodules | [SUBMODULOS INVENTARIO] __init__.py cargado (managers temporalmente deshabilitados)
2025-08-26 16:34:54 | INFO     | rexus.modules.inventario.submodules | [SUBMODULOS INVENTARIO] __init__.py cargado (managers temporalmente deshabilitados)
2025-08-26 16:35:06 | INFO     | rexus.modules.inventario.submodules | [SUBMODULOS INVENTARIO] __init__.py cargado (managers temporalmente deshabilitados)
2025-08-26 16:35:17 | INFO     | rexus.modules.inventario.submodules | [SUBMODULOS INVENTARIO] __init__.py cargado (managers temporalmente deshabilitados)
2025-08-26 16:35:28 | INFO     | rexus.modules.inventario.submodules | [SUBMODULOS INVENTARIO] __init__.py cargado (managers temporalmente deshabilitados)
2025-08-26 16:35:35 | INFO     | rexus.modules.inventario.submodules | [SUBMODULOS INVENTARIO] __init__.py cargado (managers temporalmente deshabilitados)
2025-08-26 16:35:47 | INFO     | rexus.modules.inventario.submodules | [SUBMODULOS INVENTARIO] __init__.py cargado (managers temporalmente deshabilitados)
2025-08-26 16:35:58 | INFO     | rexus.modules.inventario.submodules | [SUBMODULOS INVENTARIO] __init__.py cargado (managers temporalmente deshabilitados)
2025-08-26 16:36:14 | INFO     | rexus.modules.inventario.submodules | [SUBMODULOS INVENTARIO] __init__.py cargado (managers temporalmente deshabilitados)
2025-08-26 16:36:51 | INFO     | rexus.modules.inventario.submodules | [SUBMODULOS INVENTARIO] __init__.py cargado (managers temporalmente deshabilitados)
2025-08-26 16:37:04 | INFO     | rexus.modules.inventario.submodules | [SUBMODULOS INVENTARIO] __init__.py cargado (managers temporalmente deshabilitados)
2025-08-26 16:37:17 | INFO     | rexus.modules.inventario.submodules | [SUBMODULOS INVENTARIO] __init__.py cargado (managers temporalmente deshabilitados)
2025-08-26 16:37:38 | INFO     | rexus.modules.inventario.submodules | [SUBMODULOS INVENTARIO] __init__.py cargado (managers temporalmente deshabilitados)
2025-08-26 16:38:55 | INFO     | rexus.modules.inventario.submodules | [SUBMODULOS INVENTARIO] __init__.py cargado (managers temporalmente deshabilitados)
2025-08-26 16:42:27 | INFO     | rexus.modules.inventario.submodules | [SUBMODULOS INVENTARIO] __init__.py cargado (managers temporalmente deshabilitados)
2025-08-26 16:43:09 | INFO     | rexus.modules.inventario.submodules | [SUBMODULOS INVENTARIO] __init__.py cargado (managers temporalmente deshabilitados)
2025-08-26 16:48:53 | INFO     | rexus.modules.inventario.submodules | [SUBMODULOS INVENTARIO] __init__.py cargado (managers temporalmente deshabilitados)
2025-08-26 16:50:08 | INFO     | rexus.modules.inventario.submodules | [SUBMODULOS INVENTARIO] __init__.py cargado (managers temporalmente deshabilitados)
2025-08-26 16:50:26 | INFO     | rexus.modules.inventario.submodules | [SUBMODULOS INVENTARIO] __init__.py cargado (managers temporalmente deshabilitados)
2025-08-26 16:57:52 | INFO     | rexus.modules.inventario.submodules | [SUBMODULOS INVENTARIO] __init__.py cargado (managers temporalmente deshabilitados)
2025-08-26 16:59:24 | INFO     | rexus.modules.inventario.submodules | [SUBMODULOS INVENTARIO] __init__.py cargado (managers temporalmente deshabilitados)
2025-08-26 17:10:33 | INFO     | rexus.modules.inventario.submodules | [SUBMODULOS INVENTARIO] __init__.py cargado (managers temporalmente deshabilitados)
2025-08-26 17:11:33 | INFO     | rexus.modules.inventario.submodules | [SUBMODULOS INVENTARIO] __init__.py cargado (managers temporalmente deshabilitados)
2025-08-26 17:11:40 | INFO     | rexus.modules.inventario.submodules | [SUBMODULOS INVENTARIO] __init__.py cargado (managers temporalmente deshabilitados)
2025-08-26 17:12:02 | INFO     | rexus.modules.inventario.submodules | [SUBMODULOS INVENTARIO] __init__.py cargado (managers temporalmente deshabilitados)
2025-08-26 17:12:12 | INFO     | rexus.modules.inventario.submodules | [SUBMODULOS INVENTARIO] __init__.py cargado (managers temporalmente deshabilitados)
2025-08-26 17:12:57 | INFO     | rexus.modules.inventario.submodules | [SUBMODULOS INVENTARIO] __init__.py cargado (managers temporalmente deshabilitados)
2025-08-26 17:13:08 | INFO     | rexus.modules.inventario.submodules | [SUBMODULOS INVENTARIO] __init__.py cargado (managers temporalmente deshabilitados)
2025-08-26 17:13:31 | INFO     | rexus.modules.inventario.submodules | [SUBMODULOS INVENTARIO] __init__.py cargado (managers temporalmente deshabilitados)
2025-08-26 17:13:57 | INFO     | rexus.modules.inventario.submodules | [SUBMODULOS INVENTARIO] __init__.py cargado (managers temporalmente deshabilitados)
2025-08-26 17:14:09 | INFO     | rexus.modules.inventario.submodules | [SUBMODULOS INVENTARIO] __init__.py cargado (managers temporalmente deshabilitados)
2025-08-26 17:14:25 | INFO     | rexus.modules.inventario.submodules | [SUBMODULOS INVENTARIO] __init__.py cargado (managers temporalmente deshabilitados)
2025-08-26 17:15:07 | INFO     | rexus.modules.inventario.submodules | [SUBMODULOS INVENTARIO] __init__.py cargado (managers temporalmente deshabilitados)
2025-08-26 17:16:31 | INFO     | rexus.modules.inventario.submodules | [SUBMODULOS INVENTARIO] __init__.py cargado (managers temporalmente deshabilitados)
2025-08-26 17:19:53 | INFO     | rexus.modules.inventario.submodules | [SUBMODULOS INVENTARIO] __init__.py cargado (managers temporalmente deshabilitados)
2025-08-26 17:20:02 | INFO     | rexus.modules.inventario.submodules | [SUBMODULOS INVENTARIO] __init__.py cargado (managers temporalmente deshabilitados)
2025-08-26 17:21:02 | INFO     | rexus.modules.inventario.submodules | [SUBMODULOS INVENTARIO] __init__.py cargado (managers temporalmente deshabilitados)
2025-08-26 17:21:41 | INFO     | rexus.modules.inventario.submodules | [SUBMODULOS INVENTARIO] __init__.py cargado (managers temporalmente deshabilitados)
2025-08-26 17:26:51 | INFO     | rexus.modules.inventario.submodules | [SUBMODULOS INVENTARIO] __init__.py cargado (managers temporalmente deshabilitados)
2025-08-26 17:27:08 | INFO     | rexus.modules.inventario.submodules | [SUBMODULOS INVENTARIO] __init__.py cargado (managers temporalmente deshabilitados)
2025-08-26 17:31:56 | INFO     | rexus.modules.inventario.submodules | [SUBMODULOS INVENTARIO] __init__.py cargado (managers temporalmente deshabilitados)
2025-08-26 17:32:05 | INFO     | rexus.modules.inventario.submodules | [SUBMODULOS INVENTARIO] __init__.py cargado (managers temporalmente deshabilitados)
2025-08-26 17:33:34 | INFO     | rexus.modules.inventario.submodules | [SUBMODULOS INVENTARIO] __init__.py cargado (managers temporalmente deshabilitados)
2025-08-26 17:33:56 | INFO     | rexus.modules.inventario.submodules | [SUBMODULOS INVENTARIO] __init__.py cargado (managers temporalmente deshabilitados)
2025-08-26 17:34:14 | INFO     | rexus.modules.inventario.submodules | [SUBMODULOS INVENTARIO] __init__.py cargado (managers temporalmente deshabilitados)
2025-08-26 17:34:31 | INFO     | rexus.modules.inventario.submodules | [SUBMODULOS INVENTARIO] __init__.py cargado (managers temporalmente deshabilitados)
2025-08-26 17:35:13 | INFO     | rexus.modules.inventario.submodules | [SUBMODULOS INVENTARIO] __init__.py cargado (managers temporalmente deshabilitados)
2025-08-26 17:35:23 | INFO     | rexus.modules.inventario.submodules | [SUBMODULOS INVENTARIO] __init__.py cargado (managers temporalmente deshabilitados)
2025-08-26 17:35:40 | INFO     | rexus.modules.inventario.submodules | [SUBMODULOS INVENTARIO] __init__.py cargado (managers temporalmente deshabilitados)
2025-08-26 17:37:11 | INFO     | rexus.modules.inventario.submodules | [SUBMODULOS INVENTARIO] __init__.py cargado (managers temporalmente deshabilitados)
2025-08-26 17:38:01 | INFO     | rexus.modules.inventario.submodules | [SUBMODULOS INVENTARIO] __init__.py cargado (managers temporalmente deshabilitados)
2025-08-26 17:38:24 | INFO     | rexus.modules.inventario.submodules | [SUBMODULOS INVENTARIO] __init__.py cargado (managers temporalmente deshabilitados)
2025-08-26 17:44:02 | INFO     | rexus.modules.inventario.submodules | [SUBMODULOS INVENTARIO] __init__.py cargado (managers temporalmente deshabilitados)
2025-08-26 17:47:21 | INFO     | rexus.modules.inventario.submodules | [SUBMODULOS INVENTARIO] __init__.py cargado (managers temporalmente deshabilitados)
2025-08-26 17:47:38 | INFO     | rexus.modules.inventario.submodules | [SUBMODULOS INVENTARIO] __init__.py cargado (managers temporalmente deshabilitados)
2025-08-26 17:49:21 | INFO     | rexus.modules.inventario.submodules | [SUBMODULOS INVENTARIO] __init__.py cargado (managers temporalmente deshabilitados)
2025-08-26 17:49:32 | INFO     | rexus.modules.inventario.submodules | [SUBMODULOS INVENTARIO] __init__.py cargado (managers temporalmente deshabilitados)
2025-08-26 17:49:40 | INFO     | rexus.modules.inventario.submodules | [SUBMODULOS INVENTARIO] __init__.py cargado (managers temporalmente deshabilitados)
2025-08-26 17:49:48 | INFO     | rexus.modules.inventario.submodules | [SUBMODULOS INVENTARIO] __init__.py cargado (managers temporalmente deshabilitados)
2025-08-26 17:50:01 | INFO     | rexus.modules.inventario.submodules | [SUBMODULOS INVENTARIO] __init__.py cargado (managers temporalmente deshabilitados)
2025-08-26 17:50:13 | INFO     | rexus.modules.inventario.submodules | [SUBMODULOS INVENTARIO] __init__.py cargado (managers temporalmente deshabilitados)
2025-08-26 17:50:27 | INFO     | rexus.modules.inventario.submodules | [SUBMODULOS INVENTARIO] __init__.py cargado (managers temporalmente deshabilitados)
2025-08-26 17:50:38 | INFO     | rexus.modules.inventario.submodules | [SUBMODULOS INVENTARIO] __init__.py cargado (managers temporalmente deshabilitados)
2025-08-26 17:50:54 | INFO     | rexus.modules.inventario.submodules | [SUBMODULOS INVENTARIO] __init__.py cargado (managers temporalmente deshabilitados)
2025-08-26 17:51:13 | INFO     | rexus.modules.inventario.submodules | [SUBMODULOS INVENTARIO] __init__.py cargado (managers temporalmente deshabilitados)
2025-08-26 17:51:34 | INFO     | rexus.modules.inventario.submodules | [SUBMODULOS INVENTARIO] __init__.py cargado (managers temporalmente deshabilitados)
2025-08-26 17:55:48 | INFO     | rexus.modules.inventario.submodules | [SUBMODULOS INVENTARIO] __init__.py cargado (managers temporalmente deshabilitados)
2025-08-26 18:11:19 | INFO     | rexus.modules.inventario.submodules | [SUBMODULOS INVENTARIO] __init__.py cargado (managers temporalmente deshabilitados)
2025-08-26 18:11:32 | INFO     | rexus.modules.inventario.submodules | [SUBMODULOS INVENTARIO] __init__.py cargado (managers temporalmente deshabilitados)
2025-08-26 18:11:57 | INFO     | rexus.modules.inventario.submodules | [SUBMODULOS INVENTARIO] __init__.py cargado (managers temporalmente deshabilitados)
2025-08-26 18:12:07 | INFO     | rexus.modules.inventario.submodules | [SUBMODULOS INVENTARIO] __init__.py cargado (managers temporalmente deshabilitados)
2025-08-26 18:16:14 | INFO     | rexus.modules.inventario.submodules | [SUBMODULOS INVENTARIO] __init__.py cargado (managers temporalmente deshabilitados)
2025-08-26 18:16:37 | INFO     | rexus.modules.inventario.submodules | [SUBMODULOS INVENTARIO] __init__.py cargado (managers temporalmente deshabilitados)
2025-08-26 18:16:49 | INFO     | rexus.modules.inventario.submodules | [SUBMODULOS INVENTARIO] __init__.py cargado (managers temporalmente deshabilitados)
2025-08-26 18:17:07 | INFO     | rexus.modules.inventario.submodules | [SUBMODULOS INVENTARIO] __init__.py cargado (managers temporalmente deshabilitados)
2025-08-26 18:17:19 | INFO     | rexus.modules.inventario.submodules | [SUBMODULOS INVENTARIO] __init__.py cargado (managers temporalmente deshabilitados)
2025-08-26 18:17:35 | INFO     | rexus.modules.inventario.submodules | [SUBMODULOS INVENTARIO] __init__.py cargado (managers temporalmente deshabilitados)
2025-08-26 18:18:00 | INFO     | rexus.modules.inventario.submodules | [SUBMODULOS INVENTARIO] __init__.py cargado (managers temporalmente deshabilitados)
2025-08-26 18:18:16 | INFO     | rexus.modules.inventario.submodules | [SUBMODULOS INVENTARIO] __init__.py cargado (managers temporalmente deshabilitados)
2025-08-26 18:19:49 | INFO     | rexus.modules.inventario.submodules | [SUBMODULOS INVENTARIO] __init__.py cargado (managers temporalmente deshabilitados)
2025-08-26 18:20:53 | INFO     | rexus.modules.inventario.submodules | [SUBMODULOS INVENTARIO] __init__.py cargado (managers temporalmente deshabilitados)
2025-08-26 18:21:20 | INFO     | rexus.modules.inventario.submodules | [SUBMODULOS INVENTARIO] __init__.py cargado (managers temporalmente deshabilitados)
2025-08-26 18:21:50 | INFO     | rexus.modules.inventario.submodules | [SUBMODULOS INVENTARIO] __init__.py cargado (managers temporalmente deshabilitados)
2025-08-26 18:22:29 | INFO     | rexus.modules.inventario.submodules | [SUBMODULOS INVENTARIO] __init__.py cargado (managers temporalmente deshabilitados)
2025-08-26 18:23:01 | INFO     | rexus.modules.inventario.submodules | [SUBMODULOS INVENTARIO] __init__.py cargado (managers temporalmente deshabilitados)
2025-08-26 18:23:17 | INFO     | rexus.modules.inventario.submodules | [SUBMODULOS INVENTARIO] __init__.py cargado (managers temporalmente deshabilitados)
2025-08-26 18:23:26 | INFO     | rexus.modules.inventario.submodules | [SUBMODULOS INVENTARIO] __init__.py cargado (managers temporalmente deshabilitados)
2025-08-26 18:23:36 | INFO     | rexus.modules.inventario.submodules | [SUBMODULOS INVENTARIO] __init__.py cargado (managers temporalmente deshabilitados)
2025-08-26 18:24:02 | INFO     | rexus.modules.inventario.submodules | [SUBMODULOS INVENTARIO] __init__.py cargado (managers temporalmente deshabilitados)
2025-08-26 18:26:04 | INFO     | rexus.modules.inventario.submodules | [SUBMODULOS INVENTARIO] __init__.py cargado (managers temporalmente deshabilitados)
2025-08-26 18:44:16 | INFO     | rexus.modules.inventario.submodules | [SUBMODULOS INVENTARIO] __init__.py cargado (managers temporalmente deshabilitados)
2025-08-26 18:44:33 | INFO     | rexus.modules.inventario.submodules | [SUBMODULOS INVENTARIO] __init__.py cargado (managers temporalmente deshabilitados)
2025-08-26 18:46:05 | INFO     | rexus.modules.inventario.submodules | [SUBMODULOS INVENTARIO] __init__.py cargado (managers temporalmente deshabilitados)
2025-08-26 18:46:15 | INFO     | rexus.modules.inventario.submodules | [SUBMODULOS INVENTARIO] __init__.py cargado (managers temporalmente deshabilitados)
2025-08-26 18:46:32 | INFO     | rexus.modules.inventario.submodules | [SUBMODULOS INVENTARIO] __init__.py cargado (managers temporalmente deshabilitados)
2025-08-26 18:47:15 | INFO     | rexus.modules.inventario.submodules | [SUBMODULOS INVENTARIO] __init__.py cargado (managers temporalmente deshabilitados)
2025-08-26 18:48:11 | INFO     | rexus.modules.inventario.submodules | [SUBMODULOS INVENTARIO] __init__.py cargado (managers temporalmente deshabilitados)
2025-08-26 18:49:36 | INFO     | rexus.modules.inventario.submodules | [SUBMODULOS INVENTARIO] __init__.py cargado (managers temporalmente deshabilitados)
2025-08-26 18:51:59 | INFO     | rexus.modules.inventario.submodules | [SUBMODULOS INVENTARIO] __init__.py cargado (managers temporalmente deshabilitados)
2025-08-26 18:52:09 | INFO     | rexus.modules.inventario.submodules | [SUBMODULOS INVENTARIO] __init__.py cargado (managers temporalmente deshabilitados)
2025-08-26 18:52:18 | INFO     | rexus.modules.inventario.submodules | [SUBMODULOS INVENTARIO] __init__.py cargado (managers temporalmente deshabilitados)
2025-08-26 18:52:29 | INFO     | rexus.modules.inventario.submodules | [SUBMODULOS INVENTARIO] __init__.py cargado (managers temporalmente deshabilitados)
2025-08-26 18:52:38 | INFO     | rexus.modules.inventario.submodules | [SUBMODULOS INVENTARIO] __init__.py cargado (managers temporalmente deshabilitados)
2025-08-26 18:52:54 | INFO     | rexus.modules.inventario.submodules | [SUBMODULOS INVENTARIO] __init__.py cargado (managers temporalmente deshabilitados)
2025-08-26 18:54:23 | INFO     | rexus.modules.inventario.submodules | [SUBMODULOS INVENTARIO] __init__.py cargado (managers temporalmente deshabilitados)
2025-08-26 18:57:19 | INFO     | rexus.modules.inventario.submodules | [SUBMODULOS INVENTARIO] __init__.py cargado (managers temporalmente deshabilitados)
2025-08-26 18:58:06 | INFO     | rexus.modules.inventario.submodules | [SUBMODULOS INVENTARIO] __init__.py cargado (managers temporalmente deshabilitados)
2025-08-26 18:58:17 | INFO     | rexus.modules.inventario.submodules | [SUBMODULOS INVENTARIO] __init__.py cargado (managers temporalmente deshabilitados)
2025-08-26 18:58:35 | INFO     | rexus.modules.inventario.submodules | [SUBMODULOS INVENTARIO] __init__.py cargado (managers temporalmente deshabilitados)
2025-08-26 18:58:49 | INFO     | rexus.modules.inventario.submodules | [SUBMODULOS INVENTARIO] __init__.py cargado (managers temporalmente deshabilitados)
2025-08-26 18:59:03 | INFO     | rexus.modules.inventario.submodules | [SUBMODULOS INVENTARIO] __init__.py cargado (managers temporalmente deshabilitados)
2025-08-26 18:59:15 | INFO     | rexus.modules.inventario.submodules | [SUBMODULOS INVENTARIO] __init__.py cargado (managers temporalmente deshabilitados)
2025-08-26 18:59:42 | INFO     | rexus.modules.inventario.submodules | [SUBMODULOS INVENTARIO] __init__.py cargado (managers temporalmente deshabilitados)
2025-08-26 19:12:40 | INFO     | rexus.modules.inventario.submodules | [SUBMODULOS INVENTARIO] __init__.py cargado (managers temporalmente deshabilitados)
2025-08-26 19:12:55 | INFO     | rexus.modules.inventario.submodules | [SUBMODULOS INVENTARIO] __init__.py cargado (managers temporalmente deshabilitados)
2025-08-26 19:13:18 | INFO     | rexus.modules.inventario.submodules | [SUBMODULOS INVENTARIO] __init__.py cargado (managers temporalmente deshabilitados)
2025-08-26 19:13:36 | INFO     | rexus.modules.inventario.submodules | [SUBMODULOS INVENTARIO] __init__.py cargado (managers temporalmente deshabilitados)
2025-08-26 19:14:07 | INFO     | rexus.modules.inventario.submodules | [SUBMODULOS INVENTARIO] __init__.py cargado (managers temporalmente deshabilitados)
2025-08-26 19:14:21 | INFO     | rexus.modules.inventario.submodules | [SUBMODULOS INVENTARIO] __init__.py cargado (managers temporalmente deshabilitados)
2025-08-26 19:18:14 | INFO     | rexus.modules.inventario.submodules | [SUBMODULOS INVENTARIO] __init__.py cargado (managers temporalmente deshabilitados)
2025-08-26 19:18:28 | INFO     | rexus.modules.inventario.submodules | [SUBMODULOS INVENTARIO] __init__.py cargado (managers temporalmente deshabilitados)
2025-08-26 19:18:32 | WARNING  | rexus.modules.auditoria.model | Sanitizador no disponible, usando métodos básicos
2025-08-26 19:18:41 | INFO     | rexus.modules.inventario.submodules | [SUBMODULOS INVENTARIO] __init__.py cargado (managers temporalmente deshabilitados)
2025-08-26 19:19:10 | INFO     | rexus.modules.inventario.submodules | [SUBMODULOS INVENTARIO] __init__.py cargado (managers temporalmente deshabilitados)
2025-08-26 19:24:35 | INFO     | rexus.modules.inventario.submodules | [SUBMODULOS INVENTARIO] __init__.py cargado (managers temporalmente deshabilitados)
2025-08-26 19:27:34 | INFO     | rexus.modules.inventario.submodules | [SUBMODULOS INVENTARIO] __init__.py cargado (managers temporalmente deshabilitados)
2025-08-26 19:28:57 | INFO     | rexus.modules.inventario.submodules | [SUBMODULOS INVENTARIO] __init__.py cargado (managers temporalmente deshabilitados)
2025-08-26 19:30:34 | INFO     | rexus.modules.inventario.submodules | [SUBMODULOS INVENTARIO] __init__.py cargado (managers temporalmente deshabilitados)
2025-08-26 19:30:49 | INFO     | rexus.modules.inventario.submodules | [SUBMODULOS INVENTARIO] __init__.py cargado (managers temporalmente deshabilitados)
2025-08-26 19:31:02 | INFO     | rexus.modules.inventario.submodules | [SUBMODULOS INVENTARIO] __init__.py cargado (managers temporalmente deshabilitados)
2025-08-26 19:31:11 | INFO     | rexus.modules.inventario.submodules | [SUBMODULOS INVENTARIO] __init__.py cargado (managers temporalmente deshabilitados)
2025-08-26 19:31:24 | INFO     | rexus.modules.inventario.submodules | [SUBMODULOS INVENTARIO] __init__.py cargado (managers temporalmente deshabilitados)
2025-08-26 19:32:08 | INFO     | rexus.modules.inventario.submodules | [SUBMODULOS INVENTARIO] __init__.py cargado (managers temporalmente deshabilitados)
2025-08-26 19:32:24 | INFO     | rexus.modules.inventario.submodules | [SUBMODULOS INVENTARIO] __init__.py cargado (managers temporalmente deshabilitados)
2025-08-26 19:36:40 | INFO     | rexus.modules.inventario.submodules | [SUBMODULOS INVENTARIO] __init__.py cargado (managers temporalmente deshabilitados)
2025-08-28 14:17:02 | INFO     | rexus.modules.02_inventario.submodules | [SUBMODULOS INVENTARIO] __init__.py cargado (managers temporalmente deshabilitados)
2025-08-28 14:17:58 | INFO     | rexus.modules.02_inventario.submodules | [SUBMODULOS INVENTARIO] __init__.py cargado (managers temporalmente deshabilitados)
2025-08-28 14:19:33 | INFO     | rexus.modules.02_inventario.submodules | [SUBMODULOS INVENTARIO] __init__.py cargado (managers temporalmente deshabilitados)
2025-08-28 14:19:51 | INFO     | rexus.modules.02_inventario.submodules | [SUBMODULOS INVENTARIO] __init__.py cargado (managers temporalmente deshabilitados)
2025-08-28 14:20:49 | INFO     | rexus.modules.02_inventario.submodules | [SUBMODULOS INVENTARIO] __init__.py cargado (managers temporalmente deshabilitados)
2025-08-28 14:21:26 | INFO     | rexus.modules.02_inventario.submodules | [SUBMODULOS INVENTARIO] __init__.py cargado (managers temporalmente deshabilitados)
2025-08-28 14:45:59 | INFO     | rexus.modules.02_inventario.submodules | [SUBMODULOS INVENTARIO] __init__.py cargado (managers temporalmente deshabilitados)
2025-08-28 17:25:27 | INFO     | rexus.modules.02_inventario.submodules | [SUBMODULOS INVENTARIO] __init__.py cargado (managers temporalmente deshabilitados)
2025-08-28 17:25:35 | INFO     | rexus.modules.02_inventario.submodules | [SUBMODULOS INVENTARIO] __init__.py cargado (managers temporalmente deshabilitados)
2025-08-28 17:27:09 | INFO     | rexus.modules.02_inventario.submodules | [SUBMODULOS INVENTARIO] __init__.py cargado (managers temporalmente deshabilitados)
2025-08-28 18:04:16 | INFO     | rexus.modules.02_inventario.submodules | [SUBMODULOS INVENTARIO] __init__.py cargado (managers temporalmente deshabilitados)
2025-08-29 09:04:32 | INFO     | rexus.modules.02_inventario.submodules | [SUBMODULOS INVENTARIO] __init__.py cargado (managers temporalmente deshabilitados)
2025-08-29 09:06:36 | INFO     | rexus.modules.02_inventario.submodules | [SUBMODULOS INVENTARIO] __init__.py cargado (managers temporalmente deshabilitados)
2025-08-29 15:24:05 | INFO     | rexus.modules.02_inventario.submodules | [SUBMODULOS INVENTARIO] __init__.py cargado (managers temporalmente deshabilitados)
2025-08-29 15:24:42 | INFO     | rexus.modules.02_inventario.submodules | [SUBMODULOS INVENTARIO] __init__.py cargado (managers temporalmente deshabilitados)
2025-08-29 15:25:00 | INFO     | rexus.modules.02_inventario.submodules | [SUBMODULOS INVENTARIO] __init__.py cargado (managers temporalmente deshabilitados)
2025-08-29 15:25:18 | INFO     | rexus.modules.02_inventario.submodules | [SUBMODULOS INVENTARIO] __init__.py cargado (managers temporalmente deshabilitados)
2025-08-29 15:25:35 | INFO     | rexus.modules.02_inventario.submodules | [SUBMODULOS INVENTARIO] __init__.py cargado (managers temporalmente deshabilitados)
2025-08-29 15:25:44 | INFO     | rexus.modules.02_inventario.submodules | [SUBMODULOS INVENTARIO] __init__.py cargado (managers temporalmente deshabilitados)
2025-08-29 15:25:53 | INFO     | rexus.modules.02_inventario.submodules | [SUBMODULOS INVENTARIO] __init__.py cargado (managers temporalmente deshabilitados)
2025-08-29 15:26:03 | INFO     | rexus.modules.02_inventario.submodules | [SUBMODULOS INVENTARIO] __init__.py cargado (managers temporalmente deshabilitados)
2025-08-29 15:26:20 | INFO     | rexus.modules.02_inventario.submodules | [SUBMODULOS INVENTARIO] __init__.py cargado (managers temporalmente deshabilitados)
2025-08-29 15:26:38 | INFO     | rexus.modules.02_inventario.submodules | [SUBMODULOS INVENTARIO] __init__.py cargado (managers temporalmente deshabilitados)
2025-08-29 17:07:02 | INFO     | rexus.modules.02_inventario.submodules | [SUBMODULOS INVENTARIO] __init__.py cargado (managers temporalmente deshabilitados)
2025-08-29 17:11:10 | INFO     | rexus.modules.02_inventario.submodules | [SUBMODULOS INVENTARIO] __init__.py cargado (managers temporalmente deshabilitados)
2025-08-29 17:11:41 | INFO     | rexus.modules.02_inventario.submodules | [SUBMODULOS INVENTARIO] __init__.py cargado (managers temporalmente deshabilitados)
2025-08-29 17:19:46 | INFO     | rexus.modules.02_inventario.submodules | [SUBMODULOS INVENTARIO] __init__.py cargado (managers temporalmente deshabilitados)
2025-08-29 17:20:22 | INFO     | rexus.modules.02_inventario.submodules | [SUBMODULOS INVENTARIO] __init__.py cargado (managers temporalmente deshabilitados)
