2025-08-12 18:51:25 - rexus - [32mINFO[0m - Sistema de logging inicializado
2025-08-12 18:51:25 - cache - [32mINFO[0m - Sistema de logging inicializado
2025-08-12 18:51:25 - cache_manager - [32mINFO[0m - Sistema de logging inicializado
2025-08-12 18:51:25 - cache_manager - [32mINFO[0m - CacheManager inicializado
2025-08-12 18:51:55 - rexus.modules.inventario.submodules.base_utilities - [32mINFO[0m - Utilidades de seguridad cargadas en BaseUtilities
2025-08-12 20:00:08 - rexus - [32mINFO[0m - Sistema de logging inicializado
2025-08-12 20:00:08 - cache - [32mINFO[0m - Sistema de logging inicializado
2025-08-12 20:00:08 - cache_manager - [32mINFO[0m - Sistema de logging inicializado
2025-08-12 20:00:08 - cache_manager - [32mINFO[0m - CacheManager inicializado
2025-08-12 20:26:51 - rexus - [32mINFO[0m - Sistema de logging inicializado
2025-08-12 20:26:51 - cache - [32mINFO[0m - Sistema de logging inicializado
2025-08-12 20:26:51 - cache_manager - [32mINFO[0m - Sistema de logging inicializado
2025-08-12 20:26:51 - cache_manager - [32mINFO[0m - CacheManager inicializado
2025-08-12 20:30:17 - rexus.modules.inventario.submodules.base_utilities - [32mINFO[0m - Utilidades de seguridad cargadas en BaseUtilities
2025-08-12 20:30:17 - rexus.modules.inventario.submodules.base_utilities - [32mINFO[0m - Utilidades de seguridad cargadas en BaseUtilities
2025-08-12 20:30:17 - rexus.modules.inventario.submodules.base_utilities - [32mINFO[0m - Utilidades de seguridad cargadas en BaseUtilities
2025-08-12 20:30:17 - rexus.modules.inventario.submodules.base_utilities - [32mINFO[0m - Utilidades de seguridad cargadas en BaseUtilities
2025-08-14 12:23:34 - rexus - [32mINFO[0m - Sistema de logging inicializado
2025-08-14 12:23:34 - cache - [32mINFO[0m - Sistema de logging inicializado
2025-08-14 12:23:34 - cache_manager - [32mINFO[0m - Sistema de logging inicializado
2025-08-14 12:23:34 - cache_manager - [32mINFO[0m - CacheManager inicializado
2025-08-14 12:23:34 - database_pool - [32mINFO[0m - Sistema de logging inicializado
2025-08-14 12:23:34 - database_pool_manager - [32mINFO[0m - Sistema de logging inicializado
2025-08-14 12:23:34 - backup - [32mINFO[0m - Sistema de logging inicializado
2025-08-14 12:23:34 - backup_manager - [32mINFO[0m - Sistema de logging inicializado
2025-08-14 12:23:34 - backup_manager - [32mINFO[0m - BackupManager inicializado
2025-08-14 12:23:36 - rexus.utils.env_manager - [32mINFO[0m - Variables de entorno cargadas desde .env
2025-08-14 12:23:36 - rexus.utils.env_manager - [33mWARNING[0m - Variable de entorno 'REXUS_DEV_PASSWORD' no encontrada, usando default
2025-08-14 12:23:36 - rexus.utils.env_manager - [33mWARNING[0m - Variable de entorno 'REXUS_DEV_PASSWORD' no encontrada, usando default
2025-08-14 12:23:42 - theme_manager - [32mINFO[0m - Sistema de logging inicializado
2025-08-14 12:23:42 - theme_manager - [32mINFO[0m - ThemeManager inicializado
2025-08-14 12:23:42 - advanced_feedback - [32mINFO[0m - Sistema de logging inicializado
2025-08-14 12:23:42 - feedback_manager - [32mINFO[0m - Sistema de logging inicializado
2025-08-14 12:23:42 - feedback_mixin - [32mINFO[0m - Sistema de logging inicializado
2025-08-14 12:27:27 - rexus - [32mINFO[0m - Sistema de logging inicializado
2025-08-14 12:27:27 - cache - [32mINFO[0m - Sistema de logging inicializado
2025-08-14 12:27:27 - cache_manager - [32mINFO[0m - Sistema de logging inicializado
2025-08-14 12:27:27 - cache_manager - [32mINFO[0m - CacheManager inicializado
2025-08-14 12:27:27 - database_pool - [32mINFO[0m - Sistema de logging inicializado
2025-08-14 12:27:27 - database_pool_manager - [32mINFO[0m - Sistema de logging inicializado
2025-08-14 12:27:27 - backup - [32mINFO[0m - Sistema de logging inicializado
2025-08-14 12:27:27 - backup_manager - [32mINFO[0m - Sistema de logging inicializado
2025-08-14 12:27:27 - backup_manager - [32mINFO[0m - BackupManager inicializado
2025-08-14 12:27:27 - api_server - [32mINFO[0m - Sistema de logging inicializado
2025-08-14 12:28:05 - rexus - [32mINFO[0m - Sistema de logging inicializado
2025-08-14 12:28:05 - cache - [32mINFO[0m - Sistema de logging inicializado
2025-08-14 12:28:05 - cache_manager - [32mINFO[0m - Sistema de logging inicializado
2025-08-14 12:28:05 - cache_manager - [32mINFO[0m - CacheManager inicializado
2025-08-14 12:28:05 - database_pool - [32mINFO[0m - Sistema de logging inicializado
2025-08-14 12:28:05 - database_pool_manager - [32mINFO[0m - Sistema de logging inicializado
2025-08-14 12:28:05 - backup - [32mINFO[0m - Sistema de logging inicializado
2025-08-14 12:28:05 - backup_manager - [32mINFO[0m - Sistema de logging inicializado
2025-08-14 12:28:05 - backup_manager - [32mINFO[0m - BackupManager inicializado
2025-08-14 12:28:05 - api_server - [32mINFO[0m - Sistema de logging inicializado
2025-08-14 12:28:38 - rexus - [32mINFO[0m - Sistema de logging inicializado
2025-08-14 12:28:38 - cache - [32mINFO[0m - Sistema de logging inicializado
2025-08-14 12:28:38 - cache_manager - [32mINFO[0m - Sistema de logging inicializado
2025-08-14 12:28:38 - cache_manager - [32mINFO[0m - CacheManager inicializado
2025-08-14 12:28:38 - database_pool - [32mINFO[0m - Sistema de logging inicializado
2025-08-14 12:28:38 - database_pool_manager - [32mINFO[0m - Sistema de logging inicializado
2025-08-14 12:28:38 - backup - [32mINFO[0m - Sistema de logging inicializado
2025-08-14 12:28:38 - backup_manager - [32mINFO[0m - Sistema de logging inicializado
2025-08-14 12:28:38 - backup_manager - [32mINFO[0m - BackupManager inicializado
2025-08-14 12:28:38 - api_server - [32mINFO[0m - Sistema de logging inicializado
2025-08-14 12:28:38 - rexus.utils.env_manager - [32mINFO[0m - Variables de entorno cargadas desde .env
2025-08-14 12:28:38 - rexus.utils.env_manager - [33mWARNING[0m - Variable de entorno 'REXUS_DEV_PASSWORD' no encontrada, usando default
2025-08-14 12:28:38 - rexus.utils.env_manager - [33mWARNING[0m - Variable de entorno 'REXUS_DEV_PASSWORD' no encontrada, usando default
2025-08-14 12:29:21 - rexus - [32mINFO[0m - Sistema de logging inicializado
2025-08-14 12:29:21 - cache - [32mINFO[0m - Sistema de logging inicializado
2025-08-14 12:29:21 - cache_manager - [32mINFO[0m - Sistema de logging inicializado
2025-08-14 12:29:21 - cache_manager - [32mINFO[0m - CacheManager inicializado
2025-08-14 12:29:21 - database_pool - [32mINFO[0m - Sistema de logging inicializado
2025-08-14 12:29:21 - database_pool_manager - [32mINFO[0m - Sistema de logging inicializado
2025-08-14 12:29:21 - backup - [32mINFO[0m - Sistema de logging inicializado
2025-08-14 12:29:21 - backup_manager - [32mINFO[0m - Sistema de logging inicializado
2025-08-14 12:29:21 - backup_manager - [32mINFO[0m - BackupManager inicializado
2025-08-14 12:29:22 - api_server - [32mINFO[0m - Sistema de logging inicializado
2025-08-14 12:29:22 - rexus.utils.env_manager - [32mINFO[0m - Variables de entorno cargadas desde .env
2025-08-14 12:29:22 - rexus.utils.env_manager - [33mWARNING[0m - Variable de entorno 'REXUS_DEV_PASSWORD' no encontrada, usando default
2025-08-14 12:29:22 - rexus.utils.env_manager - [33mWARNING[0m - Variable de entorno 'REXUS_DEV_PASSWORD' no encontrada, usando default
2025-08-14 12:29:25 - theme_manager - [32mINFO[0m - Sistema de logging inicializado
2025-08-14 12:29:25 - theme_manager - [32mINFO[0m - ThemeManager inicializado
2025-08-14 12:29:25 - advanced_feedback - [32mINFO[0m - Sistema de logging inicializado
2025-08-14 12:29:25 - feedback_manager - [32mINFO[0m - Sistema de logging inicializado
2025-08-14 12:29:25 - feedback_mixin - [32mINFO[0m - Sistema de logging inicializado
2025-08-14 12:31:45 - rexus - [32mINFO[0m - Sistema de logging inicializado
2025-08-14 12:31:45 - cache - [32mINFO[0m - Sistema de logging inicializado
2025-08-14 12:31:45 - cache_manager - [32mINFO[0m - Sistema de logging inicializado
2025-08-14 12:31:45 - cache_manager - [32mINFO[0m - CacheManager inicializado
2025-08-14 12:31:45 - database_pool - [32mINFO[0m - Sistema de logging inicializado
2025-08-14 12:31:45 - database_pool_manager - [32mINFO[0m - Sistema de logging inicializado
2025-08-14 12:31:45 - backup - [32mINFO[0m - Sistema de logging inicializado
2025-08-14 12:31:45 - backup_manager - [32mINFO[0m - Sistema de logging inicializado
2025-08-14 12:31:45 - backup_manager - [32mINFO[0m - BackupManager inicializado
2025-08-14 12:31:45 - api_server - [32mINFO[0m - Sistema de logging inicializado
2025-08-14 12:49:51 - rexus - [32mINFO[0m - Sistema de logging inicializado
2025-08-14 12:49:51 - cache - [32mINFO[0m - Sistema de logging inicializado
2025-08-14 12:49:51 - cache_manager - [32mINFO[0m - Sistema de logging inicializado
2025-08-14 12:49:51 - cache_manager - [32mINFO[0m - CacheManager inicializado
2025-08-14 12:49:51 - database_pool - [32mINFO[0m - Sistema de logging inicializado
2025-08-14 12:49:51 - database_pool_manager - [32mINFO[0m - Sistema de logging inicializado
2025-08-14 12:49:51 - backup - [32mINFO[0m - Sistema de logging inicializado
2025-08-14 12:49:51 - backup_manager - [32mINFO[0m - Sistema de logging inicializado
2025-08-14 12:49:51 - backup_manager - [32mINFO[0m - BackupManager inicializado
2025-08-14 12:49:51 - rexus.errors - [31mERROR[0m - Uncaught exception: UnicodeEncodeError: 'charmap' codec can't encode character '\U0001f527' in position 0: character maps to <undefined>
Traceback (most recent call last):
  File "<string>", line 44, in <module>
  File "C:\Python310\lib\encodings\cp1252.py", line 19, in encode
    return codecs.charmap_encode(input,self.errors,encoding_table)[0]
UnicodeEncodeError: 'charmap' codec can't encode character '\U0001f527' in position 0: character maps to <undefined>
2025-08-16 18:44:04 - rexus - [32mINFO[0m - Sistema de logging inicializado
2025-08-16 18:44:04 - cache - [32mINFO[0m - Sistema de logging inicializado
2025-08-16 18:44:04 - cache_manager - [32mINFO[0m - Sistema de logging inicializado
2025-08-16 18:44:04 - cache_manager - [32mINFO[0m - CacheManager inicializado
2025-08-16 18:44:05 - rexus.modules.herrajes.inventario_integration - [33mWARNING[0m - Sin conexión a BD - funciones limitadas
2025-08-16 18:44:05 - rexus.modules.herrajes.inventario_integration - [33mWARNING[0m - Sin conexión a BD - funciones limitadas
2025-08-16 18:52:04 - rexus - [32mINFO[0m - Sistema de logging inicializado
2025-08-16 18:52:04 - cache - [32mINFO[0m - Sistema de logging inicializado
2025-08-16 18:52:04 - cache_manager - [32mINFO[0m - Sistema de logging inicializado
2025-08-16 18:52:04 - cache_manager - [32mINFO[0m - CacheManager inicializado
2025-08-16 18:52:04 - rexus.modules.herrajes.inventario_integration - [33mWARNING[0m - Sin conexión a BD - funciones limitadas
2025-08-16 18:52:05 - rexus.modules.herrajes.inventario_integration - [33mWARNING[0m - Sin conexión a BD - funciones limitadas
2025-08-16 18:53:13 - rexus - [32mINFO[0m - Sistema de logging inicializado
2025-08-16 18:53:13 - cache - [32mINFO[0m - Sistema de logging inicializado
2025-08-16 18:53:13 - cache_manager - [32mINFO[0m - Sistema de logging inicializado
2025-08-16 18:53:13 - cache_manager - [32mINFO[0m - CacheManager inicializado
2025-08-16 18:53:14 - rexus.modules.herrajes.inventario_integration - [33mWARNING[0m - Sin conexión a BD - funciones limitadas
2025-08-16 18:53:14 - rexus.modules.herrajes.inventario_integration - [33mWARNING[0m - Sin conexión a BD - funciones limitadas
2025-08-16 18:53:56 - rexus - [32mINFO[0m - Sistema de logging inicializado
2025-08-16 18:53:56 - cache - [32mINFO[0m - Sistema de logging inicializado
2025-08-16 18:53:56 - cache_manager - [32mINFO[0m - Sistema de logging inicializado
2025-08-16 18:53:56 - cache_manager - [32mINFO[0m - CacheManager inicializado
2025-08-16 18:53:57 - rexus.modules.herrajes.inventario_integration - [33mWARNING[0m - Sin conexión a BD - funciones limitadas
2025-08-16 18:53:57 - rexus.modules.herrajes.inventario_integration - [33mWARNING[0m - Sin conexión a BD - funciones limitadas
2025-08-16 18:55:33 - rexus - [32mINFO[0m - Sistema de logging inicializado
2025-08-16 18:55:33 - cache - [32mINFO[0m - Sistema de logging inicializado
2025-08-16 18:55:33 - cache_manager - [32mINFO[0m - Sistema de logging inicializado
2025-08-16 18:55:33 - cache_manager - [32mINFO[0m - CacheManager inicializado
2025-08-16 18:55:33 - rexus.modules.herrajes.inventario_integration - [33mWARNING[0m - Sin conexión a BD - funciones limitadas
2025-08-16 18:55:34 - rexus.modules.herrajes.inventario_integration - [33mWARNING[0m - Sin conexión a BD - funciones limitadas
2025-08-16 19:21:42 - rexus - [32mINFO[0m - Sistema de logging inicializado
2025-08-16 19:21:42 - cache - [32mINFO[0m - Sistema de logging inicializado
2025-08-16 19:21:42 - cache_manager - [32mINFO[0m - Sistema de logging inicializado
2025-08-16 19:21:42 - cache_manager - [32mINFO[0m - CacheManager inicializado
2025-08-16 19:21:43 - rexus.modules.herrajes.inventario_integration - [33mWARNING[0m - Sin conexión a BD - funciones limitadas
2025-08-16 19:21:43 - rexus.modules.herrajes.inventario_integration - [33mWARNING[0m - Sin conexión a BD - funciones limitadas
2025-08-16 19:22:41 - rexus - [32mINFO[0m - Sistema de logging inicializado
2025-08-16 19:22:41 - cache - [32mINFO[0m - Sistema de logging inicializado
2025-08-16 19:22:41 - cache_manager - [32mINFO[0m - Sistema de logging inicializado
2025-08-16 19:22:41 - cache_manager - [32mINFO[0m - CacheManager inicializado
2025-08-16 19:22:50 - rexus - [32mINFO[0m - Sistema de logging inicializado
2025-08-16 19:22:50 - cache - [32mINFO[0m - Sistema de logging inicializado
2025-08-16 19:22:50 - cache_manager - [32mINFO[0m - Sistema de logging inicializado
2025-08-16 19:22:50 - cache_manager - [32mINFO[0m - CacheManager inicializado
2025-08-16 19:22:51 - rexus.modules.herrajes.inventario_integration - [33mWARNING[0m - Sin conexión a BD - funciones limitadas
2025-08-16 19:22:51 - rexus.modules.herrajes.inventario_integration - [33mWARNING[0m - Sin conexión a BD - funciones limitadas
2025-08-16 19:23:06 - rexus - [32mINFO[0m - Sistema de logging inicializado
2025-08-16 19:23:06 - cache - [32mINFO[0m - Sistema de logging inicializado
2025-08-16 19:23:06 - cache_manager - [32mINFO[0m - Sistema de logging inicializado
2025-08-16 19:23:06 - cache_manager - [32mINFO[0m - CacheManager inicializado
2025-08-16 19:23:06 - rexus.modules.herrajes.inventario_integration - [33mWARNING[0m - Sin conexión a BD - funciones limitadas
2025-08-16 19:24:19 - rexus - [32mINFO[0m - Sistema de logging inicializado
2025-08-16 19:24:19 - cache - [32mINFO[0m - Sistema de logging inicializado
2025-08-16 19:24:19 - cache_manager - [32mINFO[0m - Sistema de logging inicializado
2025-08-16 19:24:19 - cache_manager - [32mINFO[0m - CacheManager inicializado
2025-08-16 19:24:19 - rexus.modules.herrajes.inventario_integration - [33mWARNING[0m - Sin conexión a BD - funciones limitadas
2025-08-16 19:24:19 - rexus.modules.herrajes.inventario_integration - [33mWARNING[0m - Sin conexión a BD - funciones limitadas
2025-08-16 19:24:43 - rexus - [32mINFO[0m - Sistema de logging inicializado
2025-08-16 19:24:43 - cache - [32mINFO[0m - Sistema de logging inicializado
2025-08-16 19:24:43 - cache_manager - [32mINFO[0m - Sistema de logging inicializado
2025-08-16 19:24:43 - cache_manager - [32mINFO[0m - CacheManager inicializado
2025-08-16 19:25:03 - rexus - [32mINFO[0m - Sistema de logging inicializado
2025-08-16 19:25:03 - cache - [32mINFO[0m - Sistema de logging inicializado
2025-08-16 19:25:03 - cache_manager - [32mINFO[0m - Sistema de logging inicializado
2025-08-16 19:25:03 - cache_manager - [32mINFO[0m - CacheManager inicializado
2025-08-16 19:25:04 - rexus.modules.herrajes.inventario_integration - [33mWARNING[0m - Sin conexión a BD - funciones limitadas
2025-08-16 19:25:04 - rexus.modules.herrajes.inventario_integration - [33mWARNING[0m - Sin conexión a BD - funciones limitadas
2025-08-16 19:25:39 - rexus - [32mINFO[0m - Sistema de logging inicializado
2025-08-16 19:25:39 - cache - [32mINFO[0m - Sistema de logging inicializado
2025-08-16 19:25:39 - cache_manager - [32mINFO[0m - Sistema de logging inicializado
2025-08-16 19:25:39 - cache_manager - [32mINFO[0m - CacheManager inicializado
2025-08-16 19:25:39 - rexus.modules.herrajes.inventario_integration - [33mWARNING[0m - Sin conexión a BD - funciones limitadas
2025-08-16 19:25:39 - rexus.modules.herrajes.inventario_integration - [33mWARNING[0m - Sin conexión a BD - funciones limitadas
2025-08-16 19:26:11 - rexus - [32mINFO[0m - Sistema de logging inicializado
2025-08-16 19:26:11 - cache - [32mINFO[0m - Sistema de logging inicializado
2025-08-16 19:26:11 - cache_manager - [32mINFO[0m - Sistema de logging inicializado
2025-08-16 19:26:11 - cache_manager - [32mINFO[0m - CacheManager inicializado
2025-08-16 19:26:11 - rexus.modules.herrajes.inventario_integration - [33mWARNING[0m - Sin conexión a BD - funciones limitadas
2025-08-16 19:26:11 - rexus.modules.herrajes.inventario_integration - [33mWARNING[0m - Sin conexión a BD - funciones limitadas
2025-08-16 19:27:08 - rexus - [32mINFO[0m - Sistema de logging inicializado
2025-08-16 19:27:08 - cache - [32mINFO[0m - Sistema de logging inicializado
2025-08-16 19:27:08 - cache_manager - [32mINFO[0m - Sistema de logging inicializado
2025-08-16 19:27:08 - cache_manager - [32mINFO[0m - CacheManager inicializado
2025-08-16 19:27:08 - rexus.modules.herrajes.inventario_integration - [33mWARNING[0m - Sin conexión a BD - funciones limitadas
2025-08-16 19:27:08 - rexus.modules.herrajes.inventario_integration - [33mWARNING[0m - Sin conexión a BD - funciones limitadas
2025-08-16 19:29:24 - rexus - [32mINFO[0m - Sistema de logging inicializado
2025-08-16 19:29:24 - cache - [32mINFO[0m - Sistema de logging inicializado
2025-08-16 19:29:24 - cache_manager - [32mINFO[0m - Sistema de logging inicializado
2025-08-16 19:29:24 - cache_manager - [32mINFO[0m - CacheManager inicializado
2025-08-16 19:29:24 - rexus.modules.herrajes.inventario_integration - [33mWARNING[0m - Sin conexión a BD - funciones limitadas
2025-08-16 19:29:24 - rexus.modules.herrajes.inventario_integration - [33mWARNING[0m - Sin conexión a BD - funciones limitadas
2025-08-16 19:37:46 - rexus - [32mINFO[0m - Sistema de logging inicializado
2025-08-16 19:37:46 - cache - [32mINFO[0m - Sistema de logging inicializado
2025-08-16 19:37:46 - cache_manager - [32mINFO[0m - Sistema de logging inicializado
2025-08-16 19:37:46 - cache_manager - [32mINFO[0m - CacheManager inicializado
2025-08-16 19:37:47 - rexus.modules.herrajes.inventario_integration - [33mWARNING[0m - Sin conexión a BD - funciones limitadas
2025-08-16 19:37:47 - rexus.modules.herrajes.inventario_integration - [33mWARNING[0m - Sin conexión a BD - funciones limitadas
2025-08-16 19:42:51 - rexus - [32mINFO[0m - Sistema de logging inicializado
2025-08-16 19:42:51 - cache - [32mINFO[0m - Sistema de logging inicializado
2025-08-16 19:42:51 - cache_manager - [32mINFO[0m - Sistema de logging inicializado
2025-08-16 19:42:51 - cache_manager - [32mINFO[0m - CacheManager inicializado
2025-08-16 19:42:51 - rexus.modules.herrajes.inventario_integration - [33mWARNING[0m - Sin conexión a BD - funciones limitadas
2025-08-16 19:42:51 - rexus.modules.herrajes.inventario_integration - [33mWARNING[0m - Sin conexión a BD - funciones limitadas
2025-08-16 19:43:08 - rexus - [32mINFO[0m - Sistema de logging inicializado
2025-08-16 19:43:08 - cache - [32mINFO[0m - Sistema de logging inicializado
2025-08-16 19:43:08 - cache_manager - [32mINFO[0m - Sistema de logging inicializado
2025-08-16 19:43:08 - cache_manager - [32mINFO[0m - CacheManager inicializado
2025-08-16 19:43:08 - rexus.modules.herrajes.inventario_integration - [33mWARNING[0m - Sin conexión a BD - funciones limitadas
2025-08-16 19:43:08 - rexus.modules.herrajes.inventario_integration - [33mWARNING[0m - Sin conexión a BD - funciones limitadas
2025-08-16 19:46:25 - rexus - [32mINFO[0m - Sistema de logging inicializado
2025-08-16 19:46:25 - cache - [32mINFO[0m - Sistema de logging inicializado
2025-08-16 19:46:25 - cache_manager - [32mINFO[0m - Sistema de logging inicializado
2025-08-16 19:46:25 - cache_manager - [32mINFO[0m - CacheManager inicializado
2025-08-16 19:49:12 - rexus - [32mINFO[0m - Sistema de logging inicializado
2025-08-16 19:49:12 - cache - [32mINFO[0m - Sistema de logging inicializado
2025-08-16 19:49:12 - cache_manager - [32mINFO[0m - Sistema de logging inicializado
2025-08-16 19:49:12 - cache_manager - [32mINFO[0m - CacheManager inicializado
2025-08-16 19:52:55 - rexus - [32mINFO[0m - Sistema de logging inicializado
2025-08-16 19:52:55 - cache - [32mINFO[0m - Sistema de logging inicializado
2025-08-16 19:52:55 - cache_manager - [32mINFO[0m - Sistema de logging inicializado
2025-08-16 19:52:55 - cache_manager - [32mINFO[0m - CacheManager inicializado
2025-08-16 19:53:49 - rexus - [32mINFO[0m - Sistema de logging inicializado
2025-08-16 19:53:49 - cache - [32mINFO[0m - Sistema de logging inicializado
2025-08-16 19:53:49 - cache_manager - [32mINFO[0m - Sistema de logging inicializado
2025-08-16 19:53:49 - cache_manager - [32mINFO[0m - CacheManager inicializado
2025-08-21 18:05:04 - rexus - [32mINFO[0m - Sistema de logging inicializado
2025-08-21 18:05:04 - rexus.modules.notificaciones.view - [32mINFO[0m - Sistema de logging inicializado
2025-08-21 18:05:04 - rexus.modules.notificaciones.view - [32mINFO[0m[0m - Sistema de logging inicializado
2025-08-21 18:05:04 - rexus.configuracion.advanced - [32mINFO[0m - Plantilla de configuración creada: Desarrollo en categoría Entorno
2025-08-21 18:05:04 - rexus.configuracion.advanced - [32mINFO[0m - Plantilla de configuración creada: Producción en categoría Entorno
2025-08-21 18:05:04 - rexus.configuracion.advanced - [32mINFO[0m - Regla de validación agregada para session_timeout
2025-08-21 18:05:04 - rexus.configuracion.advanced - [32mINFO[0m - Regla de validación agregada para theme
2025-08-21 18:05:04 - rexus.configuracion.advanced - [32mINFO[0m - Configuraciones avanzadas inicializadas
2025-08-21 18:05:04 - rexus.configuracion.model - [32mINFO[0m - Funcionalidades avanzadas de configuración inicializadas
2025-08-21 18:05:04 - rexus.core.database - [32mINFO[0m - Intentando conectar a la base de datos
2025-08-21 18:05:04 - rexus.core.database - [32mINFO[0m - Servidor: ITACHI\SQLEXPRESS
2025-08-21 18:05:04 - rexus.core.database - [32mINFO[0m - Base de datos: users
2025-08-21 18:05:04 - rexus.core.database - [32mINFO[0m - Driver: ODBC Driver 17 for SQL Server
2025-08-21 18:05:04 - rexus.core.database - [32mINFO[0m - Usuario: sa
2025-08-21 18:05:04 - rexus.core.database - [32mINFO[0m - Conexión exitosa OK
2025-08-21 18:05:04 - rexus.usuarios.model - [32mINFO[0m - UsuariosModel estableció conexión automáticamente
2025-08-21 18:05:04 - rexus.usuarios.model - [32mINFO[0m - OK [USUARIOS] Utilidades de seguridad cargadas
2025-08-21 18:05:04 - rexus.usuarios.controller - [33mWARNING[0m - Conexión de BD no disponible para usuarios
2025-08-21 18:05:04 - rexus.usuarios.controller - [33mWARNING[0m - Vista no disponible para usuarios
2025-08-21 18:05:04 - rexus.usuarios.controller - [32mINFO[0m - Validación de componentes usuarios completada
2025-08-21 18:05:04 - rexus.inventario.controller - [32mINFO[0m - Inicializando controlador completo de inventario
2025-08-21 18:05:04 - rexus.inventario.controller - [33mWARNING[0m - No hay vista disponible para conectar señales
2025-08-21 18:05:04 - rexus.inventario.controller - [32mINFO[0m - Controlador de inventario inicializado exitosamente
2025-08-21 18:05:04 - rexus.obras.controller - [31mERROR[0m - CRITICO: Modelo de obras no disponible
2025-08-21 18:05:04 - rexus.obras.controller - [33mWARNING[0m - Vista de obras no disponible
2025-08-21 18:05:04 - rexus.obras.controller - [33mWARNING[0m - Conexión de base de datos no disponible
2025-08-21 18:05:04 - rexus.obras.controller - [32mINFO[0m - Validación de componentes completada
2025-08-21 18:05:04 - rexus.obras.controller - [33mWARNING[0m - Vista no disponible durante inicialización del controlador de obras
2025-08-21 18:05:04 - rexus.compras.controller - [33mWARNING[0m - Conexión de BD no disponible para compras
2025-08-21 18:05:04 - rexus.compras.controller - [33mWARNING[0m - Vista no disponible para compras
2025-08-21 18:05:04 - rexus.compras.controller - [32mINFO[0m - Validación de componentes compras completada
2025-08-21 18:05:04 - rexus.core.database - [32mINFO[0m - Cambiado a base de datos: inventario
2025-08-21 18:05:04 - rexus.compras.controller - [31mERROR[0m - Error cargando datos iniciales: 'NoneType' object has no attribute 'cargar_compras_en_tabla'
2025-08-21 23:17:45 - rexus - [32mINFO[0m - Sistema de logging inicializado
2025-08-21 23:17:45 - rexus.core.database_manager - [32mINFO[0m - Sistema de logging inicializado
2025-08-21 23:17:45 - rexus.core.database_manager - [32mINFO[0m[0m - Sistema de logging inicializado
2025-08-21 23:17:47 - rexus.inventario.model - [32mINFO[0m - Submódulos especializados cargados
2025-08-21 23:17:47 - rexus.configuracion.advanced - [32mINFO[0m - Plantilla de configuración creada: Desarrollo en categoría Entorno
2025-08-21 23:17:47 - rexus.configuracion.advanced - [32mINFO[0m - Plantilla de configuración creada: Producción en categoría Entorno
2025-08-21 23:17:47 - rexus.configuracion.advanced - [32mINFO[0m - Regla de validación agregada para session_timeout
2025-08-21 23:17:47 - rexus.configuracion.advanced - [32mINFO[0m - Regla de validación agregada para theme
2025-08-21 23:17:47 - rexus.configuracion.advanced - [32mINFO[0m - Configuraciones avanzadas inicializadas
2025-08-21 23:17:47 - rexus.configuracion.model - [32mINFO[0m - Funcionalidades avanzadas de configuración inicializadas
2025-08-21 23:17:47 - rexus.core.database - [32mINFO[0m - Intentando conectar a la base de datos
2025-08-21 23:17:47 - rexus.core.database - [32mINFO[0m - Servidor: ITACHI\SQLEXPRESS
2025-08-21 23:17:47 - rexus.core.database - [32mINFO[0m - Base de datos: users
2025-08-21 23:17:47 - rexus.core.database - [32mINFO[0m - Driver: ODBC Driver 17 for SQL Server
2025-08-21 23:17:47 - rexus.core.database - [32mINFO[0m - Usuario: sa
2025-08-21 23:17:47 - rexus.core.database - [32mINFO[0m - Conexión exitosa OK
2025-08-21 23:17:47 - rexus.usuarios.model - [32mINFO[0m - UsuariosModel estableció conexión automáticamente
2025-08-21 23:17:47 - rexus.usuarios.model - [32mINFO[0m - OK [USUARIOS] Utilidades de seguridad cargadas
2025-08-21 23:17:47 - rexus.usuarios.controller - [33mWARNING[0m - Conexión de BD no disponible para usuarios
2025-08-21 23:17:47 - rexus.usuarios.controller - [33mWARNING[0m - Vista no disponible para usuarios
2025-08-21 23:17:47 - rexus.usuarios.controller - [32mINFO[0m - Validación de componentes usuarios completada
2025-08-21 23:17:47 - rexus.inventario.controller - [32mINFO[0m - Inicializando controlador completo de inventario
2025-08-22 13:31:20 - rexus - [32mINFO[0m - Sistema de logging inicializado
2025-08-22 13:31:20 - rexus.modules.notificaciones.view - [32mINFO[0m - Sistema de logging inicializado
2025-08-22 13:31:20 - rexus.modules.notificaciones.view - [32mINFO[0m[0m - Sistema de logging inicializado
2025-08-22 13:31:20 - rexus.modules.notificaciones.view - [32mINFO[0m - Vista de notificaciones inicializada
2025-08-22 13:31:20 - rexus.modules.notificaciones.view - [32mINFO[0m[0m - Vista de notificaciones inicializada
2025-08-22 13:31:23 - rexus.configuracion.controller - [31mERROR[0m - [ERROR CONFIGURACION CONTROLLER] Error cargando configuraciones: object of type 'Mock' has no len()
2025-08-22 13:31:23 - rexus.configuracion.controller - [31mERROR[0m - [ERROR CONFIGURACION CONTROLLER] Error cargando configuraciones: object of type 'Mock' has no len()
2025-08-22 13:31:23 - rexus.usuarios.controller - [33mWARNING[0m - Conexión de BD no disponible para usuarios
2025-08-22 13:31:23 - rexus.usuarios.controller - [33mWARNING[0m - Vista no disponible para usuarios
2025-08-22 13:31:23 - rexus.usuarios.controller - [32mINFO[0m - Validación de componentes usuarios completada
2025-08-22 13:31:23 - rexus.usuarios.controller - [33mWARNING[0m - Conexión de BD no disponible para usuarios
2025-08-22 13:31:23 - rexus.usuarios.controller - [33mWARNING[0m - Vista no disponible para usuarios
2025-08-22 13:31:23 - rexus.usuarios.controller - [32mINFO[0m - Validación de componentes usuarios completada
2025-08-22 13:31:23 - rexus.usuarios.controller - [33mWARNING[0m - Conexión de BD no disponible para usuarios
2025-08-22 13:31:23 - rexus.usuarios.controller - [33mWARNING[0m - Vista no disponible para usuarios
2025-08-22 13:31:23 - rexus.usuarios.controller - [32mINFO[0m - Validación de componentes usuarios completada
2025-08-22 13:31:23 - rexus.usuarios.controller - [33mWARNING[0m - Conexión de BD no disponible para usuarios
2025-08-22 13:31:23 - rexus.usuarios.controller - [33mWARNING[0m - Vista no disponible para usuarios
2025-08-22 13:31:23 - rexus.usuarios.controller - [32mINFO[0m - Validación de componentes usuarios completada
2025-08-22 13:31:23 - rexus.usuarios.controller - [31mERROR[0m - Error inesperado cargando usuarios: object of type 'Mock' has no len()
Traceback (most recent call last):
  File "D:\martin\Rexus.app\rexus\modules\usuarios\controller.py", line 133, in cargar_usuarios
    self.logger.info(f"Cargados {len(usuarios)} usuarios")
TypeError: object of type 'Mock' has no len()
2025-08-22 13:31:23 - rexus.usuarios.controller - [33mWARNING[0m - Conexión de BD no disponible para usuarios
2025-08-22 13:31:23 - rexus.usuarios.controller - [33mWARNING[0m - Vista no disponible para usuarios
2025-08-22 13:31:23 - rexus.usuarios.controller - [32mINFO[0m - Validación de componentes usuarios completada
2025-08-22 13:31:23 - rexus.usuarios.controller - [32mINFO[0m - AUDITORIA: Inicio de sesión exitoso - usuarios - {'usuario_id': 1, 'username': 'testuser'}
2025-08-22 13:31:23 - rexus.security - [32mINFO[0m - [SECURITY-INFO] Login exitoso para usuario 'testuser' | Usuario: testuser
2025-08-22 13:31:23 - rexus.usuarios.controller - [33mWARNING[0m - Conexión de BD no disponible para usuarios
2025-08-22 13:31:23 - rexus.usuarios.controller - [33mWARNING[0m - Vista no disponible para usuarios
2025-08-22 13:31:23 - rexus.usuarios.controller - [32mINFO[0m - Validación de componentes usuarios completada
2025-08-22 13:31:23 - rexus.usuarios.controller - [33mWARNING[0m - Conexión de BD no disponible para usuarios
2025-08-22 13:31:23 - rexus.usuarios.controller - [33mWARNING[0m - Vista no disponible para usuarios
2025-08-22 13:31:23 - rexus.usuarios.controller - [32mINFO[0m - Validación de componentes usuarios completada
2025-08-22 13:31:23 - rexus.usuarios.controller - [33mWARNING[0m - Conexión de BD no disponible para usuarios
2025-08-22 13:31:23 - rexus.usuarios.controller - [33mWARNING[0m - Vista no disponible para usuarios
2025-08-22 13:31:23 - rexus.usuarios.controller - [32mINFO[0m - Validación de componentes usuarios completada
2025-08-22 13:31:23 - rexus.usuarios.controller - [31mERROR[0m - Error autenticando usuario: name 'logger' is not defined
Traceback (most recent call last):
  File "D:\martin\Rexus.app\rexus\modules\usuarios\controller.py", line 415, in autenticar_usuario
    logger.warning(f"[SECURITY] Intento de login con username vacío")
NameError: name 'logger' is not defined
2025-08-22 13:31:23 - rexus.usuarios.controller - [32mINFO[0m - AUDITORIA: Error en proceso de autenticación - usuarios - {'username': '', 'error': "name 'logger' is not defined"}
2025-08-22 13:31:23 - rexus.usuarios.controller - [33mWARNING[0m - Conexión de BD no disponible para usuarios
2025-08-22 13:31:23 - rexus.usuarios.controller - [33mWARNING[0m - Vista no disponible para usuarios
2025-08-22 13:31:23 - rexus.usuarios.controller - [32mINFO[0m - Validación de componentes usuarios completada
2025-08-22 13:31:23 - rexus.usuarios.controller - [31mERROR[0m - Error autenticando usuario: name 'logger' is not defined
Traceback (most recent call last):
  File "D:\martin\Rexus.app\rexus\modules\usuarios\controller.py", line 443, in autenticar_usuario
    logger.warning(f"[SECURITY] Intento de login con usuario inexistente: {username}")
NameError: name 'logger' is not defined
2025-08-22 13:31:23 - rexus.usuarios.controller - [32mINFO[0m - AUDITORIA: Error en proceso de autenticación - usuarios - {'username': 'user', 'error': "name 'logger' is not defined"}
2025-08-22 13:31:23 - rexus.usuarios.controller - [33mWARNING[0m - Conexión de BD no disponible para usuarios
2025-08-22 13:31:23 - rexus.usuarios.controller - [33mWARNING[0m - Vista no disponible para usuarios
2025-08-22 13:31:23 - rexus.usuarios.controller - [32mINFO[0m - Validación de componentes usuarios completada
2025-08-22 13:31:23 - rexus.usuarios.controller - [31mERROR[0m - Error autenticando usuario: name 'logger' is not defined
Traceback (most recent call last):
  File "D:\martin\Rexus.app\rexus\modules\usuarios\controller.py", line 443, in autenticar_usuario
    logger.warning(f"[SECURITY] Intento de login con usuario inexistente: {username}")
NameError: name 'logger' is not defined
2025-08-22 13:31:23 - rexus.usuarios.controller - [32mINFO[0m - AUDITORIA: Error en proceso de autenticación - usuarios - {'username': 'admin', 'error': "name 'logger' is not defined"}
2025-08-22 13:31:23 - rexus.usuarios.controller - [33mWARNING[0m - Conexión de BD no disponible para usuarios
2025-08-22 13:31:23 - rexus.usuarios.controller - [33mWARNING[0m - Vista no disponible para usuarios
2025-08-22 13:31:23 - rexus.usuarios.controller - [32mINFO[0m - Validación de componentes usuarios completada
2025-08-22 13:31:23 - rexus.usuarios.controller - [32mINFO[0m - AUDITORIA: Inicio de sesión exitoso - usuarios - {'usuario_id': 1, 'username': 'testuser'}
2025-08-22 13:31:23 - rexus.security - [32mINFO[0m - [SECURITY-INFO] Login exitoso para usuario 'testuser' | Usuario: testuser
2025-08-22 14:09:19 - rexus - [32mINFO[0m - Sistema de logging inicializado
2025-08-22 14:09:19 - rexus.core.database_manager - [32mINFO[0m - Sistema de logging inicializado
2025-08-22 14:09:19 - rexus.core.database_manager - [32mINFO[0m[0m - Sistema de logging inicializado
2025-08-22 14:09:20 - rexus.inventario.model - [32mINFO[0m - Submódulos especializados cargados
2025-08-22 14:09:20 - rexus.vidrios.model - [32mINFO[0m - Sistema unificado de sanitización cargado
2025-08-22 14:09:20 - rexus.modules.notificaciones.view - [32mINFO[0m - Sistema de logging inicializado
2025-08-22 14:09:20 - rexus.modules.notificaciones.view - [32mINFO[0m[0m - Sistema de logging inicializado
2025-08-22 14:09:20 - rexus.core.database_manager - [32mINFO[0m - DatabaseManager inicializado
2025-08-22 14:09:20 - rexus.core.database_manager - [32mINFO[0m[0m - DatabaseManager inicializado
2025-08-22 14:09:20 - rexus.configuracion.advanced - [32mINFO[0m - Plantilla de configuración creada: Desarrollo en categoría Entorno
2025-08-22 14:09:20 - rexus.configuracion.advanced - [32mINFO[0m - Plantilla de configuración creada: Producción en categoría Entorno
2025-08-22 14:09:20 - rexus.configuracion.advanced - [32mINFO[0m - Regla de validación agregada para session_timeout
2025-08-22 14:09:20 - rexus.configuracion.advanced - [32mINFO[0m - Regla de validación agregada para theme
2025-08-22 14:09:20 - rexus.configuracion.advanced - [32mINFO[0m - Configuraciones avanzadas inicializadas
2025-08-22 14:09:20 - rexus.configuracion.model - [32mINFO[0m - Funcionalidades avanzadas de configuración inicializadas
2025-08-22 14:09:20 - rexus.core.database - [32mINFO[0m - Intentando conectar a la base de datos
2025-08-22 14:09:20 - rexus.core.database - [32mINFO[0m - Servidor: ITACHI\SQLEXPRESS
2025-08-22 14:09:20 - rexus.core.database - [32mINFO[0m - Base de datos: users
2025-08-22 14:09:20 - rexus.core.database - [32mINFO[0m - Driver: ODBC Driver 17 for SQL Server
2025-08-22 14:09:20 - rexus.core.database - [32mINFO[0m - Usuario: sa
2025-08-22 14:09:20 - rexus.core.database - [32mINFO[0m - Conexión exitosa OK
2025-08-22 14:09:20 - rexus.usuarios.model - [32mINFO[0m - UsuariosModel estableció conexión automáticamente
2025-08-22 14:09:20 - rexus.usuarios.model - [32mINFO[0m - OK [USUARIOS] Utilidades de seguridad cargadas
2025-08-22 14:09:20 - rexus.usuarios.controller - [33mWARNING[0m - Conexión de BD no disponible para usuarios
2025-08-22 14:09:20 - rexus.usuarios.controller - [33mWARNING[0m - Vista no disponible para usuarios
2025-08-22 14:09:20 - rexus.usuarios.controller - [32mINFO[0m - Validación de componentes usuarios completada
2025-08-22 14:09:20 - rexus.inventario.controller - [32mINFO[0m - Inicializando controlador completo de inventario
2025-08-22 14:13:17 - rexus - [32mINFO[0m - Sistema de logging inicializado
2025-08-22 14:13:17 - rexus.core.database_manager - [32mINFO[0m - Sistema de logging inicializado
2025-08-22 14:13:17 - rexus.core.database_manager - [32mINFO[0m[0m - Sistema de logging inicializado
2025-08-22 14:13:17 - rexus.core.database_manager - [32mINFO[0m - Sistema de logging inicializado
2025-08-22 14:13:17 - rexus.core.database_manager - [32mINFO[0m[0m - Sistema de logging inicializado
2025-08-22 14:13:17 - rexus.core.database_manager - [32mINFO[0m - DatabaseManager inicializado
2025-08-22 14:13:17 - rexus.core.database_manager - [32mINFO[0m[0m - DatabaseManager inicializado
2025-08-22 14:13:28 - rexus - [32mINFO[0m - Sistema de logging inicializado
2025-08-22 14:13:28 - rexus.core.database_manager - [32mINFO[0m - Sistema de logging inicializado
2025-08-22 14:13:28 - rexus.core.database_manager - [32mINFO[0m[0m - Sistema de logging inicializado
2025-08-22 14:13:28 - rexus.core.database_manager - [32mINFO[0m - Sistema de logging inicializado
2025-08-22 14:13:28 - rexus.core.database_manager - [32mINFO[0m[0m - Sistema de logging inicializado
2025-08-22 14:13:28 - rexus.inventario.model - [32mINFO[0m - Submódulos especializados cargados
2025-08-22 18:35:45 - rexus - [32mINFO[0m - Sistema de logging inicializado
2025-08-22 18:35:45 - rexus.modules.notificaciones.view - [32mINFO[0m - Sistema de logging inicializado
2025-08-22 18:35:45 - rexus.modules.notificaciones.view - [32mINFO[0m[0m - Sistema de logging inicializado
2025-08-22 18:35:45 - rexus.modules.notificaciones.view - [32mINFO[0m - Vista de notificaciones inicializada
2025-08-22 18:35:45 - rexus.modules.notificaciones.view - [32mINFO[0m[0m - Vista de notificaciones inicializada
2025-08-22 18:35:50 - rexus.compras.controller - [33mWARNING[0m - Conexión de BD no disponible para compras
2025-08-22 18:35:50 - rexus.compras.controller - [33mWARNING[0m - Vista no disponible para compras
2025-08-22 18:35:50 - rexus.compras.controller - [32mINFO[0m - Validación de componentes compras completada
2025-08-22 18:35:50 - rexus.core.database - [32mINFO[0m - Intentando conectar a la base de datos
2025-08-22 18:35:50 - rexus.core.database - [32mINFO[0m - Servidor: ITACHI\SQLEXPRESS
2025-08-22 18:35:50 - rexus.core.database - [32mINFO[0m - Base de datos: inventario
2025-08-22 18:35:50 - rexus.core.database - [32mINFO[0m - Driver: ODBC Driver 17 for SQL Server
2025-08-22 18:35:50 - rexus.core.database - [32mINFO[0m - Usuario: sa
2025-08-22 18:35:50 - rexus.core.database - [32mINFO[0m - Conexión exitosa OK
2025-08-22 18:35:50 - rexus.compras.controller - [33mWARNING[0m - Vista no disponible para cargar datos iniciales
2025-08-22 18:35:50 - rexus.compras.controller - [33mWARNING[0m - Conexión de BD no disponible para compras
2025-08-22 18:35:50 - rexus.compras.controller - [33mWARNING[0m - Vista no disponible para compras
2025-08-22 18:35:50 - rexus.compras.controller - [32mINFO[0m - Validación de componentes compras completada
2025-08-22 18:35:50 - rexus.compras.controller - [33mWARNING[0m - Vista no disponible para cargar datos iniciales
2025-08-22 18:35:50 - rexus.compras.controller - [33mWARNING[0m - Conexión de BD no disponible para compras
2025-08-22 18:35:50 - rexus.compras.controller - [33mWARNING[0m - Vista no disponible para compras
2025-08-22 18:35:50 - rexus.compras.controller - [32mINFO[0m - Validación de componentes compras completada
2025-08-22 18:35:50 - rexus.compras.controller - [33mWARNING[0m - Vista no disponible para cargar datos iniciales
2025-08-22 18:35:50 - rexus.compras.controller - [33mWARNING[0m - Conexión de BD no disponible para compras
2025-08-22 18:35:50 - rexus.compras.controller - [33mWARNING[0m - Vista no disponible para compras
2025-08-22 18:35:50 - rexus.compras.controller - [32mINFO[0m - Validación de componentes compras completada
2025-08-22 18:35:50 - rexus.compras.controller - [33mWARNING[0m - Vista no disponible para cargar datos iniciales
2025-08-22 18:35:50 - rexus.compras.controller - [33mWARNING[0m - Conexión de BD no disponible para compras
2025-08-22 18:35:50 - rexus.compras.controller - [33mWARNING[0m - Vista no disponible para compras
2025-08-22 18:35:50 - rexus.compras.controller - [32mINFO[0m - Validación de componentes compras completada
2025-08-22 18:35:50 - rexus.compras.controller - [33mWARNING[0m - Vista no disponible para cargar datos iniciales
2025-08-22 18:35:50 - rexus.compras.controller - [32mINFO[0m - Búsqueda completada: 0 resultados
2025-08-22 18:35:50 - rexus.compras.controller - [33mWARNING[0m - Conexión de BD no disponible para compras
2025-08-22 18:35:50 - rexus.compras.controller - [33mWARNING[0m - Vista no disponible para compras
2025-08-22 18:35:50 - rexus.compras.controller - [32mINFO[0m - Validación de componentes compras completada
2025-08-22 18:35:50 - rexus.compras.controller - [33mWARNING[0m - Vista no disponible para cargar datos iniciales
2025-08-22 18:35:50 - rexus.compras.controller - [32mINFO[0m - Datos iniciales cargados: 2 compras
2025-08-22 18:35:50 - rexus.compras.controller - [33mWARNING[0m - Conexión de BD no disponible para compras
2025-08-22 18:35:50 - rexus.compras.controller - [33mWARNING[0m - Vista no disponible para compras
2025-08-22 18:35:50 - rexus.compras.controller - [32mINFO[0m - Validación de componentes compras completada
2025-08-22 18:35:50 - rexus.compras.controller - [33mWARNING[0m - Vista no disponible para cargar datos iniciales
2025-08-22 18:35:50 - rexus.compras.controller - [31mERROR[0m - Error creando orden: 'impuestos'
2025-08-22 18:35:50 - rexus.compras.controller - [33mWARNING[0m - Conexión de BD no disponible para compras
2025-08-22 18:35:50 - rexus.compras.controller - [33mWARNING[0m - Vista no disponible para compras
2025-08-22 18:35:50 - rexus.compras.controller - [32mINFO[0m - Validación de componentes compras completada
2025-08-22 18:35:50 - rexus.compras.controller - [33mWARNING[0m - Vista no disponible para cargar datos iniciales
2025-08-22 18:35:50 - rexus.compras.controller - [33mWARNING[0m - Conexión de BD no disponible para compras
2025-08-22 18:35:50 - rexus.compras.controller - [33mWARNING[0m - Vista no disponible para compras
2025-08-22 18:35:50 - rexus.compras.controller - [32mINFO[0m - Validación de componentes compras completada
2025-08-22 18:35:50 - rexus.compras.controller - [33mWARNING[0m - Vista no disponible para cargar datos iniciales
2025-08-22 18:35:50 - rexus.compras.controller - [33mWARNING[0m - Conexión de BD no disponible para compras
2025-08-22 18:35:50 - rexus.compras.controller - [33mWARNING[0m - Vista no disponible para compras
2025-08-22 18:35:50 - rexus.compras.controller - [32mINFO[0m - Validación de componentes compras completada
2025-08-22 18:35:50 - rexus.compras.controller - [33mWARNING[0m - Vista no disponible para cargar datos iniciales
2025-08-22 18:35:50 - rexus.compras.controller - [33mWARNING[0m - Conexión de BD no disponible para compras
2025-08-22 18:35:50 - rexus.compras.controller - [33mWARNING[0m - Vista no disponible para compras
2025-08-22 18:35:50 - rexus.compras.controller - [32mINFO[0m - Validación de componentes compras completada
2025-08-22 18:35:50 - rexus.compras.controller - [33mWARNING[0m - Vista no disponible para cargar datos iniciales
2025-08-22 18:35:50 - rexus.compras.controller - [33mWARNING[0m - Conexión de BD no disponible para compras
2025-08-22 18:35:50 - rexus.compras.controller - [33mWARNING[0m - Vista no disponible para compras
2025-08-22 18:35:50 - rexus.compras.controller - [32mINFO[0m - Validación de componentes compras completada
2025-08-22 18:35:50 - rexus.compras.controller - [33mWARNING[0m - Vista no disponible para cargar datos iniciales
2025-08-22 18:35:50 - rexus.compras.controller - [32mINFO[0m - Integrando orden 1 con inventario
2025-08-22 18:35:50 - rexus.compras.controller - [33mWARNING[0m - Conexión de BD no disponible para compras
2025-08-22 18:35:50 - rexus.compras.controller - [33mWARNING[0m - Vista no disponible para compras
2025-08-22 18:35:50 - rexus.compras.controller - [32mINFO[0m - Validación de componentes compras completada
2025-08-22 18:35:50 - rexus.compras.controller - [33mWARNING[0m - Vista no disponible para cargar datos iniciales
2025-08-22 18:35:50 - rexus.compras.controller - [31mERROR[0m - Error cargando datos iniciales: Error de base de datos
2025-08-22 18:35:50 - rexus.compras.controller - [33mWARNING[0m - Conexión de BD no disponible para compras
2025-08-22 18:35:51 - rexus.compras.controller - [33mWARNING[0m - Vista no disponible para compras
2025-08-22 18:35:51 - rexus.compras.controller - [32mINFO[0m - Validación de componentes compras completada
2025-08-22 18:35:51 - rexus.compras.controller - [33mWARNING[0m - Vista no disponible para cargar datos iniciales
2025-08-22 18:35:51 - rexus.compras.controller - [33mWARNING[0m - Conexión de BD no disponible para compras
2025-08-22 18:35:51 - rexus.compras.controller - [33mWARNING[0m - Vista no disponible para compras
2025-08-22 18:35:51 - rexus.compras.controller - [32mINFO[0m - Validación de componentes compras completada
2025-08-22 18:35:51 - rexus.compras.controller - [33mWARNING[0m - Vista no disponible para cargar datos iniciales
2025-08-22 18:35:51 - rexus.compras.controller - [33mWARNING[0m - Conexión de BD no disponible para compras
2025-08-22 18:35:51 - rexus.compras.controller - [33mWARNING[0m - Vista no disponible para compras
2025-08-22 18:35:51 - rexus.compras.controller - [32mINFO[0m - Validación de componentes compras completada
2025-08-22 18:35:51 - rexus.compras.controller - [33mWARNING[0m - Vista no disponible para cargar datos iniciales
2025-08-22 18:35:51 - rexus.compras.controller - [33mWARNING[0m - Conexión de BD no disponible para compras
2025-08-22 18:35:51 - rexus.compras.controller - [33mWARNING[0m - Vista no disponible para compras
2025-08-22 18:35:51 - rexus.compras.controller - [32mINFO[0m - Validación de componentes compras completada
2025-08-22 18:35:51 - rexus.compras.controller - [33mWARNING[0m - Vista no disponible para cargar datos iniciales
2025-08-22 18:35:51 - rexus.configuracion.controller - [31mERROR[0m - [ERROR CONFIGURACION CONTROLLER] Error cargando configuraciones: object of type 'Mock' has no len()
2025-08-22 18:35:51 - rexus.configuracion.controller - [31mERROR[0m - [ERROR CONFIGURACION CONTROLLER] Error cargando configuraciones: object of type 'Mock' has no len()
2025-08-22 18:35:51 - rexus.inventario.controller - [32mINFO[0m - Inicializando controlador completo de inventario
2025-08-22 18:35:51 - rexus.inventario.controller - [32mINFO[0m - Vista de inventario creada automáticamente
2025-08-22 18:35:51 - rexus.inventario.controller - [32mINFO[0m - Señales de nueva vista conectadas correctamente
2025-08-22 18:35:51 - rexus.inventario.controller - [33mWARNING[0m - Botón no encontrado: btn_buscar
2025-08-22 18:35:51 - rexus.inventario.controller - [33mWARNING[0m - Botón no encontrado: btn_actualizar
2025-08-22 18:35:51 - rexus.inventario.controller - [33mWARNING[0m - Botón no encontrado: btn_limpiar
2025-08-22 18:35:51 - rexus.inventario.controller - [33mWARNING[0m - Botón no encontrado: btn_nuevo_producto
2025-08-22 18:35:51 - rexus.inventario.controller - [33mWARNING[0m - Botón no encontrado: btn_editar
2025-08-22 18:35:51 - rexus.inventario.controller - [33mWARNING[0m - Botón no encontrado: btn_eliminar
2025-08-22 18:35:51 - rexus.inventario.controller - [33mWARNING[0m - Botón no encontrado: btn_movimiento
2025-08-22 18:35:51 - rexus.inventario.controller - [33mWARNING[0m - Botón no encontrado: btn_cargar_presupuesto
2025-08-22 18:35:51 - rexus.inventario.controller - [33mWARNING[0m - Widget no encontrado: tabla_inventario
2025-08-22 18:35:51 - rexus.inventario.controller - [33mWARNING[0m - Widget no encontrado: input_busqueda
2025-08-22 18:35:51 - rexus.inventario.controller - [32mINFO[0m - Señales de vista anterior conectadas
2025-08-22 18:35:51 - rexus.inventario.controller - [32mINFO[0m - Todas las señales conectadas correctamente
2025-08-22 18:35:51 - rexus.inventario.controller - [32mINFO[0m - Controlador de inventario inicializado exitosamente
2025-08-22 18:35:51 - rexus.inventario.controller - [32mINFO[0m - Inicializando controlador completo de inventario
2025-08-22 18:35:51 - rexus.inventario.controller - [32mINFO[0m - Vista de inventario creada automáticamente
2025-08-22 18:35:51 - rexus.inventario.controller - [32mINFO[0m - Señales de nueva vista conectadas correctamente
2025-08-22 18:35:51 - rexus.inventario.controller - [33mWARNING[0m - Botón no encontrado: btn_buscar
2025-08-22 18:35:51 - rexus.inventario.controller - [33mWARNING[0m - Botón no encontrado: btn_actualizar
2025-08-22 18:35:51 - rexus.inventario.controller - [33mWARNING[0m - Botón no encontrado: btn_limpiar
2025-08-22 18:35:51 - rexus.inventario.controller - [33mWARNING[0m - Botón no encontrado: btn_nuevo_producto
2025-08-22 18:35:51 - rexus.inventario.controller - [33mWARNING[0m - Botón no encontrado: btn_editar
2025-08-22 18:35:51 - rexus.inventario.controller - [33mWARNING[0m - Botón no encontrado: btn_eliminar
2025-08-22 18:35:51 - rexus.inventario.controller - [33mWARNING[0m - Botón no encontrado: btn_movimiento
2025-08-22 18:35:51 - rexus.inventario.controller - [33mWARNING[0m - Botón no encontrado: btn_cargar_presupuesto
2025-08-22 18:35:51 - rexus.inventario.controller - [33mWARNING[0m - Widget no encontrado: tabla_inventario
2025-08-22 18:35:51 - rexus.inventario.controller - [33mWARNING[0m - Widget no encontrado: input_busqueda
2025-08-22 18:35:51 - rexus.inventario.controller - [32mINFO[0m - Señales de vista anterior conectadas
2025-08-22 18:35:51 - rexus.inventario.controller - [32mINFO[0m - Todas las señales conectadas correctamente
2025-08-22 18:35:51 - rexus.inventario.controller - [32mINFO[0m - Controlador de inventario inicializado exitosamente
2025-08-22 18:35:51 - rexus.inventario.controller - [32mINFO[0m - Inicializando controlador completo de inventario
2025-08-22 18:35:52 - rexus.inventario.controller - [32mINFO[0m - Vista de inventario creada automáticamente
2025-08-22 18:35:52 - rexus.inventario.controller - [32mINFO[0m - Señales de nueva vista conectadas correctamente
2025-08-22 18:35:52 - rexus.inventario.controller - [33mWARNING[0m - Botón no encontrado: btn_buscar
2025-08-22 18:35:52 - rexus.inventario.controller - [33mWARNING[0m - Botón no encontrado: btn_actualizar
2025-08-22 18:35:52 - rexus.inventario.controller - [33mWARNING[0m - Botón no encontrado: btn_limpiar
2025-08-22 18:35:52 - rexus.inventario.controller - [33mWARNING[0m - Botón no encontrado: btn_nuevo_producto
2025-08-22 18:35:52 - rexus.inventario.controller - [33mWARNING[0m - Botón no encontrado: btn_editar
2025-08-22 18:35:52 - rexus.inventario.controller - [33mWARNING[0m - Botón no encontrado: btn_eliminar
2025-08-22 18:35:52 - rexus.inventario.controller - [33mWARNING[0m - Botón no encontrado: btn_movimiento
2025-08-22 18:35:52 - rexus.inventario.controller - [33mWARNING[0m - Botón no encontrado: btn_cargar_presupuesto
2025-08-22 18:35:52 - rexus.inventario.controller - [33mWARNING[0m - Widget no encontrado: tabla_inventario
2025-08-22 18:35:52 - rexus.inventario.controller - [33mWARNING[0m - Widget no encontrado: input_busqueda
2025-08-22 18:35:52 - rexus.inventario.controller - [32mINFO[0m - Señales de vista anterior conectadas
2025-08-22 18:35:52 - rexus.inventario.controller - [32mINFO[0m - Todas las señales conectadas correctamente
2025-08-22 18:35:52 - rexus.inventario.controller - [32mINFO[0m - Controlador de inventario inicializado exitosamente
2025-08-22 18:35:52 - rexus.inventario.controller - [32mINFO[0m - Inicializando controlador completo de inventario
2025-08-22 18:35:52 - rexus.inventario.controller - [32mINFO[0m - Vista de inventario creada automáticamente
2025-08-22 18:35:52 - rexus.inventario.controller - [32mINFO[0m - Señales de nueva vista conectadas correctamente
2025-08-22 18:35:52 - rexus.inventario.controller - [33mWARNING[0m - Botón no encontrado: btn_buscar
2025-08-22 18:35:52 - rexus.inventario.controller - [33mWARNING[0m - Botón no encontrado: btn_actualizar
2025-08-22 18:35:52 - rexus.inventario.controller - [33mWARNING[0m - Botón no encontrado: btn_limpiar
2025-08-22 18:35:52 - rexus.inventario.controller - [33mWARNING[0m - Botón no encontrado: btn_nuevo_producto
2025-08-22 18:35:52 - rexus.inventario.controller - [33mWARNING[0m - Botón no encontrado: btn_editar
2025-08-22 18:35:52 - rexus.inventario.controller - [33mWARNING[0m - Botón no encontrado: btn_eliminar
2025-08-22 18:35:52 - rexus.inventario.controller - [33mWARNING[0m - Botón no encontrado: btn_movimiento
2025-08-22 18:35:52 - rexus.inventario.controller - [33mWARNING[0m - Botón no encontrado: btn_cargar_presupuesto
2025-08-22 18:35:52 - rexus.inventario.controller - [33mWARNING[0m - Widget no encontrado: tabla_inventario
2025-08-22 18:35:52 - rexus.inventario.controller - [33mWARNING[0m - Widget no encontrado: input_busqueda
2025-08-22 18:35:52 - rexus.inventario.controller - [32mINFO[0m - Señales de vista anterior conectadas
2025-08-22 18:35:52 - rexus.inventario.controller - [32mINFO[0m - Todas las señales conectadas correctamente
2025-08-22 18:35:52 - rexus.inventario.controller - [32mINFO[0m - Controlador de inventario inicializado exitosamente
2025-08-22 18:35:52 - rexus.inventario.controller - [32mINFO[0m - Inicializando controlador completo de inventario
2025-08-22 18:35:53 - rexus.inventario.controller - [32mINFO[0m - Vista de inventario creada automáticamente
2025-08-22 18:35:53 - rexus.inventario.controller - [32mINFO[0m - Señales de nueva vista conectadas correctamente
2025-08-22 18:35:53 - rexus.inventario.controller - [33mWARNING[0m - Botón no encontrado: btn_buscar
2025-08-22 18:35:53 - rexus.inventario.controller - [33mWARNING[0m - Botón no encontrado: btn_actualizar
2025-08-22 18:35:53 - rexus.inventario.controller - [33mWARNING[0m - Botón no encontrado: btn_limpiar
2025-08-22 18:35:53 - rexus.inventario.controller - [33mWARNING[0m - Botón no encontrado: btn_nuevo_producto
2025-08-22 18:35:53 - rexus.inventario.controller - [33mWARNING[0m - Botón no encontrado: btn_editar
2025-08-22 18:35:53 - rexus.inventario.controller - [33mWARNING[0m - Botón no encontrado: btn_eliminar
2025-08-22 18:35:53 - rexus.inventario.controller - [33mWARNING[0m - Botón no encontrado: btn_movimiento
2025-08-22 18:35:53 - rexus.inventario.controller - [33mWARNING[0m - Botón no encontrado: btn_cargar_presupuesto
2025-08-22 18:35:53 - rexus.inventario.controller - [33mWARNING[0m - Widget no encontrado: tabla_inventario
2025-08-22 18:35:53 - rexus.inventario.controller - [33mWARNING[0m - Widget no encontrado: input_busqueda
2025-08-22 18:35:53 - rexus.inventario.controller - [32mINFO[0m - Señales de vista anterior conectadas
2025-08-22 18:35:53 - rexus.inventario.controller - [32mINFO[0m - Todas las señales conectadas correctamente
2025-08-22 18:35:53 - rexus.inventario.controller - [32mINFO[0m - Controlador de inventario inicializado exitosamente
2025-08-22 18:35:53 - rexus.inventario.controller - [32mINFO[0m - Inicializando controlador completo de inventario
2025-08-22 18:35:53 - rexus.inventario.controller - [32mINFO[0m - Vista de inventario creada automáticamente
2025-08-22 18:35:53 - rexus.inventario.controller - [32mINFO[0m - Señales de nueva vista conectadas correctamente
2025-08-22 18:35:53 - rexus.inventario.controller - [33mWARNING[0m - Botón no encontrado: btn_buscar
2025-08-22 18:35:53 - rexus.inventario.controller - [33mWARNING[0m - Botón no encontrado: btn_actualizar
2025-08-22 18:35:53 - rexus.inventario.controller - [33mWARNING[0m - Botón no encontrado: btn_limpiar
2025-08-22 18:35:53 - rexus.inventario.controller - [33mWARNING[0m - Botón no encontrado: btn_nuevo_producto
2025-08-22 18:35:53 - rexus.inventario.controller - [33mWARNING[0m - Botón no encontrado: btn_editar
2025-08-22 18:35:53 - rexus.inventario.controller - [33mWARNING[0m - Botón no encontrado: btn_eliminar
2025-08-22 18:35:53 - rexus.inventario.controller - [33mWARNING[0m - Botón no encontrado: btn_movimiento
2025-08-22 18:35:53 - rexus.inventario.controller - [33mWARNING[0m - Botón no encontrado: btn_cargar_presupuesto
2025-08-22 18:35:53 - rexus.inventario.controller - [33mWARNING[0m - Widget no encontrado: tabla_inventario
2025-08-22 18:35:53 - rexus.inventario.controller - [33mWARNING[0m - Widget no encontrado: input_busqueda
2025-08-22 18:35:53 - rexus.inventario.controller - [32mINFO[0m - Señales de vista anterior conectadas
2025-08-22 18:35:53 - rexus.inventario.controller - [32mINFO[0m - Todas las señales conectadas correctamente
2025-08-22 18:35:53 - rexus.inventario.controller - [32mINFO[0m - Controlador de inventario inicializado exitosamente
2025-08-22 18:35:53 - rexus.inventario.controller - [32mINFO[0m - Iniciando exportación segura de inventario: formato=CSV
2025-08-22 18:35:53 - rexus.inventario.controller - [32mINFO[0m - Inicializando controlador completo de inventario
2025-08-22 18:35:53 - rexus.inventario.controller - [32mINFO[0m - Vista de inventario creada automáticamente
2025-08-22 18:35:53 - rexus.inventario.controller - [32mINFO[0m - Señales de nueva vista conectadas correctamente
2025-08-22 18:35:53 - rexus.inventario.controller - [33mWARNING[0m - Botón no encontrado: btn_buscar
2025-08-22 18:35:53 - rexus.inventario.controller - [33mWARNING[0m - Botón no encontrado: btn_actualizar
2025-08-22 18:35:53 - rexus.inventario.controller - [33mWARNING[0m - Botón no encontrado: btn_limpiar
2025-08-22 18:35:53 - rexus.inventario.controller - [33mWARNING[0m - Botón no encontrado: btn_nuevo_producto
2025-08-22 18:35:53 - rexus.inventario.controller - [33mWARNING[0m - Botón no encontrado: btn_editar
2025-08-22 18:35:53 - rexus.inventario.controller - [33mWARNING[0m - Botón no encontrado: btn_eliminar
2025-08-22 18:35:53 - rexus.inventario.controller - [33mWARNING[0m - Botón no encontrado: btn_movimiento
2025-08-22 18:35:53 - rexus.inventario.controller - [33mWARNING[0m - Botón no encontrado: btn_cargar_presupuesto
2025-08-22 18:35:53 - rexus.inventario.controller - [33mWARNING[0m - Widget no encontrado: tabla_inventario
2025-08-22 18:35:53 - rexus.inventario.controller - [33mWARNING[0m - Widget no encontrado: input_busqueda
2025-08-22 18:35:53 - rexus.inventario.controller - [32mINFO[0m - Señales de vista anterior conectadas
2025-08-22 18:35:53 - rexus.inventario.controller - [32mINFO[0m - Todas las señales conectadas correctamente
2025-08-22 18:35:53 - rexus.inventario.controller - [32mINFO[0m - Controlador de inventario inicializado exitosamente
2025-08-22 18:35:53 - rexus.inventario.controller - [32mINFO[0m - Inicializando controlador completo de inventario
2025-08-22 18:35:54 - rexus.inventario.controller - [32mINFO[0m - Vista de inventario creada automáticamente
2025-08-22 18:35:54 - rexus.inventario.controller - [32mINFO[0m - Señales de nueva vista conectadas correctamente
2025-08-22 18:35:54 - rexus.inventario.controller - [33mWARNING[0m - Botón no encontrado: btn_buscar
2025-08-22 18:35:54 - rexus.inventario.controller - [33mWARNING[0m - Botón no encontrado: btn_actualizar
2025-08-22 18:35:54 - rexus.inventario.controller - [33mWARNING[0m - Botón no encontrado: btn_limpiar
2025-08-22 18:35:54 - rexus.inventario.controller - [33mWARNING[0m - Botón no encontrado: btn_nuevo_producto
2025-08-22 18:35:54 - rexus.inventario.controller - [33mWARNING[0m - Botón no encontrado: btn_editar
2025-08-22 18:35:54 - rexus.inventario.controller - [33mWARNING[0m - Botón no encontrado: btn_eliminar
2025-08-22 18:35:54 - rexus.inventario.controller - [33mWARNING[0m - Botón no encontrado: btn_movimiento
2025-08-22 18:35:54 - rexus.inventario.controller - [33mWARNING[0m - Botón no encontrado: btn_cargar_presupuesto
2025-08-22 18:35:54 - rexus.inventario.controller - [33mWARNING[0m - Widget no encontrado: tabla_inventario
2025-08-22 18:35:54 - rexus.inventario.controller - [33mWARNING[0m - Widget no encontrado: input_busqueda
2025-08-22 18:35:54 - rexus.inventario.controller - [32mINFO[0m - Señales de vista anterior conectadas
2025-08-22 18:35:54 - rexus.inventario.controller - [32mINFO[0m - Todas las señales conectadas correctamente
2025-08-22 18:35:54 - rexus.inventario.controller - [32mINFO[0m - Controlador de inventario inicializado exitosamente
2025-08-22 18:35:54 - rexus.inventario.controller - [32mINFO[0m - Inicializando controlador completo de inventario
2025-08-22 18:35:54 - rexus.inventario.controller - [32mINFO[0m - Vista de inventario creada automáticamente
2025-08-22 18:35:54 - rexus.inventario.controller - [32mINFO[0m - Señales de nueva vista conectadas correctamente
2025-08-22 18:35:54 - rexus.inventario.controller - [33mWARNING[0m - Botón no encontrado: btn_buscar
2025-08-22 18:35:54 - rexus.inventario.controller - [33mWARNING[0m - Botón no encontrado: btn_actualizar
2025-08-22 18:35:54 - rexus.inventario.controller - [33mWARNING[0m - Botón no encontrado: btn_limpiar
2025-08-22 18:35:54 - rexus.inventario.controller - [33mWARNING[0m - Botón no encontrado: btn_nuevo_producto
2025-08-22 18:35:54 - rexus.inventario.controller - [33mWARNING[0m - Botón no encontrado: btn_editar
2025-08-22 18:35:54 - rexus.inventario.controller - [33mWARNING[0m - Botón no encontrado: btn_eliminar
2025-08-22 18:35:54 - rexus.inventario.controller - [33mWARNING[0m - Botón no encontrado: btn_movimiento
2025-08-22 18:35:54 - rexus.inventario.controller - [33mWARNING[0m - Botón no encontrado: btn_cargar_presupuesto
2025-08-22 18:35:54 - rexus.inventario.controller - [33mWARNING[0m - Widget no encontrado: tabla_inventario
2025-08-22 18:35:54 - rexus.inventario.controller - [33mWARNING[0m - Widget no encontrado: input_busqueda
2025-08-22 18:35:54 - rexus.inventario.controller - [32mINFO[0m - Señales de vista anterior conectadas
2025-08-22 18:35:54 - rexus.inventario.controller - [32mINFO[0m - Todas las señales conectadas correctamente
2025-08-22 18:35:54 - rexus.inventario.controller - [32mINFO[0m - Controlador de inventario inicializado exitosamente
2025-08-22 18:35:54 - rexus.inventario.controller - [32mINFO[0m - Inicializando controlador completo de inventario
2025-08-22 18:35:55 - rexus.inventario.controller - [32mINFO[0m - Vista de inventario creada automáticamente
2025-08-22 18:35:55 - rexus.inventario.controller - [32mINFO[0m - Señales de nueva vista conectadas correctamente
2025-08-22 18:35:55 - rexus.inventario.controller - [33mWARNING[0m - Botón no encontrado: btn_buscar
2025-08-22 18:35:55 - rexus.inventario.controller - [33mWARNING[0m - Botón no encontrado: btn_actualizar
2025-08-22 18:35:55 - rexus.inventario.controller - [33mWARNING[0m - Botón no encontrado: btn_limpiar
2025-08-22 18:35:55 - rexus.inventario.controller - [33mWARNING[0m - Botón no encontrado: btn_nuevo_producto
2025-08-22 18:35:55 - rexus.inventario.controller - [33mWARNING[0m - Botón no encontrado: btn_editar
2025-08-22 18:35:55 - rexus.inventario.controller - [33mWARNING[0m - Botón no encontrado: btn_eliminar
2025-08-22 18:35:55 - rexus.inventario.controller - [33mWARNING[0m - Botón no encontrado: btn_movimiento
2025-08-22 18:35:55 - rexus.inventario.controller - [33mWARNING[0m - Botón no encontrado: btn_cargar_presupuesto
2025-08-22 18:35:55 - rexus.inventario.controller - [33mWARNING[0m - Widget no encontrado: tabla_inventario
2025-08-22 18:35:55 - rexus.inventario.controller - [33mWARNING[0m - Widget no encontrado: input_busqueda
2025-08-22 18:35:55 - rexus.inventario.controller - [32mINFO[0m - Señales de vista anterior conectadas
2025-08-22 18:35:55 - rexus.inventario.controller - [32mINFO[0m - Todas las señales conectadas correctamente
2025-08-22 18:35:55 - rexus.inventario.controller - [32mINFO[0m - Controlador de inventario inicializado exitosamente
2025-08-22 18:35:55 - rexus.inventario.controller - [31mERROR[0m - Error en paginación: object of type 'Mock' has no len()
Traceback (most recent call last):
  File "D:\martin\Rexus.app\rexus\modules\inventario\controller.py", line 356, in cargar_inventario_paginado
    total = len(productos)
TypeError: object of type 'Mock' has no len()
2025-08-22 19:15:25 - rexus - [32mINFO[0m - Sistema de logging inicializado
2025-08-22 19:15:25 - rexus.core.database_manager - [32mINFO[0m - Sistema de logging inicializado
2025-08-22 19:15:25 - rexus.core.database_manager - [32mINFO[0m[0m - Sistema de logging inicializado
2025-08-22 19:15:25 - rexus.core.database_manager - [32mINFO[0m - Sistema de logging inicializado
2025-08-22 19:15:25 - rexus.core.database_manager - [32mINFO[0m[0m - Sistema de logging inicializado
2025-08-22 19:15:40 - rexus - [32mINFO[0m - Sistema de logging inicializado
2025-08-22 19:15:40 - rexus.core.database_manager - [32mINFO[0m - Sistema de logging inicializado
2025-08-22 19:15:40 - rexus.core.database_manager - [32mINFO[0m[0m - Sistema de logging inicializado
2025-08-22 19:15:40 - rexus.core.database_manager - [32mINFO[0m - Sistema de logging inicializado
2025-08-22 19:15:40 - rexus.core.database_manager - [32mINFO[0m[0m - Sistema de logging inicializado
2025-08-30 01:20:42,965 - rexus.main - INFO - Variables de entorno cargadas desde .env
2025-08-30 01:20:43,011 - rexus.module_manager - INFO - Configuraci�n de m�dulos cargada
2025-08-30 01:20:48,557 - rexus.main - INFO - Variables de entorno cargadas desde .env
2025-08-30 01:20:48,576 - rexus.module_manager - INFO - Configuraci�n de m�dulos cargada
2025-08-30 01:20:58,641 - rexus.main - INFO - Variables de entorno cargadas desde .env
2025-08-30 01:20:58,652 - rexus.module_manager - INFO - Configuraci�n de m�dulos cargada
2025-08-30 01:21:05,640 - rexus.main - INFO - Variables de entorno cargadas desde .env
2025-08-30 01:21:05,660 - rexus.module_manager - INFO - Configuraci�n de m�dulos cargada
2025-08-30 01:25:14,067 - rexus.main - INFO - Variables de entorno cargadas desde .env
2025-08-30 01:25:14,090 - rexus.module_manager - INFO - Configuraci�n de m�dulos cargada
2025-08-30 01:25:14,198 - rexus.main - WARNING - Error inicializando ThemeManager: ThemeManager.__init__() takes 1 positional argument but 2 were given
2025-08-30 01:25:14,199 - rexus.main - WARNING - Error inicializando DashboardController: DashboardController.__init__() takes from 1 to 2 positional arguments but 3 were given
2025-08-30 09:46:44,092 - rexus.main - INFO - Variables de entorno cargadas desde .env
2025-08-30 09:46:44,132 - rexus.module_manager - INFO - Configuraci�n de m�dulos cargada
2025-08-30 09:46:44,259 - rexus.main - WARNING - Error inicializando ThemeManager: 'ThemeManager' object has no attribute 'apply_theme'
2025-08-30 09:46:44,328 - rexus.dashboard - INFO - Dashboard creado exitosamente
2025-08-30 09:48:57,700 - rexus.main - INFO - Variables de entorno cargadas desde .env
2025-08-30 09:48:57,728 - rexus.module_manager - INFO - Configuraci�n de m�dulos cargada
2025-08-30 09:48:57,825 - rexus.main - WARNING - Error inicializando ThemeManager: 'ThemeManager' object has no attribute 'apply_theme'
2025-08-30 09:48:57,862 - rexus.dashboard - INFO - Dashboard creado exitosamente
2025-08-30 09:48:57,888 - rexus.dashboard_integration - INFO - Bot�n del dashboard creado: Dashboard Ejecutivo
2025-08-30 09:48:57,893 - rexus.main - DEBUG - M�dulos permitidos: ['dashboard', 'inventory', 'sales', 'purchases', 'accounting', 'reports', 'administration', 'maintenance']
2025-08-30 09:48:59,005 - rexus.main - ERROR - Error creando dashboard moderno: 'DashboardController' object has no attribute 'get_view'
2025-08-30 09:51:33,616 - rexus.main - INFO - Variables de entorno cargadas desde .env
2025-08-30 09:51:33,643 - rexus.module_manager - INFO - Configuraci�n de m�dulos cargada
2025-08-30 09:51:33,762 - rexus.theme_manager - INFO - Estilos del tema Claro preparados
2025-08-30 09:51:33,818 - rexus.dashboard - INFO - Dashboard creado exitosamente
2025-08-30 09:51:33,842 - rexus.dashboard_integration - INFO - Bot�n del dashboard creado: Dashboard Ejecutivo
2025-08-30 09:51:33,851 - rexus.main - DEBUG - M�dulos permitidos: ['dashboard', 'inventory', 'sales', 'purchases', 'accounting', 'reports', 'administration', 'maintenance']
2025-08-30 09:51:34,927 - rexus.main - ERROR - Error creando dashboard moderno: 'QWidget' object has no attribute 'modulo_solicitado'
2025-08-30 09:52:05,474 - rexus.main - INFO - Variables de entorno cargadas desde .env
2025-08-30 09:52:05,528 - rexus.module_manager - INFO - Configuraci�n de m�dulos cargada
2025-08-30 09:52:05,700 - rexus.theme_manager - INFO - Estilos del tema Claro preparados
2025-08-30 09:52:05,819 - rexus.dashboard - INFO - Dashboard creado exitosamente
2025-08-30 09:52:05,837 - rexus.style_manager - INFO - Estilos aplicados para componente: global
2025-08-30 09:52:05,839 - rexus.style_manager - INFO - Tema global aplicado: default
2025-08-30 09:52:05,841 - rexus.style_manager - INFO - Estilos de emergencia aplicados
2025-08-30 09:52:05,856 - rexus.dashboard_integration - INFO - Bot�n del dashboard creado: Dashboard Ejecutivo
2025-08-30 09:52:05,864 - rexus.main - DEBUG - M�dulos permitidos: ['dashboard', 'inventory', 'sales', 'purchases', 'accounting', 'reports', 'administration', 'maintenance']
2025-08-30 09:52:06,691 - rexus.main - ERROR - Error creando dashboard moderno: 'QWidget' object has no attribute 'modulo_solicitado'
2025-08-30 09:55:57,595 - rexus.main - INFO - Variables de entorno cargadas desde .env
2025-08-30 09:55:57,615 - rexus.module_manager - INFO - Configuraci�n de m�dulos cargada
2025-08-30 09:55:59,790 - rexus.main - CRITICAL - Error cr�tico en main(): cannot unpack non-iterable bool object
2025-08-30 09:56:32,085 - rexus.main - INFO - Variables de entorno cargadas desde .env
2025-08-30 09:56:32,117 - rexus.module_manager - INFO - Configuraci�n de m�dulos cargada
2025-08-30 09:56:34,544 - rexus.main - WARNING - [SECURITY] Error BD: Faltan variables de entorno para la conexi�n a BD, usando modo sin BD
2025-08-30 09:56:34,544 - rexus.core.security - INFO - [SECURITY] SecurityManager inicializado
2025-08-30 09:56:34,544 - rexus.main - CRITICAL - Error cr�tico en main(): QDialog(parent: Optional[QWidget] = None, flags: Qt.WindowType = Qt.WindowFlags()): argument 1 has unexpected type 'SecurityManager'
2025-08-30 09:56:56,285 - rexus.main - INFO - Variables de entorno cargadas desde .env
2025-08-30 09:56:56,321 - rexus.module_manager - INFO - Configuraci�n de m�dulos cargada
2025-08-30 09:56:58,408 - rexus.main - WARNING - [SECURITY] Error BD: Faltan variables de entorno para la conexi�n a BD, usando modo sin BD
2025-08-30 09:56:58,408 - rexus.core.security - INFO - [SECURITY] SecurityManager inicializado
2025-08-30 09:57:11,609 - rexus.general - ERROR - Error durante login: Faltan variables de entorno para la conexi�n a BD
2025-08-30 09:57:16,123 - rexus.general - ERROR - Error durante login: Faltan variables de entorno para la conexi�n a BD
2025-08-30 09:57:17,807 - rexus.main - CRITICAL - Error cr�tico en main(): type object 'LoginDialog' has no attribute 'Accepted'
2025-08-30 11:50:04,495 - rexus.main - INFO - Variables de entorno cargadas desde .env
2025-08-30 11:50:04,510 - rexus.module_manager - INFO - Configuraci�n de m�dulos cargada
2025-08-30 11:50:07,225 - rexus.core.database - INFO - [DB] Conexi�n exitosa a la base de datos de usuarios
2025-08-30 11:50:07,227 - rexus.main - INFO - [SECURITY] Conexi�n BD exitosa para sistema de seguridad
2025-08-30 11:50:07,228 - rexus.core.security - INFO - [SECURITY] SecurityManager inicializado
2025-08-30 11:50:52,427 - rexus.main - INFO - Variables de entorno cargadas desde .env
2025-08-30 11:50:52,432 - rexus.module_manager - INFO - Configuraci�n de m�dulos cargada
2025-08-30 11:50:52,443 - rexus.main - INFO - [SECURITY] Conexi�n BD exitosa para sistema de seguridad
2025-08-30 11:50:52,443 - rexus.core.security - INFO - [SECURITY] SecurityManager inicializado
2025-08-30 11:51:45,063 - rexus.main - INFO - Variables de entorno cargadas desde .env
2025-08-30 11:51:45,069 - rexus.module_manager - INFO - Configuraci�n de m�dulos cargada
2025-08-30 11:51:45,082 - rexus.main - INFO - [SECURITY] Conexi�n BD exitosa para sistema de seguridad
2025-08-30 11:51:45,082 - rexus.core.security - INFO - [SECURITY] SecurityManager inicializado
2025-08-30 11:51:45,096 - rexus.core.database - INFO - [DB] Permisos obtenidos para usuario 1: []
2025-08-30 11:55:00,447 - rexus.main - INFO - Variables de entorno cargadas desde .env
2025-08-30 11:55:00,452 - rexus.module_manager - INFO - Configuraci�n de m�dulos cargada
2025-08-30 11:55:00,462 - rexus.main - INFO - [SECURITY] Conexi�n BD exitosa para sistema de seguridad
2025-08-30 11:55:00,463 - rexus.core.security - INFO - [SECURITY] SecurityManager inicializado
2025-08-30 11:55:00,466 - rexus.core.database - INFO - [DB] Permisos obtenidos para usuario 1: []
2025-08-30 11:56:10,012 - rexus.main - INFO - Variables de entorno cargadas desde .env
2025-08-30 11:56:10,016 - rexus.module_manager - INFO - Configuraci�n de m�dulos cargada
2025-08-30 11:56:10,027 - rexus.main - INFO - [SECURITY] Conexi�n BD exitosa para sistema de seguridad
2025-08-30 11:56:10,027 - rexus.core.security - INFO - [SECURITY] SecurityManager inicializado
2025-08-30 11:56:10,034 - rexus.core.database - INFO - [DB] Permisos obtenidos para usuario 1: []
2025-08-30 11:56:20,072 - rexus.main - INFO - Variables de entorno cargadas desde .env
2025-08-30 11:56:20,076 - rexus.module_manager - INFO - Configuraci�n de m�dulos cargada
2025-08-30 11:56:20,083 - rexus.main - INFO - [SECURITY] Conexi�n BD exitosa para sistema de seguridad
2025-08-30 11:56:20,083 - rexus.core.security - INFO - [SECURITY] SecurityManager inicializado
2025-08-30 11:56:20,086 - rexus.core.database - INFO - [DB] Permisos obtenidos para usuario 1: []
2025-08-30 11:57:00,449 - rexus.main - INFO - Variables de entorno cargadas desde .env
2025-08-30 11:57:00,454 - rexus.module_manager - INFO - Configuraci�n de m�dulos cargada
2025-08-30 11:57:00,535 - rexus.main - INFO - [SECURITY] Conexi�n BD exitosa para sistema de seguridad
2025-08-30 11:57:00,537 - rexus.core.security - INFO - [SECURITY] SecurityManager inicializado
2025-08-30 14:16:32,402 - rexus.main - INFO - Variables de entorno cargadas desde .env
2025-08-30 14:16:32,441 - rexus.module_manager - INFO - Configuraci�n de m�dulos cargada
2025-08-30 14:16:39,658 - rexus.core.database - INFO - [DB] Conexi�n exitosa a la base de datos de usuarios
2025-08-30 14:16:39,661 - rexus.main - INFO - [SECURITY] Conexi�n BD exitosa para sistema de seguridad
2025-08-30 14:16:39,662 - rexus.core.security - INFO - [SECURITY] SecurityManager inicializado
2025-08-30 14:16:39,669 - rexus.main - CRITICAL - Error cr�tico en main(): 'UIComponents' object has no attribute 'ui'
2025-08-30 14:17:16,666 - rexus.main - INFO - Variables de entorno cargadas desde .env
2025-08-30 14:17:16,681 - rexus.module_manager - INFO - Configuraci�n de m�dulos cargada
2025-08-30 14:17:19,837 - rexus.core.database - INFO - [DB] Conexi�n exitosa a la base de datos de usuarios
2025-08-30 14:17:19,837 - rexus.main - INFO - [SECURITY] Conexi�n BD exitosa para sistema de seguridad
2025-08-30 14:17:19,838 - rexus.core.security - INFO - [SECURITY] SecurityManager inicializado
2025-08-30 14:17:32,878 - rexus.main - CRITICAL - Error cr�tico en main(): type object 'LoginDialog' has no attribute 'Accepted'
2025-08-30 14:18:10,449 - rexus.main - INFO - Variables de entorno cargadas desde .env
2025-08-30 14:18:10,455 - rexus.module_manager - INFO - Configuraci�n de m�dulos cargada
2025-08-30 14:18:12,548 - rexus.core.database - INFO - [DB] Conexi�n exitosa a la base de datos de usuarios
2025-08-30 14:18:12,548 - rexus.main - INFO - [SECURITY] Conexi�n BD exitosa para sistema de seguridad
2025-08-30 14:18:12,548 - rexus.core.security - INFO - [SECURITY] SecurityManager inicializado
2025-08-30 14:18:22,262 - rexus.main - INFO - Login cancelado por el usuario
2025-08-30 17:50:03,132 - rexus.main - INFO - Variables de entorno cargadas desde .env
2025-08-30 17:50:03,136 - rexus.module_manager - INFO - Configuraci�n de m�dulos cargada
2025-08-31 10:14:22,908 - rexus.main - INFO - Variables de entorno cargadas desde .env
2025-08-31 10:14:22,912 - rexus.module_manager - INFO - Configuraci�n de m�dulos cargada
2025-08-31 21:51:57,556 - rexus.main - INFO - Variables de entorno cargadas desde .env
2025-08-31 21:51:57,561 - rexus.module_manager - INFO - Configuraci�n de m�dulos cargada
2025-08-31 21:52:01,326 - rexus.core.database - INFO - [DB] Conexi�n exitosa a la base de datos de usuarios
2025-08-31 21:52:01,326 - rexus.main - INFO - [SECURITY] Conexi�n BD exitosa para sistema de seguridad
2025-08-31 21:52:01,333 - rexus.core.security - INFO - [SECURITY] SecurityManager inicializado
2025-08-31 21:52:08,048 - rexus.utils.sql_query_manager - ERROR - [SQL] Error en operaci�n de base de datos: ('The SQL contains 0 parameter markers, but 2 parameters were supplied', 'HY000')
2025-08-31 21:52:08,051 - rexus.utils.sql_query_manager - ERROR - [SQL] Error ejecutando query: ('The SQL contains 0 parameter markers, but 2 parameters were supplied', 'HY000')
2025-08-31 21:52:08,052 - rexus.utils.sql_query_manager - ERROR - [SQL] Error ejecutando archivo SQL sql/09_usuarios/validar_usuario.sql: ('The SQL contains 0 parameter markers, but 2 parameters were supplied', 'HY000')
2025-08-31 21:52:08,053 - rexus.general - ERROR - Error validando usuario admin: ('The SQL contains 0 parameter markers, but 2 parameters were supplied', 'HY000')
2025-08-31 21:52:08,054 - rexus.security - INFO - [LOGIN_FAILED] [USER:admin] Intento de login fallido para usuario admin
2025-08-31 21:52:13,849 - rexus.main - INFO - Login cancelado por el usuario
2025-08-31 22:22:18,337 - rexus.main - INFO - Variables de entorno cargadas desde .env
2025-08-31 22:22:18,351 - rexus.module_manager - INFO - Configuraci�n de m�dulos cargada
2025-08-31 22:22:20,273 - rexus.core.database - INFO - [DB] Conexi�n exitosa a la base de datos de usuarios
2025-08-31 22:22:20,273 - rexus.main - INFO - [SECURITY] Conexi�n BD exitosa para sistema de seguridad
2025-08-31 22:22:20,273 - rexus.core.security - INFO - [SECURITY] SecurityManager inicializado
2025-08-31 22:22:26,811 - rexus.utils.sql_query_manager - DEBUG - [SQL] Query ejecutada exitosamente: -- Consulta para validar credenciales de usuario
-...
2025-08-31 22:22:26,851 - rexus.utils.sql_query_manager - DEBUG - [SQL] Query ejecutada exitosamente: SELECT modulo FROM permisos_usuario
WHERE usuario_...
2025-08-31 22:22:26,852 - rexus.general - ERROR - Error obteniendo permisos para usuario 1013: 'pyodbc.Row' object has no attribute 'get'
2025-08-31 22:22:26,894 - rexus.utils.sql_query_manager - ERROR - [SQL] Error en operaci�n de base de datos: No results.  Previous SQL was not a query.
2025-08-31 22:22:26,896 - rexus.utils.sql_query_manager - ERROR - [SQL] Error ejecutando query: No results.  Previous SQL was not a query.
2025-08-31 22:22:26,897 - rexus.utils.sql_query_manager - ERROR - [SQL] Error ejecutando archivo SQL sql/09_usuarios/actualizar_ultimo_acceso.sql: No results.  Previous SQL was not a query.
2025-08-31 22:22:26,897 - rexus.general - ERROR - Error actualizando último acceso: No results.  Previous SQL was not a query.
2025-08-31 22:22:26,898 - rexus.security - INFO - [LOGIN_SUCCESS] [USER:admin] Usuario admin autenticado correctamente
2025-08-31 22:22:26,922 - rexus.theme_manager - INFO - Estilos del tema Claro preparados
2025-08-31 22:22:26,927 - rexus.dashboard - INFO - Dashboard creado exitosamente
2025-08-31 22:22:26,973 - rexus.style_manager - INFO - Estilos aplicados para componente: global
2025-08-31 22:22:26,974 - rexus.style_manager - INFO - Tema global aplicado: default
2025-08-31 22:22:26,975 - rexus.style_manager - INFO - Estilos de emergencia aplicados
2025-08-31 22:22:26,987 - rexus.dashboard_integration - INFO - Bot�n del dashboard creado: Dashboard Ejecutivo
2025-08-31 22:22:26,998 - rexus.main - DEBUG - M�dulos permitidos: ['inventario', 'pedidos', 'vidrios']
2025-08-31 22:24:04,809 - rexus.main - INFO - Variables de entorno cargadas desde .env
2025-08-31 22:24:04,824 - rexus.module_manager - INFO - Configuraci�n de m�dulos cargada
2025-08-31 22:24:05,629 - rexus.core.database - INFO - [DB] Conexi�n exitosa a la base de datos de usuarios
2025-08-31 22:24:05,629 - rexus.main - INFO - [SECURITY] Conexi�n BD exitosa para sistema de seguridad
2025-08-31 22:24:05,629 - rexus.core.security - INFO - [SECURITY] SecurityManager inicializado
2025-08-31 22:24:09,653 - rexus.utils.sql_query_manager - DEBUG - [SQL] Query ejecutada exitosamente: -- Consulta para validar credenciales de usuario
-...
2025-08-31 22:24:09,660 - rexus.utils.sql_query_manager - DEBUG - [SQL] Query ejecutada exitosamente: SELECT modulo FROM permisos_usuario
WHERE usuario_...
2025-08-31 22:24:09,792 - rexus.utils.sql_query_manager - ERROR - [SQL] Error en operaci�n de base de datos: No results.  Previous SQL was not a query.
2025-08-31 22:24:09,794 - rexus.utils.sql_query_manager - ERROR - [SQL] Error ejecutando query: No results.  Previous SQL was not a query.
2025-08-31 22:24:09,796 - rexus.utils.sql_query_manager - ERROR - [SQL] Error ejecutando archivo SQL sql/09_usuarios/actualizar_ultimo_acceso.sql: No results.  Previous SQL was not a query.
2025-08-31 22:24:09,797 - rexus.general - ERROR - Error actualizando último acceso: No results.  Previous SQL was not a query.
2025-08-31 22:24:09,799 - rexus.security - INFO - [LOGIN_SUCCESS] [USER:admin] Usuario admin autenticado correctamente
2025-08-31 22:24:09,819 - rexus.theme_manager - INFO - Estilos del tema Claro preparados
2025-08-31 22:24:09,822 - rexus.dashboard - INFO - Dashboard creado exitosamente
2025-08-31 22:24:09,840 - rexus.style_manager - INFO - Estilos aplicados para componente: global
2025-08-31 22:24:09,841 - rexus.style_manager - INFO - Tema global aplicado: default
2025-08-31 22:24:09,842 - rexus.style_manager - INFO - Estilos de emergencia aplicados
2025-08-31 22:24:09,845 - rexus.dashboard_integration - INFO - Bot�n del dashboard creado: Dashboard Ejecutivo
2025-08-31 22:24:09,851 - rexus.main - DEBUG - M�dulos permitidos: ['CONFIGURACION']
{"timestamp": "2026-02-12T14:34:57.721378Z", "level": "WARNING", "logger": "__main__", "message": "Metrics initialization failed: unterminated f-string literal (detected at line 74) (prometheus_exporter.py, line 74)", "service": "rexus", "environment": "development", "source": {"file": "d:\\martin\\Proyectos\\Rexus.app\\rexus\\bootstrap.py", "line": 168, "function": "_init_metrics"}}
{"timestamp": "2026-02-12T14:34:57.722351Z", "level": "WARNING", "logger": "__main__", "message": "Task queue initialization failed: unmatched ']' (task_queue.py, line 163)", "service": "rexus", "environment": "development", "source": {"file": "d:\\martin\\Proyectos\\Rexus.app\\rexus\\bootstrap.py", "line": 182, "function": "_init_queue"}}
{"timestamp": "2026-02-12T14:34:57.915684Z", "level": "INFO", "logger": "rexus.core.alerts_manager", "message": "Regla de alerta agregada: Stock Bajo", "service": "rexus", "environment": "development", "source": {"file": "d:\\martin\\Proyectos\\Rexus.app\\rexus\\core\\alerts_manager.py", "line": 477, "function": "add_rule"}}
{"timestamp": "2026-02-12T14:34:57.915848Z", "level": "INFO", "logger": "rexus.core.alerts_manager", "message": "Regla de alerta agregada: Backup Fallido", "service": "rexus", "environment": "development", "source": {"file": "d:\\martin\\Proyectos\\Rexus.app\\rexus\\core\\alerts_manager.py", "line": 477, "function": "add_rule"}}
{"timestamp": "2026-02-12T14:34:57.915932Z", "level": "INFO", "logger": "rexus.core.alerts_manager", "message": "Regla de alerta agregada: M�ltiples Logins Fallidos", "service": "rexus", "environment": "development", "source": {"file": "d:\\martin\\Proyectos\\Rexus.app\\rexus\\core\\alerts_manager.py", "line": 477, "function": "add_rule"}}
{"timestamp": "2026-02-12T14:34:57.915992Z", "level": "INFO", "logger": "rexus.core.alerts_manager", "message": "Regla de alerta agregada: Base de Datos Desconectada", "service": "rexus", "environment": "development", "source": {"file": "d:\\martin\\Proyectos\\Rexus.app\\rexus\\core\\alerts_manager.py", "line": 477, "function": "add_rule"}}
{"timestamp": "2026-02-12T14:35:00.825114Z", "level": "WARNING", "logger": "root", "message": "cryptography no disponible, usando fallback", "service": "rexus", "environment": "development", "source": {"file": "d:\\martin\\Proyectos\\Rexus.app\\rexus\\core\\secrets_manager.py", "line": 31, "function": "<module>"}}
{"timestamp": "2026-02-12T14:35:00.825346Z", "level": "INFO", "logger": "rexus.core.secrets_manager", "message": "Using local encrypted backend for secrets", "service": "rexus", "environment": "development", "source": {"file": "d:\\martin\\Proyectos\\Rexus.app\\rexus\\core\\secrets_manager.py", "line": 464, "function": "_detect_backend"}}
{"timestamp": "2026-02-12T14:35:00.825437Z", "level": "WARNING", "logger": "rexus.core.secrets_manager", "message": "No se proporcion� SECRETS_MASTER_KEY. Generando una temporal.", "service": "rexus", "environment": "development", "source": {"file": "d:\\martin\\Proyectos\\Rexus.app\\rexus\\core\\secrets_manager.py", "line": 93, "function": "__init__"}}
{"timestamp": "2026-02-12T14:35:00.852438Z", "level": "INFO", "logger": "__main__", "message": "============================================================", "service": "rexus", "environment": "development", "source": {"file": "d:\\martin\\Proyectos\\Rexus.app\\rexus\\bootstrap.py", "line": 100, "function": "initialize_all"}}
{"timestamp": "2026-02-12T14:35:00.852510Z", "level": "INFO", "logger": "__main__", "message": "All services initialized successfully", "service": "rexus", "environment": "development", "source": {"file": "d:\\martin\\Proyectos\\Rexus.app\\rexus\\bootstrap.py", "line": 101, "function": "initialize_all"}}
{"timestamp": "2026-02-12T14:35:00.852557Z", "level": "INFO", "logger": "__main__", "message": "============================================================", "service": "rexus", "environment": "development", "source": {"file": "d:\\martin\\Proyectos\\Rexus.app\\rexus\\bootstrap.py", "line": 102, "function": "initialize_all"}}
{"timestamp": "2026-02-12T14:39:03.949234Z", "level": "WARNING", "logger": "__main__", "message": "Metrics initialization failed: unterminated f-string literal (detected at line 74) (prometheus_exporter.py, line 74)", "service": "rexus", "environment": "development", "source": {"file": "d:\\martin\\Proyectos\\Rexus.app\\rexus\\bootstrap.py", "line": 168, "function": "_init_metrics"}}
{"timestamp": "2026-02-12T14:39:03.956445Z", "level": "INFO", "logger": "rexus.utils.task_queue", "message": "Started 4 task workers", "service": "rexus", "environment": "development", "source": {"file": "d:\\martin\\Proyectos\\Rexus.app\\rexus\\utils\\task_queue.py", "line": 300, "function": "start"}}
{"timestamp": "2026-02-12T14:39:04.063881Z", "level": "INFO", "logger": "rexus.core.alerts_manager", "message": "Regla de alerta agregada: Stock Bajo", "service": "rexus", "environment": "development", "source": {"file": "d:\\martin\\Proyectos\\Rexus.app\\rexus\\core\\alerts_manager.py", "line": 477, "function": "add_rule"}}
{"timestamp": "2026-02-12T14:39:04.063969Z", "level": "INFO", "logger": "rexus.core.alerts_manager", "message": "Regla de alerta agregada: Backup Fallido", "service": "rexus", "environment": "development", "source": {"file": "d:\\martin\\Proyectos\\Rexus.app\\rexus\\core\\alerts_manager.py", "line": 477, "function": "add_rule"}}
{"timestamp": "2026-02-12T14:39:04.064074Z", "level": "INFO", "logger": "rexus.core.alerts_manager", "message": "Regla de alerta agregada: M�ltiples Logins Fallidos", "service": "rexus", "environment": "development", "source": {"file": "d:\\martin\\Proyectos\\Rexus.app\\rexus\\core\\alerts_manager.py", "line": 477, "function": "add_rule"}}
{"timestamp": "2026-02-12T14:39:04.064131Z", "level": "INFO", "logger": "rexus.core.alerts_manager", "message": "Regla de alerta agregada: Base de Datos Desconectada", "service": "rexus", "environment": "development", "source": {"file": "d:\\martin\\Proyectos\\Rexus.app\\rexus\\core\\alerts_manager.py", "line": 477, "function": "add_rule"}}
{"timestamp": "2026-02-12T14:39:04.079567Z", "level": "WARNING", "logger": "root", "message": "cryptography no disponible, usando fallback", "service": "rexus", "environment": "development", "source": {"file": "d:\\martin\\Proyectos\\Rexus.app\\rexus\\core\\secrets_manager.py", "line": 31, "function": "<module>"}}
{"timestamp": "2026-02-12T14:39:04.079770Z", "level": "INFO", "logger": "rexus.core.secrets_manager", "message": "Using local encrypted backend for secrets", "service": "rexus", "environment": "development", "source": {"file": "d:\\martin\\Proyectos\\Rexus.app\\rexus\\core\\secrets_manager.py", "line": 464, "function": "_detect_backend"}}
{"timestamp": "2026-02-12T14:39:04.079840Z", "level": "WARNING", "logger": "rexus.core.secrets_manager", "message": "No se proporcion� SECRETS_MASTER_KEY. Generando una temporal.", "service": "rexus", "environment": "development", "source": {"file": "d:\\martin\\Proyectos\\Rexus.app\\rexus\\core\\secrets_manager.py", "line": 93, "function": "__init__"}}
{"timestamp": "2026-02-12T14:39:04.094786Z", "level": "INFO", "logger": "__main__", "message": "============================================================", "service": "rexus", "environment": "development", "source": {"file": "d:\\martin\\Proyectos\\Rexus.app\\rexus\\bootstrap.py", "line": 100, "function": "initialize_all"}}
{"timestamp": "2026-02-12T14:39:04.094859Z", "level": "INFO", "logger": "__main__", "message": "All services initialized successfully", "service": "rexus", "environment": "development", "source": {"file": "d:\\martin\\Proyectos\\Rexus.app\\rexus\\bootstrap.py", "line": 101, "function": "initialize_all"}}
{"timestamp": "2026-02-12T14:39:04.094904Z", "level": "INFO", "logger": "__main__", "message": "============================================================", "service": "rexus", "environment": "development", "source": {"file": "d:\\martin\\Proyectos\\Rexus.app\\rexus\\bootstrap.py", "line": 102, "function": "initialize_all"}}
2026-02-12 12:35:32 - rexus - INFO - Sistema de logging Rexus inicializado
2026-02-12 12:41:44 - rexus - INFO - Sistema de logging Rexus inicializado
2026-02-12 12:44:20 - rexus - INFO - Sistema de logging Rexus inicializado
2026-02-12 12:49:15 - test_integration - INFO - Mensaje de prueba de integración
2026-02-12 12:49:15 - rexus.utils.task_queue - INFO - Task enqueued: ec287f96-1b66-47f5-bc4c-a5d2079a5db8 (<lambda>)
2026-02-12 13:00:24 - rexus - INFO - Sistema de logging Rexus inicializado
2026-02-12 13:43:00 - rexus - INFO - Sistema de logging Rexus inicializado
2026-02-12 13:52:38 - rexus - INFO - Sistema de logging Rexus inicializado
2026-02-12 13:52:48 - errors - ERROR - Uncaught exception: SyntaxError: invalid syntax. Perhaps you forgot a comma? (controller.py, line 357)
Traceback (most recent call last):
  File "<string>", line 1, in <module>
    import importlib; importlib.import_module('rexus.modules.01_obras')
                      ~~~~~~~~~~~~~~~~~~~~~~~^^^^^^^^^^^^^^^^^^^^^^^^^^
  File "C:\Program Files\Python314\Lib\importlib\__init__.py", line 88, in import_module
    return _bootstrap._gcd_import(name[level:], package, level)
           ~~~~~~~~~~~~~~~~~~~~~~^^^^^^^^^^^^^^^^^^^^^^^^^^^^^^
  File "<frozen importlib._bootstrap>", line 1398, in _gcd_import
  File "<frozen importlib._bootstrap>", line 1371, in _find_and_load
  File "<frozen importlib._bootstrap>", line 1314, in _find_and_load_unlocked
  File "<frozen importlib._bootstrap>", line 491, in _call_with_frames_removed
  File "<frozen importlib._bootstrap>", line 1398, in _gcd_import
  File "<frozen importlib._bootstrap>", line 1371, in _find_and_load
  File "<frozen importlib._bootstrap>", line 1342, in _find_and_load_unlocked
  File "<frozen importlib._bootstrap>", line 938, in _load_unlocked
  File "<frozen importlib._bootstrap_external>", line 759, in exec_module
  File "<frozen importlib._bootstrap>", line 491, in _call_with_frames_removed
  File "d:\martin\Proyectos\Rexus.app\rexus\modules\__init__.py", line 48, in <module>
    usuarios = _import_numeric_module('11_usuarios')
  File "d:\martin\Proyectos\Rexus.app\rexus\modules\__init__.py", line 33, in _import_numeric_module
    return importlib.import_module(f'.{name}', package='rexus.modules')
           ~~~~~~~~~~~~~~~~~~~~~~~^^^^^^^^^^^^^^^^^^^^^^^^^^^^^^^^^^^^^
  File "C:\Program Files\Python314\Lib\importlib\__init__.py", line 88, in import_module
    return _bootstrap._gcd_import(name[level:], package, level)
           ~~~~~~~~~~~~~~~~~~~~~~^^^^^^^^^^^^^^^^^^^^^^^^^^^^^^
  File "<frozen importlib._bootstrap>", line 1398, in _gcd_import
  File "<frozen importlib._bootstrap>", line 1371, in _find_and_load
  File "<frozen importlib._bootstrap>", line 1342, in _find_and_load_unlocked
  File "<frozen importlib._bootstrap>", line 938, in _load_unlocked
  File "<frozen importlib._bootstrap_external>", line 759, in exec_module
  File "<frozen importlib._bootstrap>", line 491, in _call_with_frames_removed
  File "d:\martin\Proyectos\Rexus.app\rexus\modules\11_usuarios\__init__.py", line 3, in <module>
    from .controller import UsuariosController
  File "d:\martin\Proyectos\Rexus.app\rexus\modules\11_usuarios\controller.py", line 357
    errores.append(f"Estado inválido. Debe ser uno de: {', '.join(self.model.ESTADOS.keys()")}")
                                                                  ^^^^^^^^^^^^^^^^^^^^^^^^^^^^^
SyntaxError: invalid syntax. Perhaps you forgot a comma?
2026-02-12 14:42:30 - rexus - INFO - Sistema de logging Rexus inicializado
2026-02-12 14:46:04 - rexus - INFO - Sistema de logging Rexus inicializado
2026-02-12 15:21:05 - errors - ERROR - Uncaught exception: SyntaxError: unterminated string literal (detected at line 514) (controller.py, line 514)
Traceback (most recent call last):
  File "<string>", line 1, in <module>
    import importlib; module = importlib.import_module('rexus.modules.01_obras'); print('Modulo 01_obras importado correctamente')
                               ~~~~~~~~~~~~~~~~~~~~~~~^^^^^^^^^^^^^^^^^^^^^^^^^^
  File "C:\Program Files\Python314\Lib\importlib\__init__.py", line 88, in import_module
    return _bootstrap._gcd_import(name[level:], package, level)
           ~~~~~~~~~~~~~~~~~~~~~~^^^^^^^^^^^^^^^^^^^^^^^^^^^^^^
  File "<frozen importlib._bootstrap>", line 1398, in _gcd_import
  File "<frozen importlib._bootstrap>", line 1371, in _find_and_load
  File "<frozen importlib._bootstrap>", line 1314, in _find_and_load_unlocked
  File "<frozen importlib._bootstrap>", line 491, in _call_with_frames_removed
  File "<frozen importlib._bootstrap>", line 1398, in _gcd_import
  File "<frozen importlib._bootstrap>", line 1371, in _find_and_load
  File "<frozen importlib._bootstrap>", line 1342, in _find_and_load_unlocked
  File "<frozen importlib._bootstrap>", line 938, in _load_unlocked
  File "<frozen importlib._bootstrap_external>", line 759, in exec_module
  File "<frozen importlib._bootstrap>", line 491, in _call_with_frames_removed
  File "d:\martin\Proyectos\Rexus.app\rexus\modules\__init__.py", line 48, in <module>
    usuarios = _import_numeric_module('11_usuarios')
  File "d:\martin\Proyectos\Rexus.app\rexus\modules\__init__.py", line 33, in _import_numeric_module
    return importlib.import_module(f'.{name}', package='rexus.modules')
           ~~~~~~~~~~~~~~~~~~~~~~~^^^^^^^^^^^^^^^^^^^^^^^^^^^^^^^^^^^^^
  File "C:\Program Files\Python314\Lib\importlib\__init__.py", line 88, in import_module
    return _bootstrap._gcd_import(name[level:], package, level)
           ~~~~~~~~~~~~~~~~~~~~~~^^^^^^^^^^^^^^^^^^^^^^^^^^^^^^
  File "<frozen importlib._bootstrap>", line 1398, in _gcd_import
  File "<frozen importlib._bootstrap>", line 1371, in _find_and_load
  File "<frozen importlib._bootstrap>", line 1342, in _find_and_load_unlocked
  File "<frozen importlib._bootstrap>", line 938, in _load_unlocked
  File "<frozen importlib._bootstrap_external>", line 759, in exec_module
  File "<frozen importlib._bootstrap>", line 491, in _call_with_frames_removed
  File "d:\martin\Proyectos\Rexus.app\rexus\modules\11_usuarios\__init__.py", line 3, in <module>
    from .controller import UsuariosController
  File "d:\martin\Proyectos\Rexus.app\rexus\modules\11_usuarios\controller.py", line 514
    print(f"[CHECK] [ADMIN] Usuario '{username}' desbloqueado manualmente")")
                                                                           ^
SyntaxError: unterminated string literal (detected at line 514)
2026-02-12 15:22:06 - errors - ERROR - Uncaught exception: ModuleNotFoundError: No module named 'rexus.utils.message_system'
Traceback (most recent call last):
  File "<string>", line 1, in <module>
    import importlib; module = importlib.import_module('rexus.modules.01_obras'); print('Modulo 01_obras importado correctamente')
                               ~~~~~~~~~~~~~~~~~~~~~~~^^^^^^^^^^^^^^^^^^^^^^^^^^
  File "C:\Program Files\Python314\Lib\importlib\__init__.py", line 88, in import_module
    return _bootstrap._gcd_import(name[level:], package, level)
           ~~~~~~~~~~~~~~~~~~~~~~^^^^^^^^^^^^^^^^^^^^^^^^^^^^^^
  File "<frozen importlib._bootstrap>", line 1398, in _gcd_import
  File "<frozen importlib._bootstrap>", line 1371, in _find_and_load
  File "<frozen importlib._bootstrap>", line 1342, in _find_and_load_unlocked
  File "<frozen importlib._bootstrap>", line 938, in _load_unlocked
  File "<frozen importlib._bootstrap_external>", line 759, in exec_module
  File "<frozen importlib._bootstrap>", line 491, in _call_with_frames_removed
  File "d:\martin\Proyectos\Rexus.app\rexus\modules\01_obras\__init__.py", line 3, in <module>
    from .controller import ObrasController
  File "d:\martin\Proyectos\Rexus.app\rexus\modules\01_obras\controller.py", line 11, in <module>
    from rexus.utils.message_system import show_success, show_error, show_warning, ask_question
ModuleNotFoundError: No module named 'rexus.utils.message_system'
2026-02-12 15:23:23 - errors - ERROR - Uncaught exception: ModuleNotFoundError: No module named 'rexus.core.query_optimizer'
Traceback (most recent call last):
  File "<string>", line 1, in <module>
    import importlib; module = importlib.import_module('rexus.modules.01_obras'); print('Modulo 01_obras importado correctamente')
                               ~~~~~~~~~~~~~~~~~~~~~~~^^^^^^^^^^^^^^^^^^^^^^^^^^
  File "C:\Program Files\Python314\Lib\importlib\__init__.py", line 88, in import_module
    return _bootstrap._gcd_import(name[level:], package, level)
           ~~~~~~~~~~~~~~~~~~~~~~^^^^^^^^^^^^^^^^^^^^^^^^^^^^^^
  File "<frozen importlib._bootstrap>", line 1398, in _gcd_import
  File "<frozen importlib._bootstrap>", line 1371, in _find_and_load
  File "<frozen importlib._bootstrap>", line 1342, in _find_and_load_unlocked
  File "<frozen importlib._bootstrap>", line 938, in _load_unlocked
  File "<frozen importlib._bootstrap_external>", line 759, in exec_module
  File "<frozen importlib._bootstrap>", line 491, in _call_with_frames_removed
  File "d:\martin\Proyectos\Rexus.app\rexus\modules\01_obras\__init__.py", line 4, in <module>
    from .model import ObrasModel
  File "d:\martin\Proyectos\Rexus.app\rexus\modules\01_obras\model.py", line 7, in <module>
    from rexus.core.query_optimizer import cached_query, track_performance, prevent_n_plus_one, paginated
ModuleNotFoundError: No module named 'rexus.core.query_optimizer'
2026-02-12 15:27:35 - errors - ERROR - Uncaught exception: ModuleNotFoundError: No module named 'rexus.ui.standard_components'
Traceback (most recent call last):
  File "<string>", line 1, in <module>
    import importlib; module = importlib.import_module('rexus.modules.01_obras'); print('Modulo 01_obras importado correctamente')
                               ~~~~~~~~~~~~~~~~~~~~~~~^^^^^^^^^^^^^^^^^^^^^^^^^^
  File "C:\Program Files\Python314\Lib\importlib\__init__.py", line 88, in import_module
    return _bootstrap._gcd_import(name[level:], package, level)
           ~~~~~~~~~~~~~~~~~~~~~~^^^^^^^^^^^^^^^^^^^^^^^^^^^^^^
  File "<frozen importlib._bootstrap>", line 1398, in _gcd_import
  File "<frozen importlib._bootstrap>", line 1371, in _find_and_load
  File "<frozen importlib._bootstrap>", line 1342, in _find_and_load_unlocked
  File "<frozen importlib._bootstrap>", line 938, in _load_unlocked
  File "<frozen importlib._bootstrap_external>", line 759, in exec_module
  File "<frozen importlib._bootstrap>", line 491, in _call_with_frames_removed
  File "d:\martin\Proyectos\Rexus.app\rexus\modules\01_obras\__init__.py", line 11, in <module>
    from .view import ObrasModernView as ObrasView
  File "d:\martin\Proyectos\Rexus.app\rexus\modules\01_obras\view.py", line 22, in <module>
    from rexus.ui.standard_components import StandardComponents
ModuleNotFoundError: No module named 'rexus.ui.standard_components'
2026-02-12 15:28:20 - errors - ERROR - Uncaught exception: ModuleNotFoundError: No module named 'rexus.ui.components.base_components'
Traceback (most recent call last):
  File "<string>", line 1, in <module>
    import importlib; module = importlib.import_module('rexus.modules.01_obras'); print('Modulo 01_obras importado correctamente')
                               ~~~~~~~~~~~~~~~~~~~~~~~^^^^^^^^^^^^^^^^^^^^^^^^^^
  File "C:\Program Files\Python314\Lib\importlib\__init__.py", line 88, in import_module
    return _bootstrap._gcd_import(name[level:], package, level)
           ~~~~~~~~~~~~~~~~~~~~~~^^^^^^^^^^^^^^^^^^^^^^^^^^^^^^
  File "<frozen importlib._bootstrap>", line 1398, in _gcd_import
  File "<frozen importlib._bootstrap>", line 1371, in _find_and_load
  File "<frozen importlib._bootstrap>", line 1342, in _find_and_load_unlocked
  File "<frozen importlib._bootstrap>", line 938, in _load_unlocked
  File "<frozen importlib._bootstrap_external>", line 759, in exec_module
  File "<frozen importlib._bootstrap>", line 491, in _call_with_frames_removed
  File "d:\martin\Proyectos\Rexus.app\rexus\modules\01_obras\__init__.py", line 11, in <module>
    from .view import ObrasModernView as ObrasView
  File "d:\martin\Proyectos\Rexus.app\rexus\modules\01_obras\view.py", line 23, in <module>
    from rexus.ui.components.base_components import RexusLabel
  File "d:\martin\Proyectos\Rexus.app\rexus\ui\components\__init__.py", line 7, in <module>
    from .base_components import (
    ...<17 lines>...
    )
ModuleNotFoundError: No module named 'rexus.ui.components.base_components'
2026-02-12 15:29:47 - errors - ERROR - Uncaught exception: ModuleNotFoundError: No module named 'rexus.utils.xss_protection'
Traceback (most recent call last):
  File "<string>", line 1, in <module>
    import importlib; module = importlib.import_module('rexus.modules.01_obras'); print('Modulo 01_obras importado correctamente')
                               ~~~~~~~~~~~~~~~~~~~~~~~^^^^^^^^^^^^^^^^^^^^^^^^^^
  File "C:\Program Files\Python314\Lib\importlib\__init__.py", line 88, in import_module
    return _bootstrap._gcd_import(name[level:], package, level)
           ~~~~~~~~~~~~~~~~~~~~~~^^^^^^^^^^^^^^^^^^^^^^^^^^^^^^
  File "<frozen importlib._bootstrap>", line 1398, in _gcd_import
  File "<frozen importlib._bootstrap>", line 1371, in _find_and_load
  File "<frozen importlib._bootstrap>", line 1342, in _find_and_load_unlocked
  File "<frozen importlib._bootstrap>", line 938, in _load_unlocked
  File "<frozen importlib._bootstrap_external>", line 759, in exec_module
  File "<frozen importlib._bootstrap>", line 491, in _call_with_frames_removed
  File "d:\martin\Proyectos\Rexus.app\rexus\modules\01_obras\__init__.py", line 11, in <module>
    from .view import ObrasModernView as ObrasView
  File "d:\martin\Proyectos\Rexus.app\rexus\modules\01_obras\view.py", line 26, in <module>
    from rexus.utils.xss_protection import FormProtector
ModuleNotFoundError: No module named 'rexus.utils.xss_protection'
