2025-08-26 08:43:55 | INFO     | rexus           | Sistema de logging Rexus inicializado
2025-08-26 08:43:58 | INFO     | rexus           | [STYLE] Tema oscuro detectado en Windows - aplicando correcciones criticas
2025-08-26 08:43:58 | INFO     | rexus           | [STYLE] Aplicando correcciones criticas automaticas para tema oscuro
2025-08-26 08:43:58 | INFO     | rexus           | [STYLE] [ART] Aplicando tema oscuro mejorado
2025-08-26 08:43:58 | INFO     | rexus           | [STYLE] [WARNING] No se pudo obtener instancia de QApplication
2025-08-26 08:43:58 | INFO     | rexus           | [STYLE] Aplicando correcciones criticas automaticas para tema oscuro
2025-08-26 08:43:58 | INFO     | rexus           | [STYLE] [ART] Aplicando tema oscuro mejorado
2025-08-26 08:43:58 | INFO     | rexus           | [STYLE]  Aplicando correcciones críticas de contraste
2025-08-26 08:43:58 | INFO     | rexus           | [STYLE] [OK] Correcciones automáticas aplicadas exitosamente
2025-08-26 08:44:25 | INFO     | rexus           | Sistema de logging Rexus inicializado
2025-08-26 08:44:25 | INFO     | rexus           | [STYLE] Tema oscuro detectado en Windows - aplicando correcciones criticas
2025-08-26 08:44:25 | INFO     | rexus           | [STYLE] Aplicando correcciones criticas automaticas para tema oscuro
2025-08-26 08:44:25 | INFO     | rexus           | [STYLE] [ART] Aplicando tema oscuro mejorado
2025-08-26 08:44:25 | INFO     | rexus           | [STYLE] [WARNING] No se pudo obtener instancia de QApplication
2025-08-26 08:44:25 | INFO     | rexus           | [STYLE] Aplicando correcciones criticas automaticas para tema oscuro
2025-08-26 08:44:25 | INFO     | rexus           | [STYLE] [ART] Aplicando tema oscuro mejorado
2025-08-26 08:44:25 | INFO     | rexus           | [STYLE]  Aplicando correcciones críticas de contraste
2025-08-26 08:44:25 | INFO     | rexus           | [STYLE] [OK] Correcciones automáticas aplicadas exitosamente
2025-08-26 08:45:33 | INFO     | rexus           | Sistema de logging Rexus inicializado
2025-08-26 08:45:34 | INFO     | rexus           | [STYLE] Tema oscuro detectado en Windows - aplicando correcciones criticas
2025-08-26 08:45:34 | INFO     | rexus           | [STYLE] Aplicando correcciones criticas automaticas para tema oscuro
2025-08-26 08:45:34 | INFO     | rexus           | [STYLE] [ART] Aplicando tema oscuro mejorado
2025-08-26 08:45:34 | INFO     | rexus           | [STYLE] [WARNING] No se pudo obtener instancia de QApplication
2025-08-26 08:45:34 | INFO     | rexus           | [STYLE] Aplicando correcciones criticas automaticas para tema oscuro
2025-08-26 08:45:34 | INFO     | rexus           | [STYLE] [ART] Aplicando tema oscuro mejorado
2025-08-26 08:45:34 | INFO     | rexus           | [STYLE]  Aplicando correcciones críticas de contraste
2025-08-26 08:45:34 | INFO     | rexus           | [STYLE] [OK] Correcciones automáticas aplicadas exitosamente
2025-08-26 08:48:55 | INFO     | rexus           | Sistema de logging Rexus inicializado
2025-08-26 08:48:56 | INFO     | rexus           | [STYLE] Tema oscuro detectado en Windows - aplicando correcciones criticas
2025-08-26 08:48:56 | INFO     | rexus           | [STYLE] Aplicando correcciones criticas automaticas para tema oscuro
2025-08-26 08:48:56 | INFO     | rexus           | [STYLE] [ART] Aplicando tema oscuro mejorado
2025-08-26 08:48:56 | INFO     | rexus           | [STYLE] [WARNING] No se pudo obtener instancia de QApplication
2025-08-26 08:48:56 | INFO     | rexus           | [STYLE] Aplicando correcciones criticas automaticas para tema oscuro
2025-08-26 08:48:56 | INFO     | rexus           | [STYLE] [ART] Aplicando tema oscuro mejorado
2025-08-26 08:48:56 | INFO     | rexus           | [STYLE]  Aplicando correcciones críticas de contraste
2025-08-26 08:48:56 | INFO     | rexus           | [STYLE] [OK] Correcciones automáticas aplicadas exitosamente
2025-08-26 08:49:01 | INFO     | rexus           | Sistema de logging Rexus inicializado
2025-08-26 08:49:02 | INFO     | rexus           | [STYLE] Tema oscuro detectado en Windows - aplicando correcciones criticas
2025-08-26 08:49:02 | INFO     | rexus           | [STYLE] Aplicando correcciones criticas automaticas para tema oscuro
2025-08-26 08:49:02 | INFO     | rexus           | [STYLE] [ART] Aplicando tema oscuro mejorado
2025-08-26 08:49:02 | INFO     | rexus           | [STYLE] [WARNING] No se pudo obtener instancia de QApplication
2025-08-26 08:49:02 | INFO     | rexus           | [STYLE] Aplicando correcciones criticas automaticas para tema oscuro
2025-08-26 08:49:02 | INFO     | rexus           | [STYLE] [ART] Aplicando tema oscuro mejorado
2025-08-26 08:49:02 | INFO     | rexus           | [STYLE]  Aplicando correcciones críticas de contraste
2025-08-26 08:49:02 | INFO     | rexus           | [STYLE] [OK] Correcciones automáticas aplicadas exitosamente
2025-08-26 08:49:06 | INFO     | rexus           | Sistema de logging Rexus inicializado
2025-08-26 08:49:07 | INFO     | rexus           | [STYLE] Tema oscuro detectado en Windows - aplicando correcciones criticas
2025-08-26 08:49:07 | INFO     | rexus           | [STYLE] Aplicando correcciones criticas automaticas para tema oscuro
2025-08-26 08:49:07 | INFO     | rexus           | [STYLE] [ART] Aplicando tema oscuro mejorado
2025-08-26 08:49:07 | INFO     | rexus           | [STYLE] [WARNING] No se pudo obtener instancia de QApplication
2025-08-26 08:49:07 | INFO     | rexus           | [STYLE] Aplicando correcciones criticas automaticas para tema oscuro
2025-08-26 08:49:07 | INFO     | rexus           | [STYLE] [ART] Aplicando tema oscuro mejorado
2025-08-26 08:49:07 | INFO     | rexus           | [STYLE]  Aplicando correcciones críticas de contraste
2025-08-26 08:49:07 | INFO     | rexus           | [STYLE] [OK] Correcciones automáticas aplicadas exitosamente
2025-08-26 08:49:41 | INFO     | rexus           | Sistema de logging Rexus inicializado
2025-08-26 08:49:42 | INFO     | rexus           | [STYLE] Tema oscuro detectado en Windows - aplicando correcciones criticas
2025-08-26 08:49:42 | INFO     | rexus           | [STYLE] Aplicando correcciones criticas automaticas para tema oscuro
2025-08-26 08:49:42 | INFO     | rexus           | [STYLE] [ART] Aplicando tema oscuro mejorado
2025-08-26 08:49:42 | INFO     | rexus           | [STYLE] [WARNING] No se pudo obtener instancia de QApplication
2025-08-26 08:49:42 | INFO     | rexus           | [STYLE] Aplicando correcciones criticas automaticas para tema oscuro
2025-08-26 08:49:42 | INFO     | rexus           | [STYLE] [ART] Aplicando tema oscuro mejorado
2025-08-26 08:49:42 | INFO     | rexus           | [STYLE]  Aplicando correcciones críticas de contraste
2025-08-26 08:49:42 | INFO     | rexus           | [STYLE] [OK] Correcciones automáticas aplicadas exitosamente
2025-08-26 08:53:09 | INFO     | rexus           | Sistema de logging Rexus inicializado
2025-08-26 08:53:09 | INFO     | rexus           | [STYLE] Tema oscuro detectado en Windows - aplicando correcciones criticas
2025-08-26 08:53:09 | INFO     | rexus           | [STYLE] Aplicando correcciones criticas automaticas para tema oscuro
2025-08-26 08:53:09 | INFO     | rexus           | [STYLE] [ART] Aplicando tema oscuro mejorado
2025-08-26 08:53:09 | INFO     | rexus           | [STYLE] [WARNING] No se pudo obtener instancia de QApplication
2025-08-26 08:53:09 | INFO     | rexus           | [STYLE] Aplicando correcciones criticas automaticas para tema oscuro
2025-08-26 08:53:09 | INFO     | rexus           | [STYLE] [ART] Aplicando tema oscuro mejorado
2025-08-26 08:53:09 | INFO     | rexus           | [STYLE]  Aplicando correcciones críticas de contraste
2025-08-26 08:53:09 | INFO     | rexus           | [STYLE] [OK] Correcciones automáticas aplicadas exitosamente
2025-08-26 09:01:33 | INFO     | rexus           | Sistema de logging Rexus inicializado
2025-08-26 09:01:33 | INFO     | rexus           | [STYLE] Tema oscuro detectado en Windows - aplicando correcciones criticas
2025-08-26 09:01:33 | INFO     | rexus           | [STYLE] Aplicando correcciones criticas automaticas para tema oscuro
2025-08-26 09:01:33 | INFO     | rexus           | [STYLE] [ART] Aplicando tema oscuro mejorado
2025-08-26 09:01:33 | INFO     | rexus           | [STYLE] [WARNING] No se pudo obtener instancia de QApplication
2025-08-26 09:01:33 | INFO     | rexus           | [STYLE] Aplicando correcciones criticas automaticas para tema oscuro
2025-08-26 09:01:33 | INFO     | rexus           | [STYLE] [ART] Aplicando tema oscuro mejorado
2025-08-26 09:01:33 | INFO     | rexus           | [STYLE]  Aplicando correcciones críticas de contraste
2025-08-26 09:01:33 | INFO     | rexus           | [STYLE] [OK] Correcciones automáticas aplicadas exitosamente
2025-08-26 09:02:18 | INFO     | rexus           | Sistema de logging Rexus inicializado
2025-08-26 09:02:19 | INFO     | rexus           | [STYLE] Tema oscuro detectado en Windows - aplicando correcciones criticas
2025-08-26 09:02:19 | INFO     | rexus           | [STYLE] Aplicando correcciones criticas automaticas para tema oscuro
2025-08-26 09:02:19 | INFO     | rexus           | [STYLE] [ART] Aplicando tema oscuro mejorado
2025-08-26 09:02:19 | INFO     | rexus           | [STYLE] [WARNING] No se pudo obtener instancia de QApplication
2025-08-26 09:02:19 | INFO     | rexus           | [STYLE] Aplicando correcciones criticas automaticas para tema oscuro
2025-08-26 09:02:19 | INFO     | rexus           | [STYLE] [ART] Aplicando tema oscuro mejorado
2025-08-26 09:02:19 | INFO     | rexus           | [STYLE]  Aplicando correcciones críticas de contraste
2025-08-26 09:02:19 | INFO     | rexus           | [STYLE] [OK] Correcciones automáticas aplicadas exitosamente
2025-08-26 09:02:31 | INFO     | rexus           | Sistema de logging Rexus inicializado
2025-08-26 09:02:32 | INFO     | rexus           | [STYLE] Tema oscuro detectado en Windows - aplicando correcciones criticas
2025-08-26 09:02:32 | INFO     | rexus           | [STYLE] Aplicando correcciones criticas automaticas para tema oscuro
2025-08-26 09:02:32 | INFO     | rexus           | [STYLE] [ART] Aplicando tema oscuro mejorado
2025-08-26 09:02:32 | INFO     | rexus           | [STYLE] [WARNING] No se pudo obtener instancia de QApplication
2025-08-26 09:02:32 | INFO     | rexus           | [STYLE] Aplicando correcciones criticas automaticas para tema oscuro
2025-08-26 09:02:32 | INFO     | rexus           | [STYLE] [ART] Aplicando tema oscuro mejorado
2025-08-26 09:02:32 | INFO     | rexus           | [STYLE]  Aplicando correcciones críticas de contraste
2025-08-26 09:02:32 | INFO     | rexus           | [STYLE] [OK] Correcciones automáticas aplicadas exitosamente
2025-08-26 09:03:18 | INFO     | rexus           | Sistema de logging Rexus inicializado
2025-08-26 09:03:19 | INFO     | rexus           | [STYLE] Tema oscuro detectado en Windows - aplicando correcciones criticas
2025-08-26 09:03:19 | INFO     | rexus           | [STYLE] Aplicando correcciones criticas automaticas para tema oscuro
2025-08-26 09:03:19 | INFO     | rexus           | [STYLE] [ART] Aplicando tema oscuro mejorado
2025-08-26 09:03:19 | INFO     | rexus           | [STYLE] [WARNING] No se pudo obtener instancia de QApplication
2025-08-26 09:03:19 | INFO     | rexus           | [STYLE] Aplicando correcciones criticas automaticas para tema oscuro
2025-08-26 09:03:19 | INFO     | rexus           | [STYLE] [ART] Aplicando tema oscuro mejorado
2025-08-26 09:03:19 | INFO     | rexus           | [STYLE]  Aplicando correcciones críticas de contraste
2025-08-26 09:03:19 | INFO     | rexus           | [STYLE] [OK] Correcciones automáticas aplicadas exitosamente
2025-08-26 09:03:41 | INFO     | rexus           | Sistema de logging Rexus inicializado
2025-08-26 09:03:42 | INFO     | rexus           | [STYLE] Tema oscuro detectado en Windows - aplicando correcciones criticas
2025-08-26 09:03:42 | INFO     | rexus           | [STYLE] Aplicando correcciones criticas automaticas para tema oscuro
2025-08-26 09:03:42 | INFO     | rexus           | [STYLE] [ART] Aplicando tema oscuro mejorado
2025-08-26 09:03:42 | INFO     | rexus           | [STYLE] [WARNING] No se pudo obtener instancia de QApplication
2025-08-26 09:03:42 | INFO     | rexus           | [STYLE] Aplicando correcciones criticas automaticas para tema oscuro
2025-08-26 09:03:42 | INFO     | rexus           | [STYLE] [ART] Aplicando tema oscuro mejorado
2025-08-26 09:03:42 | INFO     | rexus           | [STYLE]  Aplicando correcciones críticas de contraste
2025-08-26 09:03:42 | INFO     | rexus           | [STYLE] [OK] Correcciones automáticas aplicadas exitosamente
2025-08-26 09:04:13 | INFO     | rexus           | Sistema de logging Rexus inicializado
2025-08-26 09:04:13 | INFO     | rexus           | [STYLE] Tema oscuro detectado en Windows - aplicando correcciones criticas
2025-08-26 09:04:13 | INFO     | rexus           | [STYLE] Aplicando correcciones criticas automaticas para tema oscuro
2025-08-26 09:04:13 | INFO     | rexus           | [STYLE] [ART] Aplicando tema oscuro mejorado
2025-08-26 09:04:13 | INFO     | rexus           | [STYLE] [WARNING] No se pudo obtener instancia de QApplication
2025-08-26 09:04:13 | INFO     | rexus           | [STYLE] Aplicando correcciones criticas automaticas para tema oscuro
2025-08-26 09:04:13 | INFO     | rexus           | [STYLE] [ART] Aplicando tema oscuro mejorado
2025-08-26 09:04:13 | INFO     | rexus           | [STYLE]  Aplicando correcciones críticas de contraste
2025-08-26 09:04:13 | INFO     | rexus           | [STYLE] [OK] Correcciones automáticas aplicadas exitosamente
2025-08-26 09:04:31 | INFO     | rexus           | Sistema de logging Rexus inicializado
2025-08-26 09:04:32 | INFO     | rexus           | [STYLE] Tema oscuro detectado en Windows - aplicando correcciones criticas
2025-08-26 09:04:32 | INFO     | rexus           | [STYLE] Aplicando correcciones criticas automaticas para tema oscuro
2025-08-26 09:04:32 | INFO     | rexus           | [STYLE] [ART] Aplicando tema oscuro mejorado
2025-08-26 09:04:32 | INFO     | rexus           | [STYLE] [WARNING] No se pudo obtener instancia de QApplication
2025-08-26 09:04:32 | INFO     | rexus           | [STYLE] Aplicando correcciones criticas automaticas para tema oscuro
2025-08-26 09:04:32 | INFO     | rexus           | [STYLE] [ART] Aplicando tema oscuro mejorado
2025-08-26 09:04:32 | INFO     | rexus           | [STYLE]  Aplicando correcciones críticas de contraste
2025-08-26 09:04:32 | INFO     | rexus           | [STYLE] [OK] Correcciones automáticas aplicadas exitosamente
2025-08-26 09:05:03 | INFO     | rexus           | Sistema de logging Rexus inicializado
2025-08-26 09:05:04 | INFO     | rexus           | [STYLE] Tema oscuro detectado en Windows - aplicando correcciones criticas
2025-08-26 09:05:04 | INFO     | rexus           | [STYLE] Aplicando correcciones criticas automaticas para tema oscuro
2025-08-26 09:05:04 | INFO     | rexus           | [STYLE] [ART] Aplicando tema oscuro mejorado
2025-08-26 09:05:04 | INFO     | rexus           | [STYLE] [WARNING] No se pudo obtener instancia de QApplication
2025-08-26 09:05:04 | INFO     | rexus           | [STYLE] Aplicando correcciones criticas automaticas para tema oscuro
2025-08-26 09:05:04 | INFO     | rexus           | [STYLE] [ART] Aplicando tema oscuro mejorado
2025-08-26 09:05:04 | INFO     | rexus           | [STYLE]  Aplicando correcciones críticas de contraste
2025-08-26 09:05:04 | INFO     | rexus           | [STYLE] [OK] Correcciones automáticas aplicadas exitosamente
2025-08-26 09:05:22 | INFO     | rexus           | Sistema de logging Rexus inicializado
2025-08-26 09:05:22 | INFO     | rexus           | [STYLE] Tema oscuro detectado en Windows - aplicando correcciones criticas
2025-08-26 09:05:22 | INFO     | rexus           | [STYLE] Aplicando correcciones criticas automaticas para tema oscuro
2025-08-26 09:05:22 | INFO     | rexus           | [STYLE] [ART] Aplicando tema oscuro mejorado
2025-08-26 09:05:22 | INFO     | rexus           | [STYLE] [WARNING] No se pudo obtener instancia de QApplication
2025-08-26 09:05:22 | INFO     | rexus           | [STYLE] Aplicando correcciones criticas automaticas para tema oscuro
2025-08-26 09:05:22 | INFO     | rexus           | [STYLE] [ART] Aplicando tema oscuro mejorado
2025-08-26 09:05:22 | INFO     | rexus           | [STYLE]  Aplicando correcciones críticas de contraste
2025-08-26 09:05:22 | INFO     | rexus           | [STYLE] [OK] Correcciones automáticas aplicadas exitosamente
2025-08-26 09:05:51 | INFO     | rexus           | Sistema de logging Rexus inicializado
2025-08-26 09:05:51 | INFO     | rexus           | [STYLE] Tema oscuro detectado en Windows - aplicando correcciones criticas
2025-08-26 09:05:51 | INFO     | rexus           | [STYLE] Aplicando correcciones criticas automaticas para tema oscuro
2025-08-26 09:05:51 | INFO     | rexus           | [STYLE] [ART] Aplicando tema oscuro mejorado
2025-08-26 09:05:51 | INFO     | rexus           | [STYLE] [WARNING] No se pudo obtener instancia de QApplication
2025-08-26 09:05:51 | INFO     | rexus           | [STYLE] Aplicando correcciones criticas automaticas para tema oscuro
2025-08-26 09:05:51 | INFO     | rexus           | [STYLE] [ART] Aplicando tema oscuro mejorado
2025-08-26 09:05:51 | INFO     | rexus           | [STYLE]  Aplicando correcciones críticas de contraste
2025-08-26 09:05:51 | INFO     | rexus           | [STYLE] [OK] Correcciones automáticas aplicadas exitosamente
2025-08-26 09:06:17 | INFO     | rexus           | Sistema de logging Rexus inicializado
2025-08-26 09:06:18 | INFO     | rexus           | [STYLE] Tema oscuro detectado en Windows - aplicando correcciones criticas
2025-08-26 09:06:18 | INFO     | rexus           | [STYLE] Aplicando correcciones criticas automaticas para tema oscuro
2025-08-26 09:06:18 | INFO     | rexus           | [STYLE] [ART] Aplicando tema oscuro mejorado
2025-08-26 09:06:18 | INFO     | rexus           | [STYLE] [WARNING] No se pudo obtener instancia de QApplication
2025-08-26 09:06:18 | INFO     | rexus           | [STYLE] Aplicando correcciones criticas automaticas para tema oscuro
2025-08-26 09:06:18 | INFO     | rexus           | [STYLE] [ART] Aplicando tema oscuro mejorado
2025-08-26 09:06:18 | INFO     | rexus           | [STYLE]  Aplicando correcciones críticas de contraste
2025-08-26 09:06:18 | INFO     | rexus           | [STYLE] [OK] Correcciones automáticas aplicadas exitosamente
2025-08-26 09:07:26 | INFO     | rexus           | Sistema de logging Rexus inicializado
2025-08-26 09:07:27 | INFO     | rexus           | [STYLE] Tema oscuro detectado en Windows - aplicando correcciones criticas
2025-08-26 09:07:27 | INFO     | rexus           | [STYLE] Aplicando correcciones criticas automaticas para tema oscuro
2025-08-26 09:07:27 | INFO     | rexus           | [STYLE] [ART] Aplicando tema oscuro mejorado
2025-08-26 09:07:27 | INFO     | rexus           | [STYLE] [WARNING] No se pudo obtener instancia de QApplication
2025-08-26 09:07:27 | INFO     | rexus           | [STYLE] Aplicando correcciones criticas automaticas para tema oscuro
2025-08-26 09:07:27 | INFO     | rexus           | [STYLE] [ART] Aplicando tema oscuro mejorado
2025-08-26 09:07:27 | INFO     | rexus           | [STYLE]  Aplicando correcciones críticas de contraste
2025-08-26 09:07:27 | INFO     | rexus           | [STYLE] [OK] Correcciones automáticas aplicadas exitosamente
2025-08-26 09:07:49 | INFO     | rexus           | Sistema de logging Rexus inicializado
2025-08-26 09:07:50 | INFO     | rexus           | [STYLE] Tema oscuro detectado en Windows - aplicando correcciones criticas
2025-08-26 09:07:50 | INFO     | rexus           | [STYLE] Aplicando correcciones criticas automaticas para tema oscuro
2025-08-26 09:07:50 | INFO     | rexus           | [STYLE] [ART] Aplicando tema oscuro mejorado
2025-08-26 09:07:50 | INFO     | rexus           | [STYLE] [WARNING] No se pudo obtener instancia de QApplication
2025-08-26 09:07:50 | INFO     | rexus           | [STYLE] Aplicando correcciones criticas automaticas para tema oscuro
2025-08-26 09:07:50 | INFO     | rexus           | [STYLE] [ART] Aplicando tema oscuro mejorado
2025-08-26 09:07:50 | INFO     | rexus           | [STYLE]  Aplicando correcciones críticas de contraste
2025-08-26 09:07:50 | INFO     | rexus           | [STYLE] [OK] Correcciones automáticas aplicadas exitosamente
2025-08-26 09:07:58 | INFO     | rexus           | Sistema de logging Rexus inicializado
2025-08-26 09:07:59 | INFO     | rexus           | [STYLE] Tema oscuro detectado en Windows - aplicando correcciones criticas
2025-08-26 09:07:59 | INFO     | rexus           | [STYLE] Aplicando correcciones criticas automaticas para tema oscuro
2025-08-26 09:07:59 | INFO     | rexus           | [STYLE] [ART] Aplicando tema oscuro mejorado
2025-08-26 09:07:59 | INFO     | rexus           | [STYLE] [WARNING] No se pudo obtener instancia de QApplication
2025-08-26 09:07:59 | INFO     | rexus           | [STYLE] Aplicando correcciones criticas automaticas para tema oscuro
2025-08-26 09:07:59 | INFO     | rexus           | [STYLE] [ART] Aplicando tema oscuro mejorado
2025-08-26 09:07:59 | INFO     | rexus           | [STYLE]  Aplicando correcciones críticas de contraste
2025-08-26 09:07:59 | INFO     | rexus           | [STYLE] [OK] Correcciones automáticas aplicadas exitosamente
2025-08-26 09:08:30 | INFO     | rexus           | Sistema de logging Rexus inicializado
2025-08-26 09:08:30 | INFO     | rexus           | [STYLE] Tema oscuro detectado en Windows - aplicando correcciones criticas
2025-08-26 09:08:30 | INFO     | rexus           | [STYLE] Aplicando correcciones criticas automaticas para tema oscuro
2025-08-26 09:08:30 | INFO     | rexus           | [STYLE] [ART] Aplicando tema oscuro mejorado
2025-08-26 09:08:30 | INFO     | rexus           | [STYLE] [WARNING] No se pudo obtener instancia de QApplication
2025-08-26 09:08:30 | INFO     | rexus           | [STYLE] Aplicando correcciones criticas automaticas para tema oscuro
2025-08-26 09:08:30 | INFO     | rexus           | [STYLE] [ART] Aplicando tema oscuro mejorado
2025-08-26 09:08:30 | INFO     | rexus           | [STYLE]  Aplicando correcciones críticas de contraste
2025-08-26 09:08:30 | INFO     | rexus           | [STYLE] [OK] Correcciones automáticas aplicadas exitosamente
2025-08-26 09:08:37 | INFO     | rexus           | Sistema de logging Rexus inicializado
2025-08-26 09:08:38 | INFO     | rexus           | [STYLE] Tema oscuro detectado en Windows - aplicando correcciones criticas
2025-08-26 09:08:38 | INFO     | rexus           | [STYLE] Aplicando correcciones criticas automaticas para tema oscuro
2025-08-26 09:08:38 | INFO     | rexus           | [STYLE] [ART] Aplicando tema oscuro mejorado
2025-08-26 09:08:38 | INFO     | rexus           | [STYLE] [WARNING] No se pudo obtener instancia de QApplication
2025-08-26 09:08:38 | INFO     | rexus           | [STYLE] Aplicando correcciones criticas automaticas para tema oscuro
2025-08-26 09:08:38 | INFO     | rexus           | [STYLE] [ART] Aplicando tema oscuro mejorado
2025-08-26 09:08:38 | INFO     | rexus           | [STYLE]  Aplicando correcciones críticas de contraste
2025-08-26 09:08:38 | INFO     | rexus           | [STYLE] [OK] Correcciones automáticas aplicadas exitosamente
2025-08-26 09:09:12 | INFO     | rexus           | Sistema de logging Rexus inicializado
2025-08-26 09:09:13 | INFO     | rexus.modules.obras.view | [OBRAS] Tabla configurada correctamente
2025-08-26 09:09:13 | INFO     | rexus           | [STYLE] Tema oscuro detectado en Windows - aplicando correcciones criticas
2025-08-26 09:09:13 | INFO     | rexus           | [STYLE] Aplicando correcciones criticas automaticas para tema oscuro
2025-08-26 09:09:13 | INFO     | rexus           | [STYLE] [ART] Aplicando tema oscuro mejorado
2025-08-26 09:09:13 | INFO     | rexus           | [STYLE]  Aplicando correcciones críticas de contraste
2025-08-26 09:09:13 | INFO     | rexus           | [STYLE] [OK] Correcciones automáticas aplicadas exitosamente
2025-08-26 09:09:13 | INFO     | rexus           | [STYLE] Aplicando correcciones criticas automaticas para tema oscuro
2025-08-26 09:09:13 | INFO     | rexus           | [STYLE] [ART] Aplicando tema oscuro mejorado
2025-08-26 09:09:13 | INFO     | rexus           | [STYLE]  Aplicando correcciones críticas de contraste
2025-08-26 09:09:13 | INFO     | rexus           | [STYLE] Correcciones críticas de contraste aplicadas globalmente
2025-08-26 09:09:13 | INFO     | rexus           | [STYLE] [OK] Correcciones automáticas aplicadas exitosamente
2025-08-26 09:10:18 | INFO     | rexus           | Sistema de logging Rexus inicializado
2025-08-26 09:10:19 | INFO     | rexus           | [STYLE] Tema oscuro detectado en Windows - aplicando correcciones criticas
2025-08-26 09:10:19 | INFO     | rexus           | [STYLE] Aplicando correcciones criticas automaticas para tema oscuro
2025-08-26 09:10:19 | INFO     | rexus           | [STYLE] [ART] Aplicando tema oscuro mejorado
2025-08-26 09:10:19 | INFO     | rexus           | [STYLE] [WARNING] No se pudo obtener instancia de QApplication
2025-08-26 09:10:19 | INFO     | rexus           | [STYLE] Aplicando correcciones criticas automaticas para tema oscuro
2025-08-26 09:10:19 | INFO     | rexus           | [STYLE] [ART] Aplicando tema oscuro mejorado
2025-08-26 09:10:19 | INFO     | rexus           | [STYLE]  Aplicando correcciones críticas de contraste
2025-08-26 09:10:19 | INFO     | rexus           | [STYLE] [OK] Correcciones automáticas aplicadas exitosamente
2025-08-26 09:13:23 | INFO     | rexus           | Sistema de logging Rexus inicializado
2025-08-26 09:13:24 | INFO     | rexus           | [STYLE] Tema oscuro detectado en Windows - aplicando correcciones criticas
2025-08-26 09:13:24 | INFO     | rexus           | [STYLE] Aplicando correcciones criticas automaticas para tema oscuro
2025-08-26 09:13:24 | INFO     | rexus           | [STYLE] [ART] Aplicando tema oscuro mejorado
2025-08-26 09:13:24 | INFO     | rexus           | [STYLE] [WARNING] No se pudo obtener instancia de QApplication
2025-08-26 09:13:24 | INFO     | rexus           | [STYLE] Aplicando correcciones criticas automaticas para tema oscuro
2025-08-26 09:13:24 | INFO     | rexus           | [STYLE] [ART] Aplicando tema oscuro mejorado
2025-08-26 09:13:24 | INFO     | rexus           | [STYLE]  Aplicando correcciones críticas de contraste
2025-08-26 09:13:24 | INFO     | rexus           | [STYLE] [OK] Correcciones automáticas aplicadas exitosamente
2025-08-26 09:13:40 | INFO     | rexus           | Sistema de logging Rexus inicializado
2025-08-26 09:13:41 | INFO     | rexus           | [STYLE] Tema oscuro detectado en Windows - aplicando correcciones criticas
2025-08-26 09:13:41 | INFO     | rexus           | [STYLE] Aplicando correcciones criticas automaticas para tema oscuro
2025-08-26 09:13:41 | INFO     | rexus           | [STYLE] [ART] Aplicando tema oscuro mejorado
2025-08-26 09:13:41 | INFO     | rexus           | [STYLE] [WARNING] No se pudo obtener instancia de QApplication
2025-08-26 09:13:41 | INFO     | rexus           | [STYLE] Aplicando correcciones criticas automaticas para tema oscuro
2025-08-26 09:13:41 | INFO     | rexus           | [STYLE] [ART] Aplicando tema oscuro mejorado
2025-08-26 09:13:41 | INFO     | rexus           | [STYLE]  Aplicando correcciones críticas de contraste
2025-08-26 09:13:41 | INFO     | rexus           | [STYLE] [OK] Correcciones automáticas aplicadas exitosamente
2025-08-26 09:13:48 | INFO     | rexus           | Sistema de logging Rexus inicializado
2025-08-26 09:13:49 | INFO     | rexus           | [STYLE] Tema oscuro detectado en Windows - aplicando correcciones criticas
2025-08-26 09:13:49 | INFO     | rexus           | [STYLE] Aplicando correcciones criticas automaticas para tema oscuro
2025-08-26 09:13:49 | INFO     | rexus           | [STYLE] [ART] Aplicando tema oscuro mejorado
2025-08-26 09:13:49 | INFO     | rexus           | [STYLE] [WARNING] No se pudo obtener instancia de QApplication
2025-08-26 09:13:49 | INFO     | rexus           | [STYLE] Aplicando correcciones criticas automaticas para tema oscuro
2025-08-26 09:13:49 | INFO     | rexus           | [STYLE] [ART] Aplicando tema oscuro mejorado
2025-08-26 09:13:49 | INFO     | rexus           | [STYLE]  Aplicando correcciones críticas de contraste
2025-08-26 09:13:49 | INFO     | rexus           | [STYLE] [OK] Correcciones automáticas aplicadas exitosamente
2025-08-26 09:13:54 | INFO     | rexus           | Sistema de logging Rexus inicializado
2025-08-26 09:13:55 | INFO     | rexus           | [STYLE] Tema oscuro detectado en Windows - aplicando correcciones criticas
2025-08-26 09:13:55 | INFO     | rexus           | [STYLE] Aplicando correcciones criticas automaticas para tema oscuro
2025-08-26 09:13:55 | INFO     | rexus           | [STYLE] [ART] Aplicando tema oscuro mejorado
2025-08-26 09:13:55 | INFO     | rexus           | [STYLE] [WARNING] No se pudo obtener instancia de QApplication
2025-08-26 09:13:55 | INFO     | rexus           | [STYLE] Aplicando correcciones criticas automaticas para tema oscuro
2025-08-26 09:13:55 | INFO     | rexus           | [STYLE] [ART] Aplicando tema oscuro mejorado
2025-08-26 09:13:55 | INFO     | rexus           | [STYLE]  Aplicando correcciones críticas de contraste
2025-08-26 09:13:55 | INFO     | rexus           | [STYLE] [OK] Correcciones automáticas aplicadas exitosamente
2025-08-26 09:14:14 | INFO     | rexus           | Sistema de logging Rexus inicializado
2025-08-26 09:14:15 | INFO     | rexus           | [STYLE] Tema oscuro detectado en Windows - aplicando correcciones criticas
2025-08-26 09:14:15 | INFO     | rexus           | [STYLE] Aplicando correcciones criticas automaticas para tema oscuro
2025-08-26 09:14:15 | INFO     | rexus           | [STYLE] [ART] Aplicando tema oscuro mejorado
2025-08-26 09:14:15 | INFO     | rexus           | [STYLE] [WARNING] No se pudo obtener instancia de QApplication
2025-08-26 09:14:15 | INFO     | rexus           | [STYLE] Aplicando correcciones criticas automaticas para tema oscuro
2025-08-26 09:14:15 | INFO     | rexus           | [STYLE] [ART] Aplicando tema oscuro mejorado
2025-08-26 09:14:15 | INFO     | rexus           | [STYLE]  Aplicando correcciones críticas de contraste
2025-08-26 09:14:15 | INFO     | rexus           | [STYLE] [OK] Correcciones automáticas aplicadas exitosamente
2025-08-26 09:14:21 | INFO     | rexus           | Sistema de logging Rexus inicializado
2025-08-26 09:14:22 | INFO     | rexus           | [STYLE] Tema oscuro detectado en Windows - aplicando correcciones criticas
2025-08-26 09:14:22 | INFO     | rexus           | [STYLE] Aplicando correcciones criticas automaticas para tema oscuro
2025-08-26 09:14:22 | INFO     | rexus           | [STYLE] [ART] Aplicando tema oscuro mejorado
2025-08-26 09:14:22 | INFO     | rexus           | [STYLE] [WARNING] No se pudo obtener instancia de QApplication
2025-08-26 09:14:22 | INFO     | rexus           | [STYLE] Aplicando correcciones criticas automaticas para tema oscuro
2025-08-26 09:14:22 | INFO     | rexus           | [STYLE] [ART] Aplicando tema oscuro mejorado
2025-08-26 09:14:22 | INFO     | rexus           | [STYLE]  Aplicando correcciones críticas de contraste
2025-08-26 09:14:22 | INFO     | rexus           | [STYLE] [OK] Correcciones automáticas aplicadas exitosamente
2025-08-26 09:14:29 | INFO     | rexus           | Sistema de logging Rexus inicializado
2025-08-26 09:14:30 | INFO     | rexus           | [STYLE] Tema oscuro detectado en Windows - aplicando correcciones criticas
2025-08-26 09:14:30 | INFO     | rexus           | [STYLE] Aplicando correcciones criticas automaticas para tema oscuro
2025-08-26 09:14:30 | INFO     | rexus           | [STYLE] [ART] Aplicando tema oscuro mejorado
2025-08-26 09:14:30 | INFO     | rexus           | [STYLE] [WARNING] No se pudo obtener instancia de QApplication
2025-08-26 09:14:30 | INFO     | rexus           | [STYLE] Aplicando correcciones criticas automaticas para tema oscuro
2025-08-26 09:14:30 | INFO     | rexus           | [STYLE] [ART] Aplicando tema oscuro mejorado
2025-08-26 09:14:30 | INFO     | rexus           | [STYLE]  Aplicando correcciones críticas de contraste
2025-08-26 09:14:30 | INFO     | rexus           | [STYLE] [OK] Correcciones automáticas aplicadas exitosamente
2025-08-26 09:15:46 | INFO     | rexus           | Sistema de logging Rexus inicializado
2025-08-26 09:15:47 | INFO     | rexus           | [STYLE] Tema oscuro detectado en Windows - aplicando correcciones criticas
2025-08-26 09:15:47 | INFO     | rexus           | [STYLE] Aplicando correcciones criticas automaticas para tema oscuro
2025-08-26 09:15:47 | INFO     | rexus           | [STYLE] [ART] Aplicando tema oscuro mejorado
2025-08-26 09:15:47 | INFO     | rexus           | [STYLE] [WARNING] No se pudo obtener instancia de QApplication
2025-08-26 09:15:47 | INFO     | rexus           | [STYLE] Aplicando correcciones criticas automaticas para tema oscuro
2025-08-26 09:15:47 | INFO     | rexus           | [STYLE] [ART] Aplicando tema oscuro mejorado
2025-08-26 09:15:47 | INFO     | rexus           | [STYLE]  Aplicando correcciones críticas de contraste
2025-08-26 09:15:47 | INFO     | rexus           | [STYLE] [OK] Correcciones automáticas aplicadas exitosamente
2025-08-26 09:16:03 | INFO     | rexus           | Sistema de logging Rexus inicializado
2025-08-26 09:16:04 | INFO     | rexus           | [STYLE] Tema oscuro detectado en Windows - aplicando correcciones criticas
2025-08-26 09:16:04 | INFO     | rexus           | [STYLE] Aplicando correcciones criticas automaticas para tema oscuro
2025-08-26 09:16:04 | INFO     | rexus           | [STYLE] [ART] Aplicando tema oscuro mejorado
2025-08-26 09:16:04 | INFO     | rexus           | [STYLE] [WARNING] No se pudo obtener instancia de QApplication
2025-08-26 09:16:04 | INFO     | rexus           | [STYLE] Aplicando correcciones criticas automaticas para tema oscuro
2025-08-26 09:16:04 | INFO     | rexus           | [STYLE] [ART] Aplicando tema oscuro mejorado
2025-08-26 09:16:04 | INFO     | rexus           | [STYLE]  Aplicando correcciones críticas de contraste
2025-08-26 09:16:04 | INFO     | rexus           | [STYLE] [OK] Correcciones automáticas aplicadas exitosamente
2025-08-26 09:16:10 | INFO     | rexus           | Sistema de logging Rexus inicializado
2025-08-26 09:16:10 | INFO     | rexus           | [STYLE] Tema oscuro detectado en Windows - aplicando correcciones criticas
2025-08-26 09:16:10 | INFO     | rexus           | [STYLE] Aplicando correcciones criticas automaticas para tema oscuro
2025-08-26 09:16:10 | INFO     | rexus           | [STYLE] [ART] Aplicando tema oscuro mejorado
2025-08-26 09:16:10 | INFO     | rexus           | [STYLE] [WARNING] No se pudo obtener instancia de QApplication
2025-08-26 09:16:10 | INFO     | rexus           | [STYLE] Aplicando correcciones criticas automaticas para tema oscuro
2025-08-26 09:16:10 | INFO     | rexus           | [STYLE] [ART] Aplicando tema oscuro mejorado
2025-08-26 09:16:10 | INFO     | rexus           | [STYLE]  Aplicando correcciones críticas de contraste
2025-08-26 09:16:10 | INFO     | rexus           | [STYLE] [OK] Correcciones automáticas aplicadas exitosamente
2025-08-26 09:16:19 | INFO     | rexus           | Sistema de logging Rexus inicializado
2025-08-26 09:16:20 | INFO     | rexus           | [STYLE] Tema oscuro detectado en Windows - aplicando correcciones criticas
2025-08-26 09:16:20 | INFO     | rexus           | [STYLE] Aplicando correcciones criticas automaticas para tema oscuro
2025-08-26 09:16:20 | INFO     | rexus           | [STYLE] [ART] Aplicando tema oscuro mejorado
2025-08-26 09:16:20 | INFO     | rexus           | [STYLE] [WARNING] No se pudo obtener instancia de QApplication
2025-08-26 09:16:20 | INFO     | rexus           | [STYLE] Aplicando correcciones criticas automaticas para tema oscuro
2025-08-26 09:16:20 | INFO     | rexus           | [STYLE] [ART] Aplicando tema oscuro mejorado
2025-08-26 09:16:20 | INFO     | rexus           | [STYLE]  Aplicando correcciones críticas de contraste
2025-08-26 09:16:20 | INFO     | rexus           | [STYLE] [OK] Correcciones automáticas aplicadas exitosamente
2025-08-26 09:17:51 | INFO     | rexus           | Sistema de logging Rexus inicializado
2025-08-26 09:17:52 | INFO     | rexus           | [STYLE] Tema oscuro detectado en Windows - aplicando correcciones criticas
2025-08-26 09:17:52 | INFO     | rexus           | [STYLE] Aplicando correcciones criticas automaticas para tema oscuro
2025-08-26 09:17:52 | INFO     | rexus           | [STYLE] [ART] Aplicando tema oscuro mejorado
2025-08-26 09:17:52 | INFO     | rexus           | [STYLE] [WARNING] No se pudo obtener instancia de QApplication
2025-08-26 09:17:52 | INFO     | rexus           | [STYLE] Aplicando correcciones criticas automaticas para tema oscuro
2025-08-26 09:17:52 | INFO     | rexus           | [STYLE] [ART] Aplicando tema oscuro mejorado
2025-08-26 09:17:52 | INFO     | rexus           | [STYLE]  Aplicando correcciones críticas de contraste
2025-08-26 09:17:52 | INFO     | rexus           | [STYLE] [OK] Correcciones automáticas aplicadas exitosamente
2025-08-26 09:18:06 | INFO     | rexus           | Sistema de logging Rexus inicializado
2025-08-26 09:18:07 | INFO     | rexus           | [STYLE] Tema oscuro detectado en Windows - aplicando correcciones criticas
2025-08-26 09:18:07 | INFO     | rexus           | [STYLE] Aplicando correcciones criticas automaticas para tema oscuro
2025-08-26 09:18:07 | INFO     | rexus           | [STYLE] [ART] Aplicando tema oscuro mejorado
2025-08-26 09:18:07 | INFO     | rexus           | [STYLE] [WARNING] No se pudo obtener instancia de QApplication
2025-08-26 09:18:07 | INFO     | rexus           | [STYLE] Aplicando correcciones criticas automaticas para tema oscuro
2025-08-26 09:18:07 | INFO     | rexus           | [STYLE] [ART] Aplicando tema oscuro mejorado
2025-08-26 09:18:07 | INFO     | rexus           | [STYLE]  Aplicando correcciones críticas de contraste
2025-08-26 09:18:07 | INFO     | rexus           | [STYLE] [OK] Correcciones automáticas aplicadas exitosamente
2025-08-26 09:18:15 | INFO     | rexus           | Sistema de logging Rexus inicializado
2025-08-26 09:18:16 | INFO     | rexus           | [STYLE] Tema oscuro detectado en Windows - aplicando correcciones criticas
2025-08-26 09:18:16 | INFO     | rexus           | [STYLE] Aplicando correcciones criticas automaticas para tema oscuro
2025-08-26 09:18:16 | INFO     | rexus           | [STYLE] [ART] Aplicando tema oscuro mejorado
2025-08-26 09:18:16 | INFO     | rexus           | [STYLE] [WARNING] No se pudo obtener instancia de QApplication
2025-08-26 09:18:16 | INFO     | rexus           | [STYLE] Aplicando correcciones criticas automaticas para tema oscuro
2025-08-26 09:18:16 | INFO     | rexus           | [STYLE] [ART] Aplicando tema oscuro mejorado
2025-08-26 09:18:16 | INFO     | rexus           | [STYLE]  Aplicando correcciones críticas de contraste
2025-08-26 09:18:16 | INFO     | rexus           | [STYLE] [OK] Correcciones automáticas aplicadas exitosamente
2025-08-26 09:18:24 | INFO     | rexus           | Sistema de logging Rexus inicializado
2025-08-26 09:18:25 | INFO     | rexus           | [STYLE] Tema oscuro detectado en Windows - aplicando correcciones criticas
2025-08-26 09:18:25 | INFO     | rexus           | [STYLE] Aplicando correcciones criticas automaticas para tema oscuro
2025-08-26 09:18:25 | INFO     | rexus           | [STYLE] [ART] Aplicando tema oscuro mejorado
2025-08-26 09:18:25 | INFO     | rexus           | [STYLE] [WARNING] No se pudo obtener instancia de QApplication
2025-08-26 09:18:25 | INFO     | rexus           | [STYLE] Aplicando correcciones criticas automaticas para tema oscuro
2025-08-26 09:18:25 | INFO     | rexus           | [STYLE] [ART] Aplicando tema oscuro mejorado
2025-08-26 09:18:25 | INFO     | rexus           | [STYLE]  Aplicando correcciones críticas de contraste
2025-08-26 09:18:25 | INFO     | rexus           | [STYLE] [OK] Correcciones automáticas aplicadas exitosamente
2025-08-26 09:18:35 | INFO     | rexus           | Sistema de logging Rexus inicializado
2025-08-26 09:18:35 | INFO     | rexus           | [STYLE] Tema oscuro detectado en Windows - aplicando correcciones criticas
2025-08-26 09:18:35 | INFO     | rexus           | [STYLE] Aplicando correcciones criticas automaticas para tema oscuro
2025-08-26 09:18:35 | INFO     | rexus           | [STYLE] [ART] Aplicando tema oscuro mejorado
2025-08-26 09:18:35 | INFO     | rexus           | [STYLE] [WARNING] No se pudo obtener instancia de QApplication
2025-08-26 09:18:35 | INFO     | rexus           | [STYLE] Aplicando correcciones criticas automaticas para tema oscuro
2025-08-26 09:18:35 | INFO     | rexus           | [STYLE] [ART] Aplicando tema oscuro mejorado
2025-08-26 09:18:35 | INFO     | rexus           | [STYLE]  Aplicando correcciones críticas de contraste
2025-08-26 09:18:35 | INFO     | rexus           | [STYLE] [OK] Correcciones automáticas aplicadas exitosamente
2025-08-26 09:18:42 | INFO     | rexus           | Sistema de logging Rexus inicializado
2025-08-26 09:18:43 | INFO     | rexus           | [STYLE] Tema oscuro detectado en Windows - aplicando correcciones criticas
2025-08-26 09:18:43 | INFO     | rexus           | [STYLE] Aplicando correcciones criticas automaticas para tema oscuro
2025-08-26 09:18:43 | INFO     | rexus           | [STYLE] [ART] Aplicando tema oscuro mejorado
2025-08-26 09:18:43 | INFO     | rexus           | [STYLE] [WARNING] No se pudo obtener instancia de QApplication
2025-08-26 09:18:43 | INFO     | rexus           | [STYLE] Aplicando correcciones criticas automaticas para tema oscuro
2025-08-26 09:18:43 | INFO     | rexus           | [STYLE] [ART] Aplicando tema oscuro mejorado
2025-08-26 09:18:43 | INFO     | rexus           | [STYLE]  Aplicando correcciones críticas de contraste
2025-08-26 09:18:43 | INFO     | rexus           | [STYLE] [OK] Correcciones automáticas aplicadas exitosamente
2025-08-26 09:20:11 | INFO     | rexus           | Sistema de logging Rexus inicializado
2025-08-26 09:20:12 | INFO     | rexus           | [STYLE] Tema oscuro detectado en Windows - aplicando correcciones criticas
2025-08-26 09:20:12 | INFO     | rexus           | [STYLE] Aplicando correcciones criticas automaticas para tema oscuro
2025-08-26 09:20:12 | INFO     | rexus           | [STYLE] [ART] Aplicando tema oscuro mejorado
2025-08-26 09:20:12 | INFO     | rexus           | [STYLE] [WARNING] No se pudo obtener instancia de QApplication
2025-08-26 09:20:12 | INFO     | rexus           | [STYLE] Aplicando correcciones criticas automaticas para tema oscuro
2025-08-26 09:20:12 | INFO     | rexus           | [STYLE] [ART] Aplicando tema oscuro mejorado
2025-08-26 09:20:12 | INFO     | rexus           | [STYLE]  Aplicando correcciones críticas de contraste
2025-08-26 09:20:12 | INFO     | rexus           | [STYLE] [OK] Correcciones automáticas aplicadas exitosamente
2025-08-26 09:21:29 | INFO     | rexus           | Sistema de logging Rexus inicializado
2025-08-26 09:21:29 | INFO     | rexus           | [STYLE] Tema oscuro detectado en Windows - aplicando correcciones criticas
2025-08-26 09:21:29 | INFO     | rexus           | [STYLE] Aplicando correcciones criticas automaticas para tema oscuro
2025-08-26 09:21:29 | INFO     | rexus           | [STYLE] [ART] Aplicando tema oscuro mejorado
2025-08-26 09:21:29 | INFO     | rexus           | [STYLE] [WARNING] No se pudo obtener instancia de QApplication
2025-08-26 09:21:29 | INFO     | rexus           | [STYLE] Aplicando correcciones criticas automaticas para tema oscuro
2025-08-26 09:21:29 | INFO     | rexus           | [STYLE] [ART] Aplicando tema oscuro mejorado
2025-08-26 09:21:29 | INFO     | rexus           | [STYLE]  Aplicando correcciones críticas de contraste
2025-08-26 09:21:29 | INFO     | rexus           | [STYLE] [OK] Correcciones automáticas aplicadas exitosamente
2025-08-26 09:22:22 | INFO     | rexus           | Sistema de logging Rexus inicializado
2025-08-26 09:22:23 | INFO     | rexus           | [STYLE] Tema oscuro detectado en Windows - aplicando correcciones criticas
2025-08-26 09:22:23 | INFO     | rexus           | [STYLE] Aplicando correcciones criticas automaticas para tema oscuro
2025-08-26 09:22:23 | INFO     | rexus           | [STYLE] [ART] Aplicando tema oscuro mejorado
2025-08-26 09:22:23 | INFO     | rexus           | [STYLE] [WARNING] No se pudo obtener instancia de QApplication
2025-08-26 09:22:23 | INFO     | rexus           | [STYLE] Aplicando correcciones criticas automaticas para tema oscuro
2025-08-26 09:22:23 | INFO     | rexus           | [STYLE] [ART] Aplicando tema oscuro mejorado
2025-08-26 09:22:23 | INFO     | rexus           | [STYLE]  Aplicando correcciones críticas de contraste
2025-08-26 09:22:23 | INFO     | rexus           | [STYLE] [OK] Correcciones automáticas aplicadas exitosamente
2025-08-26 09:26:15 | INFO     | rexus           | Sistema de logging Rexus inicializado
2025-08-26 09:26:15 | INFO     | rexus           | [STYLE] Tema oscuro detectado en Windows - aplicando correcciones criticas
2025-08-26 09:26:15 | INFO     | rexus           | [STYLE] Aplicando correcciones criticas automaticas para tema oscuro
2025-08-26 09:26:15 | INFO     | rexus           | [STYLE] [ART] Aplicando tema oscuro mejorado
2025-08-26 09:26:15 | INFO     | rexus           | [STYLE] [WARNING] No se pudo obtener instancia de QApplication
2025-08-26 09:26:15 | INFO     | rexus           | [STYLE] Aplicando correcciones criticas automaticas para tema oscuro
2025-08-26 09:26:15 | INFO     | rexus           | [STYLE] [ART] Aplicando tema oscuro mejorado
2025-08-26 09:26:15 | INFO     | rexus           | [STYLE]  Aplicando correcciones críticas de contraste
2025-08-26 09:26:15 | INFO     | rexus           | [STYLE] [OK] Correcciones automáticas aplicadas exitosamente
2025-08-26 09:27:10 | INFO     | rexus           | Sistema de logging Rexus inicializado
2025-08-26 09:27:10 | INFO     | rexus           | [STYLE] Tema oscuro detectado en Windows - aplicando correcciones criticas
2025-08-26 09:27:10 | INFO     | rexus           | [STYLE] Aplicando correcciones criticas automaticas para tema oscuro
2025-08-26 09:27:10 | INFO     | rexus           | [STYLE] [ART] Aplicando tema oscuro mejorado
2025-08-26 09:27:10 | INFO     | rexus           | [STYLE] [WARNING] No se pudo obtener instancia de QApplication
2025-08-26 09:27:10 | INFO     | rexus           | [STYLE] Aplicando correcciones criticas automaticas para tema oscuro
2025-08-26 09:27:10 | INFO     | rexus           | [STYLE] [ART] Aplicando tema oscuro mejorado
2025-08-26 09:27:10 | INFO     | rexus           | [STYLE]  Aplicando correcciones críticas de contraste
2025-08-26 09:27:10 | INFO     | rexus           | [STYLE] [OK] Correcciones automáticas aplicadas exitosamente
2025-08-26 09:29:20 | INFO     | rexus           | Sistema de logging Rexus inicializado
2025-08-26 09:29:20 | INFO     | rexus           | [STYLE] Tema oscuro detectado en Windows - aplicando correcciones criticas
2025-08-26 09:29:20 | INFO     | rexus           | [STYLE] Aplicando correcciones criticas automaticas para tema oscuro
2025-08-26 09:29:20 | INFO     | rexus           | [STYLE] [ART] Aplicando tema oscuro mejorado
2025-08-26 09:29:20 | INFO     | rexus           | [STYLE] [WARNING] No se pudo obtener instancia de QApplication
2025-08-26 09:29:20 | INFO     | rexus           | [STYLE] Aplicando correcciones criticas automaticas para tema oscuro
2025-08-26 09:29:20 | INFO     | rexus           | [STYLE] [ART] Aplicando tema oscuro mejorado
2025-08-26 09:29:20 | INFO     | rexus           | [STYLE]  Aplicando correcciones críticas de contraste
2025-08-26 09:29:20 | INFO     | rexus           | [STYLE] [OK] Correcciones automáticas aplicadas exitosamente
2025-08-26 09:29:30 | INFO     | rexus           | Sistema de logging Rexus inicializado
2025-08-26 09:29:31 | INFO     | rexus           | [STYLE] Tema oscuro detectado en Windows - aplicando correcciones criticas
2025-08-26 09:29:31 | INFO     | rexus           | [STYLE] Aplicando correcciones criticas automaticas para tema oscuro
2025-08-26 09:29:31 | INFO     | rexus           | [STYLE] [ART] Aplicando tema oscuro mejorado
2025-08-26 09:29:31 | INFO     | rexus           | [STYLE] [WARNING] No se pudo obtener instancia de QApplication
2025-08-26 09:29:31 | INFO     | rexus           | [STYLE] Aplicando correcciones criticas automaticas para tema oscuro
2025-08-26 09:29:31 | INFO     | rexus           | [STYLE] [ART] Aplicando tema oscuro mejorado
2025-08-26 09:29:31 | INFO     | rexus           | [STYLE]  Aplicando correcciones críticas de contraste
2025-08-26 09:29:31 | INFO     | rexus           | [STYLE] [OK] Correcciones automáticas aplicadas exitosamente
2025-08-26 09:29:40 | INFO     | rexus           | Sistema de logging Rexus inicializado
2025-08-26 09:29:41 | INFO     | rexus           | [STYLE] Tema oscuro detectado en Windows - aplicando correcciones criticas
2025-08-26 09:29:41 | INFO     | rexus           | [STYLE] Aplicando correcciones criticas automaticas para tema oscuro
2025-08-26 09:29:41 | INFO     | rexus           | [STYLE] [ART] Aplicando tema oscuro mejorado
2025-08-26 09:29:41 | INFO     | rexus           | [STYLE] [WARNING] No se pudo obtener instancia de QApplication
2025-08-26 09:29:41 | INFO     | rexus           | [STYLE] Aplicando correcciones criticas automaticas para tema oscuro
2025-08-26 09:29:41 | INFO     | rexus           | [STYLE] [ART] Aplicando tema oscuro mejorado
2025-08-26 09:29:41 | INFO     | rexus           | [STYLE]  Aplicando correcciones críticas de contraste
2025-08-26 09:29:41 | INFO     | rexus           | [STYLE] [OK] Correcciones automáticas aplicadas exitosamente
2025-08-26 09:29:49 | INFO     | rexus           | Sistema de logging Rexus inicializado
2025-08-26 09:29:50 | INFO     | rexus           | [STYLE] Tema oscuro detectado en Windows - aplicando correcciones criticas
2025-08-26 09:29:50 | INFO     | rexus           | [STYLE] Aplicando correcciones criticas automaticas para tema oscuro
2025-08-26 09:29:50 | INFO     | rexus           | [STYLE] [ART] Aplicando tema oscuro mejorado
2025-08-26 09:29:50 | INFO     | rexus           | [STYLE] [WARNING] No se pudo obtener instancia de QApplication
2025-08-26 09:29:50 | INFO     | rexus           | [STYLE] Aplicando correcciones criticas automaticas para tema oscuro
2025-08-26 09:29:50 | INFO     | rexus           | [STYLE] [ART] Aplicando tema oscuro mejorado
2025-08-26 09:29:50 | INFO     | rexus           | [STYLE]  Aplicando correcciones críticas de contraste
2025-08-26 09:29:50 | INFO     | rexus           | [STYLE] [OK] Correcciones automáticas aplicadas exitosamente
2025-08-26 09:38:57 | INFO     | rexus           | Sistema de logging Rexus inicializado
2025-08-26 09:38:57 | INFO     | rexus           | [STYLE] Tema oscuro detectado en Windows - aplicando correcciones criticas
2025-08-26 09:38:57 | INFO     | rexus           | [STYLE] Aplicando correcciones criticas automaticas para tema oscuro
2025-08-26 09:38:57 | INFO     | rexus           | [STYLE] [ART] Aplicando tema oscuro mejorado
2025-08-26 09:38:57 | INFO     | rexus           | [STYLE] [WARNING] No se pudo obtener instancia de QApplication
2025-08-26 09:38:57 | INFO     | rexus           | [STYLE] Aplicando correcciones criticas automaticas para tema oscuro
2025-08-26 09:38:57 | INFO     | rexus           | [STYLE] [ART] Aplicando tema oscuro mejorado
2025-08-26 09:38:57 | INFO     | rexus           | [STYLE]  Aplicando correcciones críticas de contraste
2025-08-26 09:38:57 | INFO     | rexus           | [STYLE] [OK] Correcciones automáticas aplicadas exitosamente
2025-08-26 09:39:26 | INFO     | rexus           | Sistema de logging Rexus inicializado
2025-08-26 09:39:27 | INFO     | rexus           | [STYLE] Tema oscuro detectado en Windows - aplicando correcciones criticas
2025-08-26 09:39:27 | INFO     | rexus           | [STYLE] Aplicando correcciones criticas automaticas para tema oscuro
2025-08-26 09:39:27 | INFO     | rexus           | [STYLE] [ART] Aplicando tema oscuro mejorado
2025-08-26 09:39:27 | INFO     | rexus           | [STYLE] [WARNING] No se pudo obtener instancia de QApplication
2025-08-26 09:39:27 | INFO     | rexus           | [STYLE] Aplicando correcciones criticas automaticas para tema oscuro
2025-08-26 09:39:27 | INFO     | rexus           | [STYLE] [ART] Aplicando tema oscuro mejorado
2025-08-26 09:39:27 | INFO     | rexus           | [STYLE]  Aplicando correcciones críticas de contraste
2025-08-26 09:39:27 | INFO     | rexus           | [STYLE] [OK] Correcciones automáticas aplicadas exitosamente
2025-08-26 09:39:38 | INFO     | rexus           | Sistema de logging Rexus inicializado
2025-08-26 09:39:38 | INFO     | rexus           | [STYLE] Tema oscuro detectado en Windows - aplicando correcciones criticas
2025-08-26 09:39:38 | INFO     | rexus           | [STYLE] Aplicando correcciones criticas automaticas para tema oscuro
2025-08-26 09:39:38 | INFO     | rexus           | [STYLE] [ART] Aplicando tema oscuro mejorado
2025-08-26 09:39:38 | INFO     | rexus           | [STYLE] [WARNING] No se pudo obtener instancia de QApplication
2025-08-26 09:39:38 | INFO     | rexus           | [STYLE] Aplicando correcciones criticas automaticas para tema oscuro
2025-08-26 09:39:38 | INFO     | rexus           | [STYLE] [ART] Aplicando tema oscuro mejorado
2025-08-26 09:39:38 | INFO     | rexus           | [STYLE]  Aplicando correcciones críticas de contraste
2025-08-26 09:39:38 | INFO     | rexus           | [STYLE] [OK] Correcciones automáticas aplicadas exitosamente
2025-08-26 09:41:15 | INFO     | rexus           | Sistema de logging Rexus inicializado
2025-08-26 09:41:16 | INFO     | rexus           | [STYLE] Tema oscuro detectado en Windows - aplicando correcciones criticas
2025-08-26 09:41:16 | INFO     | rexus           | [STYLE] Aplicando correcciones criticas automaticas para tema oscuro
2025-08-26 09:41:16 | INFO     | rexus           | [STYLE] [ART] Aplicando tema oscuro mejorado
2025-08-26 09:41:16 | INFO     | rexus           | [STYLE] [WARNING] No se pudo obtener instancia de QApplication
2025-08-26 09:41:16 | INFO     | rexus           | [STYLE] Aplicando correcciones criticas automaticas para tema oscuro
2025-08-26 09:41:16 | INFO     | rexus           | [STYLE] [ART] Aplicando tema oscuro mejorado
2025-08-26 09:41:16 | INFO     | rexus           | [STYLE]  Aplicando correcciones críticas de contraste
2025-08-26 09:41:16 | INFO     | rexus           | [STYLE] [OK] Correcciones automáticas aplicadas exitosamente
2025-08-26 09:41:35 | INFO     | rexus           | Sistema de logging Rexus inicializado
2025-08-26 09:41:36 | INFO     | rexus           | [STYLE] Tema oscuro detectado en Windows - aplicando correcciones criticas
2025-08-26 09:41:36 | INFO     | rexus           | [STYLE] Aplicando correcciones criticas automaticas para tema oscuro
2025-08-26 09:41:36 | INFO     | rexus           | [STYLE] [ART] Aplicando tema oscuro mejorado
2025-08-26 09:41:36 | INFO     | rexus           | [STYLE] [WARNING] No se pudo obtener instancia de QApplication
2025-08-26 09:41:36 | INFO     | rexus           | [STYLE] Aplicando correcciones criticas automaticas para tema oscuro
2025-08-26 09:41:36 | INFO     | rexus           | [STYLE] [ART] Aplicando tema oscuro mejorado
2025-08-26 09:41:36 | INFO     | rexus           | [STYLE]  Aplicando correcciones críticas de contraste
2025-08-26 09:41:36 | INFO     | rexus           | [STYLE] [OK] Correcciones automáticas aplicadas exitosamente
2025-08-26 09:41:51 | INFO     | rexus           | Sistema de logging Rexus inicializado
2025-08-26 09:41:52 | INFO     | rexus           | [STYLE] Tema oscuro detectado en Windows - aplicando correcciones criticas
2025-08-26 09:41:52 | INFO     | rexus           | [STYLE] Aplicando correcciones criticas automaticas para tema oscuro
2025-08-26 09:41:52 | INFO     | rexus           | [STYLE] [ART] Aplicando tema oscuro mejorado
2025-08-26 09:41:52 | INFO     | rexus           | [STYLE] [WARNING] No se pudo obtener instancia de QApplication
2025-08-26 09:41:52 | INFO     | rexus           | [STYLE] Aplicando correcciones criticas automaticas para tema oscuro
2025-08-26 09:41:52 | INFO     | rexus           | [STYLE] [ART] Aplicando tema oscuro mejorado
2025-08-26 09:41:52 | INFO     | rexus           | [STYLE]  Aplicando correcciones críticas de contraste
2025-08-26 09:41:52 | INFO     | rexus           | [STYLE] [OK] Correcciones automáticas aplicadas exitosamente
2025-08-26 09:42:43 | INFO     | rexus           | Sistema de logging Rexus inicializado
2025-08-26 09:42:44 | INFO     | rexus           | [STYLE] Tema oscuro detectado en Windows - aplicando correcciones criticas
2025-08-26 09:42:44 | INFO     | rexus           | [STYLE] Aplicando correcciones criticas automaticas para tema oscuro
2025-08-26 09:42:44 | INFO     | rexus           | [STYLE] [ART] Aplicando tema oscuro mejorado
2025-08-26 09:42:44 | INFO     | rexus           | [STYLE] [WARNING] No se pudo obtener instancia de QApplication
2025-08-26 09:42:44 | INFO     | rexus           | [STYLE] Aplicando correcciones criticas automaticas para tema oscuro
2025-08-26 09:42:44 | INFO     | rexus           | [STYLE] [ART] Aplicando tema oscuro mejorado
2025-08-26 09:42:44 | INFO     | rexus           | [STYLE]  Aplicando correcciones críticas de contraste
2025-08-26 09:42:44 | INFO     | rexus           | [STYLE] [OK] Correcciones automáticas aplicadas exitosamente
2025-08-26 09:42:58 | INFO     | rexus           | Sistema de logging Rexus inicializado
2025-08-26 09:42:58 | INFO     | rexus           | [STYLE] Tema oscuro detectado en Windows - aplicando correcciones criticas
2025-08-26 09:42:58 | INFO     | rexus           | [STYLE] Aplicando correcciones criticas automaticas para tema oscuro
2025-08-26 09:42:58 | INFO     | rexus           | [STYLE] [ART] Aplicando tema oscuro mejorado
2025-08-26 09:42:58 | INFO     | rexus           | [STYLE] [WARNING] No se pudo obtener instancia de QApplication
2025-08-26 09:42:58 | INFO     | rexus           | [STYLE] Aplicando correcciones criticas automaticas para tema oscuro
2025-08-26 09:42:58 | INFO     | rexus           | [STYLE] [ART] Aplicando tema oscuro mejorado
2025-08-26 09:42:58 | INFO     | rexus           | [STYLE]  Aplicando correcciones críticas de contraste
2025-08-26 09:42:58 | INFO     | rexus           | [STYLE] [OK] Correcciones automáticas aplicadas exitosamente
2025-08-26 09:43:08 | INFO     | rexus           | Sistema de logging Rexus inicializado
2025-08-26 09:43:09 | INFO     | rexus           | [STYLE] Tema oscuro detectado en Windows - aplicando correcciones criticas
2025-08-26 09:43:09 | INFO     | rexus           | [STYLE] Aplicando correcciones criticas automaticas para tema oscuro
2025-08-26 09:43:09 | INFO     | rexus           | [STYLE] [ART] Aplicando tema oscuro mejorado
2025-08-26 09:43:09 | INFO     | rexus           | [STYLE] [WARNING] No se pudo obtener instancia de QApplication
2025-08-26 09:43:09 | INFO     | rexus           | [STYLE] Aplicando correcciones criticas automaticas para tema oscuro
2025-08-26 09:43:09 | INFO     | rexus           | [STYLE] [ART] Aplicando tema oscuro mejorado
2025-08-26 09:43:09 | INFO     | rexus           | [STYLE]  Aplicando correcciones críticas de contraste
2025-08-26 09:43:09 | INFO     | rexus           | [STYLE] [OK] Correcciones automáticas aplicadas exitosamente
2025-08-26 09:43:26 | INFO     | rexus           | Sistema de logging Rexus inicializado
2025-08-26 09:43:26 | INFO     | rexus           | [STYLE] Tema oscuro detectado en Windows - aplicando correcciones criticas
2025-08-26 09:43:26 | INFO     | rexus           | [STYLE] Aplicando correcciones criticas automaticas para tema oscuro
2025-08-26 09:43:26 | INFO     | rexus           | [STYLE] [ART] Aplicando tema oscuro mejorado
2025-08-26 09:43:26 | INFO     | rexus           | [STYLE] [WARNING] No se pudo obtener instancia de QApplication
2025-08-26 09:43:26 | INFO     | rexus           | [STYLE] Aplicando correcciones criticas automaticas para tema oscuro
2025-08-26 09:43:26 | INFO     | rexus           | [STYLE] [ART] Aplicando tema oscuro mejorado
2025-08-26 09:43:26 | INFO     | rexus           | [STYLE]  Aplicando correcciones críticas de contraste
2025-08-26 09:43:26 | INFO     | rexus           | [STYLE] [OK] Correcciones automáticas aplicadas exitosamente
2025-08-26 09:43:35 | INFO     | rexus           | Sistema de logging Rexus inicializado
2025-08-26 09:43:35 | INFO     | rexus           | [STYLE] Tema oscuro detectado en Windows - aplicando correcciones criticas
2025-08-26 09:43:35 | INFO     | rexus           | [STYLE] Aplicando correcciones criticas automaticas para tema oscuro
2025-08-26 09:43:35 | INFO     | rexus           | [STYLE] [ART] Aplicando tema oscuro mejorado
2025-08-26 09:43:35 | INFO     | rexus           | [STYLE] [WARNING] No se pudo obtener instancia de QApplication
2025-08-26 09:43:35 | INFO     | rexus           | [STYLE] Aplicando correcciones criticas automaticas para tema oscuro
2025-08-26 09:43:35 | INFO     | rexus           | [STYLE] [ART] Aplicando tema oscuro mejorado
2025-08-26 09:43:35 | INFO     | rexus           | [STYLE]  Aplicando correcciones críticas de contraste
2025-08-26 09:43:35 | INFO     | rexus           | [STYLE] [OK] Correcciones automáticas aplicadas exitosamente
2025-08-26 09:43:44 | INFO     | rexus           | Sistema de logging Rexus inicializado
2025-08-26 09:43:45 | INFO     | rexus           | [STYLE] Tema oscuro detectado en Windows - aplicando correcciones criticas
2025-08-26 09:43:45 | INFO     | rexus           | [STYLE] Aplicando correcciones criticas automaticas para tema oscuro
2025-08-26 09:43:45 | INFO     | rexus           | [STYLE] [ART] Aplicando tema oscuro mejorado
2025-08-26 09:43:45 | INFO     | rexus           | [STYLE] [WARNING] No se pudo obtener instancia de QApplication
2025-08-26 09:43:45 | INFO     | rexus           | [STYLE] Aplicando correcciones criticas automaticas para tema oscuro
2025-08-26 09:43:45 | INFO     | rexus           | [STYLE] [ART] Aplicando tema oscuro mejorado
2025-08-26 09:43:45 | INFO     | rexus           | [STYLE]  Aplicando correcciones críticas de contraste
2025-08-26 09:43:45 | INFO     | rexus           | [STYLE] [OK] Correcciones automáticas aplicadas exitosamente
2025-08-26 09:44:08 | INFO     | rexus           | Sistema de logging Rexus inicializado
2025-08-26 09:44:09 | INFO     | rexus           | [STYLE] Tema oscuro detectado en Windows - aplicando correcciones criticas
2025-08-26 09:44:09 | INFO     | rexus           | [STYLE] Aplicando correcciones criticas automaticas para tema oscuro
2025-08-26 09:44:09 | INFO     | rexus           | [STYLE] [ART] Aplicando tema oscuro mejorado
2025-08-26 09:44:09 | INFO     | rexus           | [STYLE] [WARNING] No se pudo obtener instancia de QApplication
2025-08-26 09:44:09 | INFO     | rexus           | [STYLE] Aplicando correcciones criticas automaticas para tema oscuro
2025-08-26 09:44:09 | INFO     | rexus           | [STYLE] [ART] Aplicando tema oscuro mejorado
2025-08-26 09:44:09 | INFO     | rexus           | [STYLE]  Aplicando correcciones críticas de contraste
2025-08-26 09:44:09 | INFO     | rexus           | [STYLE] [OK] Correcciones automáticas aplicadas exitosamente
2025-08-26 09:44:49 | INFO     | rexus           | Sistema de logging Rexus inicializado
2025-08-26 09:44:50 | INFO     | rexus           | [STYLE] Tema oscuro detectado en Windows - aplicando correcciones criticas
2025-08-26 09:44:50 | INFO     | rexus           | [STYLE] Aplicando correcciones criticas automaticas para tema oscuro
2025-08-26 09:44:50 | INFO     | rexus           | [STYLE] [ART] Aplicando tema oscuro mejorado
2025-08-26 09:44:50 | INFO     | rexus           | [STYLE] [WARNING] No se pudo obtener instancia de QApplication
2025-08-26 09:44:50 | INFO     | rexus           | [STYLE] Aplicando correcciones criticas automaticas para tema oscuro
2025-08-26 09:44:50 | INFO     | rexus           | [STYLE] [ART] Aplicando tema oscuro mejorado
2025-08-26 09:44:50 | INFO     | rexus           | [STYLE]  Aplicando correcciones críticas de contraste
2025-08-26 09:44:50 | INFO     | rexus           | [STYLE] [OK] Correcciones automáticas aplicadas exitosamente
2025-08-26 09:45:11 | INFO     | rexus           | Sistema de logging Rexus inicializado
2025-08-26 09:45:11 | INFO     | rexus           | [STYLE] Tema oscuro detectado en Windows - aplicando correcciones criticas
2025-08-26 09:45:11 | INFO     | rexus           | [STYLE] Aplicando correcciones criticas automaticas para tema oscuro
2025-08-26 09:45:11 | INFO     | rexus           | [STYLE] [ART] Aplicando tema oscuro mejorado
2025-08-26 09:45:11 | INFO     | rexus           | [STYLE] [WARNING] No se pudo obtener instancia de QApplication
2025-08-26 09:45:11 | INFO     | rexus           | [STYLE] Aplicando correcciones criticas automaticas para tema oscuro
2025-08-26 09:45:11 | INFO     | rexus           | [STYLE] [ART] Aplicando tema oscuro mejorado
2025-08-26 09:45:11 | INFO     | rexus           | [STYLE]  Aplicando correcciones críticas de contraste
2025-08-26 09:45:11 | INFO     | rexus           | [STYLE] [OK] Correcciones automáticas aplicadas exitosamente
2025-08-26 09:46:21 | INFO     | rexus           | Sistema de logging Rexus inicializado
2025-08-26 09:46:22 | INFO     | rexus           | [STYLE] Tema oscuro detectado en Windows - aplicando correcciones criticas
2025-08-26 09:46:22 | INFO     | rexus           | [STYLE] Aplicando correcciones criticas automaticas para tema oscuro
2025-08-26 09:46:22 | INFO     | rexus           | [STYLE] [ART] Aplicando tema oscuro mejorado
2025-08-26 09:46:22 | INFO     | rexus           | [STYLE] [WARNING] No se pudo obtener instancia de QApplication
2025-08-26 09:46:22 | INFO     | rexus           | [STYLE] Aplicando correcciones criticas automaticas para tema oscuro
2025-08-26 09:46:22 | INFO     | rexus           | [STYLE] [ART] Aplicando tema oscuro mejorado
2025-08-26 09:46:22 | INFO     | rexus           | [STYLE]  Aplicando correcciones críticas de contraste
2025-08-26 09:46:22 | INFO     | rexus           | [STYLE] [OK] Correcciones automáticas aplicadas exitosamente
2025-08-26 09:49:13 | INFO     | rexus           | Sistema de logging Rexus inicializado
2025-08-26 09:49:13 | INFO     | rexus           | [STYLE] Tema oscuro detectado en Windows - aplicando correcciones criticas
2025-08-26 09:49:13 | INFO     | rexus           | [STYLE] Aplicando correcciones criticas automaticas para tema oscuro
2025-08-26 09:49:13 | INFO     | rexus           | [STYLE] [ART] Aplicando tema oscuro mejorado
2025-08-26 09:49:13 | INFO     | rexus           | [STYLE] [WARNING] No se pudo obtener instancia de QApplication
2025-08-26 09:49:13 | INFO     | rexus           | [STYLE] Aplicando correcciones criticas automaticas para tema oscuro
2025-08-26 09:49:13 | INFO     | rexus           | [STYLE] [ART] Aplicando tema oscuro mejorado
2025-08-26 09:49:13 | INFO     | rexus           | [STYLE]  Aplicando correcciones críticas de contraste
2025-08-26 09:49:13 | INFO     | rexus           | [STYLE] [OK] Correcciones automáticas aplicadas exitosamente
2025-08-26 09:49:22 | INFO     | rexus           | Sistema de logging Rexus inicializado
2025-08-26 09:49:23 | INFO     | rexus           | [STYLE] Tema oscuro detectado en Windows - aplicando correcciones criticas
2025-08-26 09:49:23 | INFO     | rexus           | [STYLE] Aplicando correcciones criticas automaticas para tema oscuro
2025-08-26 09:49:23 | INFO     | rexus           | [STYLE] [ART] Aplicando tema oscuro mejorado
2025-08-26 09:49:23 | INFO     | rexus           | [STYLE] [WARNING] No se pudo obtener instancia de QApplication
2025-08-26 09:49:23 | INFO     | rexus           | [STYLE] Aplicando correcciones criticas automaticas para tema oscuro
2025-08-26 09:49:23 | INFO     | rexus           | [STYLE] [ART] Aplicando tema oscuro mejorado
2025-08-26 09:49:23 | INFO     | rexus           | [STYLE]  Aplicando correcciones críticas de contraste
2025-08-26 09:49:23 | INFO     | rexus           | [STYLE] [OK] Correcciones automáticas aplicadas exitosamente
2025-08-26 09:49:29 | INFO     | rexus           | Sistema de logging Rexus inicializado
2025-08-26 09:49:30 | INFO     | rexus           | [STYLE] Tema oscuro detectado en Windows - aplicando correcciones criticas
2025-08-26 09:49:30 | INFO     | rexus           | [STYLE] Aplicando correcciones criticas automaticas para tema oscuro
2025-08-26 09:49:30 | INFO     | rexus           | [STYLE] [ART] Aplicando tema oscuro mejorado
2025-08-26 09:49:30 | INFO     | rexus           | [STYLE] [WARNING] No se pudo obtener instancia de QApplication
2025-08-26 09:49:30 | INFO     | rexus           | [STYLE] Aplicando correcciones criticas automaticas para tema oscuro
2025-08-26 09:49:30 | INFO     | rexus           | [STYLE] [ART] Aplicando tema oscuro mejorado
2025-08-26 09:49:30 | INFO     | rexus           | [STYLE]  Aplicando correcciones críticas de contraste
2025-08-26 09:49:30 | INFO     | rexus           | [STYLE] [OK] Correcciones automáticas aplicadas exitosamente
2025-08-26 09:49:37 | INFO     | rexus           | Sistema de logging Rexus inicializado
2025-08-26 09:49:38 | INFO     | rexus           | [STYLE] Tema oscuro detectado en Windows - aplicando correcciones criticas
2025-08-26 09:49:38 | INFO     | rexus           | [STYLE] Aplicando correcciones criticas automaticas para tema oscuro
2025-08-26 09:49:38 | INFO     | rexus           | [STYLE] [ART] Aplicando tema oscuro mejorado
2025-08-26 09:49:38 | INFO     | rexus           | [STYLE] [WARNING] No se pudo obtener instancia de QApplication
2025-08-26 09:49:38 | INFO     | rexus           | [STYLE] Aplicando correcciones criticas automaticas para tema oscuro
2025-08-26 09:49:38 | INFO     | rexus           | [STYLE] [ART] Aplicando tema oscuro mejorado
2025-08-26 09:49:38 | INFO     | rexus           | [STYLE]  Aplicando correcciones críticas de contraste
2025-08-26 09:49:38 | INFO     | rexus           | [STYLE] [OK] Correcciones automáticas aplicadas exitosamente
2025-08-26 09:51:12 | INFO     | rexus           | Sistema de logging Rexus inicializado
2025-08-26 09:51:13 | INFO     | rexus           | [STYLE] Tema oscuro detectado en Windows - aplicando correcciones criticas
2025-08-26 09:51:13 | INFO     | rexus           | [STYLE] Aplicando correcciones criticas automaticas para tema oscuro
2025-08-26 09:51:13 | INFO     | rexus           | [STYLE] [ART] Aplicando tema oscuro mejorado
2025-08-26 09:51:13 | INFO     | rexus           | [STYLE] [WARNING] No se pudo obtener instancia de QApplication
2025-08-26 09:51:13 | INFO     | rexus           | [STYLE] Aplicando correcciones criticas automaticas para tema oscuro
2025-08-26 09:51:13 | INFO     | rexus           | [STYLE] [ART] Aplicando tema oscuro mejorado
2025-08-26 09:51:13 | INFO     | rexus           | [STYLE]  Aplicando correcciones críticas de contraste
2025-08-26 09:51:13 | INFO     | rexus           | [STYLE] [OK] Correcciones automáticas aplicadas exitosamente
2025-08-26 09:51:19 | INFO     | rexus           | Sistema de logging Rexus inicializado
2025-08-26 09:51:20 | INFO     | rexus           | [STYLE] Tema oscuro detectado en Windows - aplicando correcciones criticas
2025-08-26 09:51:20 | INFO     | rexus           | [STYLE] Aplicando correcciones criticas automaticas para tema oscuro
2025-08-26 09:51:20 | INFO     | rexus           | [STYLE] [ART] Aplicando tema oscuro mejorado
2025-08-26 09:51:20 | INFO     | rexus           | [STYLE] [WARNING] No se pudo obtener instancia de QApplication
2025-08-26 09:51:20 | INFO     | rexus           | [STYLE] Aplicando correcciones criticas automaticas para tema oscuro
2025-08-26 09:51:20 | INFO     | rexus           | [STYLE] [ART] Aplicando tema oscuro mejorado
2025-08-26 09:51:20 | INFO     | rexus           | [STYLE]  Aplicando correcciones críticas de contraste
2025-08-26 09:51:20 | INFO     | rexus           | [STYLE] [OK] Correcciones automáticas aplicadas exitosamente
2025-08-26 09:51:28 | INFO     | rexus           | Sistema de logging Rexus inicializado
2025-08-26 09:51:28 | INFO     | rexus           | [STYLE] Tema oscuro detectado en Windows - aplicando correcciones criticas
2025-08-26 09:51:28 | INFO     | rexus           | [STYLE] Aplicando correcciones criticas automaticas para tema oscuro
2025-08-26 09:51:28 | INFO     | rexus           | [STYLE] [ART] Aplicando tema oscuro mejorado
2025-08-26 09:51:28 | INFO     | rexus           | [STYLE] [WARNING] No se pudo obtener instancia de QApplication
2025-08-26 09:51:28 | INFO     | rexus           | [STYLE] Aplicando correcciones criticas automaticas para tema oscuro
2025-08-26 09:51:28 | INFO     | rexus           | [STYLE] [ART] Aplicando tema oscuro mejorado
2025-08-26 09:51:28 | INFO     | rexus           | [STYLE]  Aplicando correcciones críticas de contraste
2025-08-26 09:51:28 | INFO     | rexus           | [STYLE] [OK] Correcciones automáticas aplicadas exitosamente
2025-08-26 09:52:17 | INFO     | rexus           | Sistema de logging Rexus inicializado
2025-08-26 09:52:18 | INFO     | rexus           | [STYLE] Tema oscuro detectado en Windows - aplicando correcciones criticas
2025-08-26 09:52:18 | INFO     | rexus           | [STYLE] Aplicando correcciones criticas automaticas para tema oscuro
2025-08-26 09:52:18 | INFO     | rexus           | [STYLE] [ART] Aplicando tema oscuro mejorado
2025-08-26 09:52:18 | INFO     | rexus           | [STYLE] [WARNING] No se pudo obtener instancia de QApplication
2025-08-26 09:52:18 | INFO     | rexus           | [STYLE] Aplicando correcciones criticas automaticas para tema oscuro
2025-08-26 09:52:18 | INFO     | rexus           | [STYLE] [ART] Aplicando tema oscuro mejorado
2025-08-26 09:52:18 | INFO     | rexus           | [STYLE]  Aplicando correcciones críticas de contraste
2025-08-26 09:52:18 | INFO     | rexus           | [STYLE] [OK] Correcciones automáticas aplicadas exitosamente
2025-08-26 09:52:28 | INFO     | rexus           | Sistema de logging Rexus inicializado
2025-08-26 09:52:28 | INFO     | rexus           | [STYLE] Tema oscuro detectado en Windows - aplicando correcciones criticas
2025-08-26 09:52:28 | INFO     | rexus           | [STYLE] Aplicando correcciones criticas automaticas para tema oscuro
2025-08-26 09:52:28 | INFO     | rexus           | [STYLE] [ART] Aplicando tema oscuro mejorado
2025-08-26 09:52:28 | INFO     | rexus           | [STYLE] [WARNING] No se pudo obtener instancia de QApplication
2025-08-26 09:52:28 | INFO     | rexus           | [STYLE] Aplicando correcciones criticas automaticas para tema oscuro
2025-08-26 09:52:28 | INFO     | rexus           | [STYLE] [ART] Aplicando tema oscuro mejorado
2025-08-26 09:52:28 | INFO     | rexus           | [STYLE]  Aplicando correcciones críticas de contraste
2025-08-26 09:52:28 | INFO     | rexus           | [STYLE] [OK] Correcciones automáticas aplicadas exitosamente
2025-08-26 09:52:55 | INFO     | rexus           | Sistema de logging Rexus inicializado
2025-08-26 09:52:55 | INFO     | rexus           | [STYLE] Tema oscuro detectado en Windows - aplicando correcciones criticas
2025-08-26 09:52:55 | INFO     | rexus           | [STYLE] Aplicando correcciones criticas automaticas para tema oscuro
2025-08-26 09:52:55 | INFO     | rexus           | [STYLE] [ART] Aplicando tema oscuro mejorado
2025-08-26 09:52:55 | INFO     | rexus           | [STYLE] [WARNING] No se pudo obtener instancia de QApplication
2025-08-26 09:52:55 | INFO     | rexus           | [STYLE] Aplicando correcciones criticas automaticas para tema oscuro
2025-08-26 09:52:55 | INFO     | rexus           | [STYLE] [ART] Aplicando tema oscuro mejorado
2025-08-26 09:52:55 | INFO     | rexus           | [STYLE]  Aplicando correcciones críticas de contraste
2025-08-26 09:52:55 | INFO     | rexus           | [STYLE] [OK] Correcciones automáticas aplicadas exitosamente
2025-08-26 09:53:03 | INFO     | rexus           | Sistema de logging Rexus inicializado
2025-08-26 09:53:04 | INFO     | rexus           | [STYLE] Tema oscuro detectado en Windows - aplicando correcciones criticas
2025-08-26 09:53:04 | INFO     | rexus           | [STYLE] Aplicando correcciones criticas automaticas para tema oscuro
2025-08-26 09:53:04 | INFO     | rexus           | [STYLE] [ART] Aplicando tema oscuro mejorado
2025-08-26 09:53:04 | INFO     | rexus           | [STYLE] [WARNING] No se pudo obtener instancia de QApplication
2025-08-26 09:53:04 | INFO     | rexus           | [STYLE] Aplicando correcciones criticas automaticas para tema oscuro
2025-08-26 09:53:04 | INFO     | rexus           | [STYLE] [ART] Aplicando tema oscuro mejorado
2025-08-26 09:53:04 | INFO     | rexus           | [STYLE]  Aplicando correcciones críticas de contraste
2025-08-26 09:53:04 | INFO     | rexus           | [STYLE] [OK] Correcciones automáticas aplicadas exitosamente
2025-08-26 09:53:10 | INFO     | rexus           | Sistema de logging Rexus inicializado
2025-08-26 09:53:10 | INFO     | rexus           | [STYLE] Tema oscuro detectado en Windows - aplicando correcciones criticas
2025-08-26 09:53:10 | INFO     | rexus           | [STYLE] Aplicando correcciones criticas automaticas para tema oscuro
2025-08-26 09:53:10 | INFO     | rexus           | [STYLE] [ART] Aplicando tema oscuro mejorado
2025-08-26 09:53:10 | INFO     | rexus           | [STYLE] [WARNING] No se pudo obtener instancia de QApplication
2025-08-26 09:53:10 | INFO     | rexus           | [STYLE] Aplicando correcciones criticas automaticas para tema oscuro
2025-08-26 09:53:10 | INFO     | rexus           | [STYLE] [ART] Aplicando tema oscuro mejorado
2025-08-26 09:53:10 | INFO     | rexus           | [STYLE]  Aplicando correcciones críticas de contraste
2025-08-26 09:53:10 | INFO     | rexus           | [STYLE] [OK] Correcciones automáticas aplicadas exitosamente
2025-08-26 09:55:11 | INFO     | rexus           | Sistema de logging Rexus inicializado
2025-08-26 09:55:12 | INFO     | rexus           | [STYLE] Tema oscuro detectado en Windows - aplicando correcciones criticas
2025-08-26 09:55:12 | INFO     | rexus           | [STYLE] Aplicando correcciones criticas automaticas para tema oscuro
2025-08-26 09:55:12 | INFO     | rexus           | [STYLE] [ART] Aplicando tema oscuro mejorado
2025-08-26 09:55:12 | INFO     | rexus           | [STYLE] [WARNING] No se pudo obtener instancia de QApplication
2025-08-26 09:55:12 | INFO     | rexus           | [STYLE] Aplicando correcciones criticas automaticas para tema oscuro
2025-08-26 09:55:12 | INFO     | rexus           | [STYLE] [ART] Aplicando tema oscuro mejorado
2025-08-26 09:55:12 | INFO     | rexus           | [STYLE]  Aplicando correcciones críticas de contraste
2025-08-26 09:55:12 | INFO     | rexus           | [STYLE] [OK] Correcciones automáticas aplicadas exitosamente
2025-08-26 09:56:34 | INFO     | rexus           | Sistema de logging Rexus inicializado
2025-08-26 09:56:35 | INFO     | rexus           | [STYLE] Tema oscuro detectado en Windows - aplicando correcciones criticas
2025-08-26 09:56:35 | INFO     | rexus           | [STYLE] Aplicando correcciones criticas automaticas para tema oscuro
2025-08-26 09:56:35 | INFO     | rexus           | [STYLE] [ART] Aplicando tema oscuro mejorado
2025-08-26 09:56:35 | INFO     | rexus           | [STYLE] [WARNING] No se pudo obtener instancia de QApplication
2025-08-26 09:56:35 | INFO     | rexus           | [STYLE] Aplicando correcciones criticas automaticas para tema oscuro
2025-08-26 09:56:35 | INFO     | rexus           | [STYLE] [ART] Aplicando tema oscuro mejorado
2025-08-26 09:56:35 | INFO     | rexus           | [STYLE]  Aplicando correcciones críticas de contraste
2025-08-26 09:56:35 | INFO     | rexus           | [STYLE] [OK] Correcciones automáticas aplicadas exitosamente
2025-08-26 09:57:48 | INFO     | rexus           | Sistema de logging Rexus inicializado
2025-08-26 09:57:49 | INFO     | rexus           | [STYLE] Tema oscuro detectado en Windows - aplicando correcciones criticas
2025-08-26 09:57:49 | INFO     | rexus           | [STYLE] Aplicando correcciones criticas automaticas para tema oscuro
2025-08-26 09:57:49 | INFO     | rexus           | [STYLE] [ART] Aplicando tema oscuro mejorado
2025-08-26 09:57:49 | INFO     | rexus           | [STYLE] [WARNING] No se pudo obtener instancia de QApplication
2025-08-26 09:57:49 | INFO     | rexus           | [STYLE] Aplicando correcciones criticas automaticas para tema oscuro
2025-08-26 09:57:49 | INFO     | rexus           | [STYLE] [ART] Aplicando tema oscuro mejorado
2025-08-26 09:57:49 | INFO     | rexus           | [STYLE]  Aplicando correcciones críticas de contraste
2025-08-26 09:57:49 | INFO     | rexus           | [STYLE] [OK] Correcciones automáticas aplicadas exitosamente
2025-08-26 09:58:16 | INFO     | rexus           | Sistema de logging Rexus inicializado
2025-08-26 09:58:17 | INFO     | rexus           | [STYLE] Tema oscuro detectado en Windows - aplicando correcciones criticas
2025-08-26 09:58:17 | INFO     | rexus           | [STYLE] Aplicando correcciones criticas automaticas para tema oscuro
2025-08-26 09:58:17 | INFO     | rexus           | [STYLE] [ART] Aplicando tema oscuro mejorado
2025-08-26 09:58:17 | INFO     | rexus           | [STYLE] [WARNING] No se pudo obtener instancia de QApplication
2025-08-26 09:58:17 | INFO     | rexus           | [STYLE] Aplicando correcciones criticas automaticas para tema oscuro
2025-08-26 09:58:17 | INFO     | rexus           | [STYLE] [ART] Aplicando tema oscuro mejorado
2025-08-26 09:58:17 | INFO     | rexus           | [STYLE]  Aplicando correcciones críticas de contraste
2025-08-26 09:58:17 | INFO     | rexus           | [STYLE] [OK] Correcciones automáticas aplicadas exitosamente
2025-08-26 09:58:23 | INFO     | rexus           | Sistema de logging Rexus inicializado
2025-08-26 09:58:24 | INFO     | rexus           | [STYLE] Tema oscuro detectado en Windows - aplicando correcciones criticas
2025-08-26 09:58:24 | INFO     | rexus           | [STYLE] Aplicando correcciones criticas automaticas para tema oscuro
2025-08-26 09:58:24 | INFO     | rexus           | [STYLE] [ART] Aplicando tema oscuro mejorado
2025-08-26 09:58:24 | INFO     | rexus           | [STYLE] [WARNING] No se pudo obtener instancia de QApplication
2025-08-26 09:58:24 | INFO     | rexus           | [STYLE] Aplicando correcciones criticas automaticas para tema oscuro
2025-08-26 09:58:24 | INFO     | rexus           | [STYLE] [ART] Aplicando tema oscuro mejorado
2025-08-26 09:58:24 | INFO     | rexus           | [STYLE]  Aplicando correcciones críticas de contraste
2025-08-26 09:58:24 | INFO     | rexus           | [STYLE] [OK] Correcciones automáticas aplicadas exitosamente
2025-08-26 09:59:11 | INFO     | rexus           | Sistema de logging Rexus inicializado
2025-08-26 09:59:11 | INFO     | rexus           | [STYLE] Tema oscuro detectado en Windows - aplicando correcciones criticas
2025-08-26 09:59:11 | INFO     | rexus           | [STYLE] Aplicando correcciones criticas automaticas para tema oscuro
2025-08-26 09:59:11 | INFO     | rexus           | [STYLE] [ART] Aplicando tema oscuro mejorado
2025-08-26 09:59:11 | INFO     | rexus           | [STYLE] [WARNING] No se pudo obtener instancia de QApplication
2025-08-26 09:59:11 | INFO     | rexus           | [STYLE] Aplicando correcciones criticas automaticas para tema oscuro
2025-08-26 09:59:11 | INFO     | rexus           | [STYLE] [ART] Aplicando tema oscuro mejorado
2025-08-26 09:59:11 | INFO     | rexus           | [STYLE]  Aplicando correcciones críticas de contraste
2025-08-26 09:59:11 | INFO     | rexus           | [STYLE] [OK] Correcciones automáticas aplicadas exitosamente
2025-08-26 09:59:23 | INFO     | rexus           | Sistema de logging Rexus inicializado
2025-08-26 09:59:24 | INFO     | rexus           | [STYLE] Tema oscuro detectado en Windows - aplicando correcciones criticas
2025-08-26 09:59:24 | INFO     | rexus           | [STYLE] Aplicando correcciones criticas automaticas para tema oscuro
2025-08-26 09:59:24 | INFO     | rexus           | [STYLE] [ART] Aplicando tema oscuro mejorado
2025-08-26 09:59:24 | INFO     | rexus           | [STYLE] [WARNING] No se pudo obtener instancia de QApplication
2025-08-26 09:59:24 | INFO     | rexus           | [STYLE] Aplicando correcciones criticas automaticas para tema oscuro
2025-08-26 09:59:24 | INFO     | rexus           | [STYLE] [ART] Aplicando tema oscuro mejorado
2025-08-26 09:59:24 | INFO     | rexus           | [STYLE]  Aplicando correcciones críticas de contraste
2025-08-26 09:59:24 | INFO     | rexus           | [STYLE] [OK] Correcciones automáticas aplicadas exitosamente
2025-08-26 10:00:02 | INFO     | rexus           | Sistema de logging Rexus inicializado
2025-08-26 10:00:03 | INFO     | rexus           | [STYLE] Tema oscuro detectado en Windows - aplicando correcciones criticas
2025-08-26 10:00:03 | INFO     | rexus           | [STYLE] Aplicando correcciones criticas automaticas para tema oscuro
2025-08-26 10:00:03 | INFO     | rexus           | [STYLE] [ART] Aplicando tema oscuro mejorado
2025-08-26 10:00:03 | INFO     | rexus           | [STYLE] [WARNING] No se pudo obtener instancia de QApplication
2025-08-26 10:00:03 | INFO     | rexus           | [STYLE] Aplicando correcciones criticas automaticas para tema oscuro
2025-08-26 10:00:03 | INFO     | rexus           | [STYLE] [ART] Aplicando tema oscuro mejorado
2025-08-26 10:00:03 | INFO     | rexus           | [STYLE]  Aplicando correcciones críticas de contraste
2025-08-26 10:00:03 | INFO     | rexus           | [STYLE] [OK] Correcciones automáticas aplicadas exitosamente
2025-08-26 10:00:13 | INFO     | rexus           | Sistema de logging Rexus inicializado
2025-08-26 10:00:13 | INFO     | rexus           | [STYLE] Tema oscuro detectado en Windows - aplicando correcciones criticas
2025-08-26 10:00:13 | INFO     | rexus           | [STYLE] Aplicando correcciones criticas automaticas para tema oscuro
2025-08-26 10:00:13 | INFO     | rexus           | [STYLE] [ART] Aplicando tema oscuro mejorado
2025-08-26 10:00:13 | INFO     | rexus           | [STYLE] [WARNING] No se pudo obtener instancia de QApplication
2025-08-26 10:00:14 | INFO     | rexus           | [STYLE] Aplicando correcciones criticas automaticas para tema oscuro
2025-08-26 10:00:14 | INFO     | rexus           | [STYLE] [ART] Aplicando tema oscuro mejorado
2025-08-26 10:00:14 | INFO     | rexus           | [STYLE]  Aplicando correcciones críticas de contraste
2025-08-26 10:00:14 | INFO     | rexus           | [STYLE] [OK] Correcciones automáticas aplicadas exitosamente
2025-08-26 10:00:30 | INFO     | rexus           | Sistema de logging Rexus inicializado
2025-08-26 10:00:31 | INFO     | rexus           | [STYLE] Tema oscuro detectado en Windows - aplicando correcciones criticas
2025-08-26 10:00:31 | INFO     | rexus           | [STYLE] Aplicando correcciones criticas automaticas para tema oscuro
2025-08-26 10:00:31 | INFO     | rexus           | [STYLE] [ART] Aplicando tema oscuro mejorado
2025-08-26 10:00:31 | INFO     | rexus           | [STYLE] [WARNING] No se pudo obtener instancia de QApplication
2025-08-26 10:00:31 | INFO     | rexus           | [STYLE] Aplicando correcciones criticas automaticas para tema oscuro
2025-08-26 10:00:31 | INFO     | rexus           | [STYLE] [ART] Aplicando tema oscuro mejorado
2025-08-26 10:00:31 | INFO     | rexus           | [STYLE]  Aplicando correcciones críticas de contraste
2025-08-26 10:00:31 | INFO     | rexus           | [STYLE] [OK] Correcciones automáticas aplicadas exitosamente
2025-08-26 10:00:37 | INFO     | rexus           | Sistema de logging Rexus inicializado
2025-08-26 10:00:37 | INFO     | rexus           | [STYLE] Tema oscuro detectado en Windows - aplicando correcciones criticas
2025-08-26 10:00:37 | INFO     | rexus           | [STYLE] Aplicando correcciones criticas automaticas para tema oscuro
2025-08-26 10:00:37 | INFO     | rexus           | [STYLE] [ART] Aplicando tema oscuro mejorado
2025-08-26 10:00:37 | INFO     | rexus           | [STYLE] [WARNING] No se pudo obtener instancia de QApplication
2025-08-26 10:00:37 | INFO     | rexus           | [STYLE] Aplicando correcciones criticas automaticas para tema oscuro
2025-08-26 10:00:37 | INFO     | rexus           | [STYLE] [ART] Aplicando tema oscuro mejorado
2025-08-26 10:00:37 | INFO     | rexus           | [STYLE]  Aplicando correcciones críticas de contraste
2025-08-26 10:00:37 | INFO     | rexus           | [STYLE] [OK] Correcciones automáticas aplicadas exitosamente
2025-08-26 10:02:38 | INFO     | rexus           | Sistema de logging Rexus inicializado
2025-08-26 10:02:39 | INFO     | rexus           | [STYLE] Tema oscuro detectado en Windows - aplicando correcciones criticas
2025-08-26 10:02:39 | INFO     | rexus           | [STYLE] Aplicando correcciones criticas automaticas para tema oscuro
2025-08-26 10:02:39 | INFO     | rexus           | [STYLE] [ART] Aplicando tema oscuro mejorado
2025-08-26 10:02:39 | INFO     | rexus           | [STYLE] [WARNING] No se pudo obtener instancia de QApplication
2025-08-26 10:02:39 | INFO     | rexus           | [STYLE] Aplicando correcciones criticas automaticas para tema oscuro
2025-08-26 10:02:39 | INFO     | rexus           | [STYLE] [ART] Aplicando tema oscuro mejorado
2025-08-26 10:02:39 | INFO     | rexus           | [STYLE]  Aplicando correcciones críticas de contraste
2025-08-26 10:02:39 | INFO     | rexus           | [STYLE] [OK] Correcciones automáticas aplicadas exitosamente
2025-08-26 10:04:10 | INFO     | rexus           | Sistema de logging Rexus inicializado
2025-08-26 10:04:10 | INFO     | rexus           | [STYLE] Tema oscuro detectado en Windows - aplicando correcciones criticas
2025-08-26 10:04:10 | INFO     | rexus           | [STYLE] Aplicando correcciones criticas automaticas para tema oscuro
2025-08-26 10:04:10 | INFO     | rexus           | [STYLE] [ART] Aplicando tema oscuro mejorado
2025-08-26 10:04:10 | INFO     | rexus           | [STYLE] [WARNING] No se pudo obtener instancia de QApplication
2025-08-26 10:04:10 | INFO     | rexus           | [STYLE] Aplicando correcciones criticas automaticas para tema oscuro
2025-08-26 10:04:10 | INFO     | rexus           | [STYLE] [ART] Aplicando tema oscuro mejorado
2025-08-26 10:04:10 | INFO     | rexus           | [STYLE]  Aplicando correcciones críticas de contraste
2025-08-26 10:04:10 | INFO     | rexus           | [STYLE] [OK] Correcciones automáticas aplicadas exitosamente
2025-08-26 10:04:58 | INFO     | rexus           | Sistema de logging Rexus inicializado
2025-08-26 10:04:59 | INFO     | rexus           | [STYLE] Tema oscuro detectado en Windows - aplicando correcciones criticas
2025-08-26 10:04:59 | INFO     | rexus           | [STYLE] Aplicando correcciones criticas automaticas para tema oscuro
2025-08-26 10:04:59 | INFO     | rexus           | [STYLE] [ART] Aplicando tema oscuro mejorado
2025-08-26 10:04:59 | INFO     | rexus           | [STYLE] [WARNING] No se pudo obtener instancia de QApplication
2025-08-26 10:04:59 | INFO     | rexus           | [STYLE] Aplicando correcciones criticas automaticas para tema oscuro
2025-08-26 10:04:59 | INFO     | rexus           | [STYLE] [ART] Aplicando tema oscuro mejorado
2025-08-26 10:04:59 | INFO     | rexus           | [STYLE]  Aplicando correcciones críticas de contraste
2025-08-26 10:04:59 | INFO     | rexus           | [STYLE] [OK] Correcciones automáticas aplicadas exitosamente
2025-08-26 10:05:11 | INFO     | rexus           | Sistema de logging Rexus inicializado
2025-08-26 10:05:12 | INFO     | rexus           | [STYLE] Tema oscuro detectado en Windows - aplicando correcciones criticas
2025-08-26 10:05:12 | INFO     | rexus           | [STYLE] Aplicando correcciones criticas automaticas para tema oscuro
2025-08-26 10:05:12 | INFO     | rexus           | [STYLE] [ART] Aplicando tema oscuro mejorado
2025-08-26 10:05:12 | INFO     | rexus           | [STYLE] [WARNING] No se pudo obtener instancia de QApplication
2025-08-26 10:05:12 | INFO     | rexus           | [STYLE] Aplicando correcciones criticas automaticas para tema oscuro
2025-08-26 10:05:12 | INFO     | rexus           | [STYLE] [ART] Aplicando tema oscuro mejorado
2025-08-26 10:05:12 | INFO     | rexus           | [STYLE]  Aplicando correcciones críticas de contraste
2025-08-26 10:05:12 | INFO     | rexus           | [STYLE] [OK] Correcciones automáticas aplicadas exitosamente
2025-08-26 10:05:18 | INFO     | rexus           | Sistema de logging Rexus inicializado
2025-08-26 10:05:19 | INFO     | rexus           | [STYLE] Tema oscuro detectado en Windows - aplicando correcciones criticas
2025-08-26 10:05:19 | INFO     | rexus           | [STYLE] Aplicando correcciones criticas automaticas para tema oscuro
2025-08-26 10:05:19 | INFO     | rexus           | [STYLE] [ART] Aplicando tema oscuro mejorado
2025-08-26 10:05:19 | INFO     | rexus           | [STYLE] [WARNING] No se pudo obtener instancia de QApplication
2025-08-26 10:05:19 | INFO     | rexus           | [STYLE] Aplicando correcciones criticas automaticas para tema oscuro
2025-08-26 10:05:19 | INFO     | rexus           | [STYLE] [ART] Aplicando tema oscuro mejorado
2025-08-26 10:05:19 | INFO     | rexus           | [STYLE]  Aplicando correcciones críticas de contraste
2025-08-26 10:05:19 | INFO     | rexus           | [STYLE] [OK] Correcciones automáticas aplicadas exitosamente
2025-08-26 10:06:16 | INFO     | rexus           | Sistema de logging Rexus inicializado
2025-08-26 10:06:17 | INFO     | rexus           | [STYLE] Tema oscuro detectado en Windows - aplicando correcciones criticas
2025-08-26 10:06:17 | INFO     | rexus           | [STYLE] Aplicando correcciones criticas automaticas para tema oscuro
2025-08-26 10:06:17 | INFO     | rexus           | [STYLE] [ART] Aplicando tema oscuro mejorado
2025-08-26 10:06:17 | INFO     | rexus           | [STYLE] [WARNING] No se pudo obtener instancia de QApplication
2025-08-26 10:06:17 | INFO     | rexus           | [STYLE] Aplicando correcciones criticas automaticas para tema oscuro
2025-08-26 10:06:17 | INFO     | rexus           | [STYLE] [ART] Aplicando tema oscuro mejorado
2025-08-26 10:06:17 | INFO     | rexus           | [STYLE]  Aplicando correcciones críticas de contraste
2025-08-26 10:06:17 | INFO     | rexus           | [STYLE] [OK] Correcciones automáticas aplicadas exitosamente
2025-08-26 10:06:25 | INFO     | rexus           | Sistema de logging Rexus inicializado
2025-08-26 10:06:26 | INFO     | rexus           | [STYLE] Tema oscuro detectado en Windows - aplicando correcciones criticas
2025-08-26 10:06:26 | INFO     | rexus           | [STYLE] Aplicando correcciones criticas automaticas para tema oscuro
2025-08-26 10:06:26 | INFO     | rexus           | [STYLE] [ART] Aplicando tema oscuro mejorado
2025-08-26 10:06:26 | INFO     | rexus           | [STYLE] [WARNING] No se pudo obtener instancia de QApplication
2025-08-26 10:06:26 | INFO     | rexus           | [STYLE] Aplicando correcciones criticas automaticas para tema oscuro
2025-08-26 10:06:26 | INFO     | rexus           | [STYLE] [ART] Aplicando tema oscuro mejorado
2025-08-26 10:06:26 | INFO     | rexus           | [STYLE]  Aplicando correcciones críticas de contraste
2025-08-26 10:06:26 | INFO     | rexus           | [STYLE] [OK] Correcciones automáticas aplicadas exitosamente
2025-08-26 10:07:59 | INFO     | rexus           | Sistema de logging Rexus inicializado
2025-08-26 10:08:00 | INFO     | rexus           | [STYLE] Tema oscuro detectado en Windows - aplicando correcciones criticas
2025-08-26 10:08:00 | INFO     | rexus           | [STYLE] Aplicando correcciones criticas automaticas para tema oscuro
2025-08-26 10:08:00 | INFO     | rexus           | [STYLE] [ART] Aplicando tema oscuro mejorado
2025-08-26 10:08:00 | INFO     | rexus           | [STYLE] [WARNING] No se pudo obtener instancia de QApplication
2025-08-26 10:08:00 | INFO     | rexus           | [STYLE] Aplicando correcciones criticas automaticas para tema oscuro
2025-08-26 10:08:00 | INFO     | rexus           | [STYLE] [ART] Aplicando tema oscuro mejorado
2025-08-26 10:08:00 | INFO     | rexus           | [STYLE]  Aplicando correcciones críticas de contraste
2025-08-26 10:08:00 | INFO     | rexus           | [STYLE] [OK] Correcciones automáticas aplicadas exitosamente
2025-08-26 10:08:09 | INFO     | rexus           | Sistema de logging Rexus inicializado
2025-08-26 10:08:10 | INFO     | rexus           | [STYLE] Tema oscuro detectado en Windows - aplicando correcciones criticas
2025-08-26 10:08:10 | INFO     | rexus           | [STYLE] Aplicando correcciones criticas automaticas para tema oscuro
2025-08-26 10:08:10 | INFO     | rexus           | [STYLE] [ART] Aplicando tema oscuro mejorado
2025-08-26 10:08:10 | INFO     | rexus           | [STYLE] [WARNING] No se pudo obtener instancia de QApplication
2025-08-26 10:08:10 | INFO     | rexus           | [STYLE] Aplicando correcciones criticas automaticas para tema oscuro
2025-08-26 10:08:10 | INFO     | rexus           | [STYLE] [ART] Aplicando tema oscuro mejorado
2025-08-26 10:08:10 | INFO     | rexus           | [STYLE]  Aplicando correcciones críticas de contraste
2025-08-26 10:08:10 | INFO     | rexus           | [STYLE] [OK] Correcciones automáticas aplicadas exitosamente
2025-08-26 10:08:30 | INFO     | rexus           | Sistema de logging Rexus inicializado
2025-08-26 10:08:31 | INFO     | rexus           | [STYLE] Tema oscuro detectado en Windows - aplicando correcciones criticas
2025-08-26 10:08:31 | INFO     | rexus           | [STYLE] Aplicando correcciones criticas automaticas para tema oscuro
2025-08-26 10:08:31 | INFO     | rexus           | [STYLE] [ART] Aplicando tema oscuro mejorado
2025-08-26 10:08:31 | INFO     | rexus           | [STYLE] [WARNING] No se pudo obtener instancia de QApplication
2025-08-26 10:08:31 | INFO     | rexus           | [STYLE] Aplicando correcciones criticas automaticas para tema oscuro
2025-08-26 10:08:31 | INFO     | rexus           | [STYLE] [ART] Aplicando tema oscuro mejorado
2025-08-26 10:08:31 | INFO     | rexus           | [STYLE]  Aplicando correcciones críticas de contraste
2025-08-26 10:08:31 | INFO     | rexus           | [STYLE] [OK] Correcciones automáticas aplicadas exitosamente
2025-08-26 10:08:49 | INFO     | rexus           | Sistema de logging Rexus inicializado
2025-08-26 10:08:50 | INFO     | rexus           | [STYLE] Tema oscuro detectado en Windows - aplicando correcciones criticas
2025-08-26 10:08:50 | INFO     | rexus           | [STYLE] Aplicando correcciones criticas automaticas para tema oscuro
2025-08-26 10:08:50 | INFO     | rexus           | [STYLE] [ART] Aplicando tema oscuro mejorado
2025-08-26 10:08:50 | INFO     | rexus           | [STYLE] [WARNING] No se pudo obtener instancia de QApplication
2025-08-26 10:08:50 | INFO     | rexus           | [STYLE] Aplicando correcciones criticas automaticas para tema oscuro
2025-08-26 10:08:50 | INFO     | rexus           | [STYLE] [ART] Aplicando tema oscuro mejorado
2025-08-26 10:08:50 | INFO     | rexus           | [STYLE]  Aplicando correcciones críticas de contraste
2025-08-26 10:08:50 | INFO     | rexus           | [STYLE] [OK] Correcciones automáticas aplicadas exitosamente
2025-08-26 10:10:59 | INFO     | rexus           | Sistema de logging Rexus inicializado
2025-08-26 10:11:00 | INFO     | rexus           | [STYLE] Tema oscuro detectado en Windows - aplicando correcciones criticas
2025-08-26 10:11:00 | INFO     | rexus           | [STYLE] Aplicando correcciones criticas automaticas para tema oscuro
2025-08-26 10:11:00 | INFO     | rexus           | [STYLE] [ART] Aplicando tema oscuro mejorado
2025-08-26 10:11:00 | INFO     | rexus           | [STYLE] [WARNING] No se pudo obtener instancia de QApplication
2025-08-26 10:11:00 | INFO     | rexus           | [STYLE] Aplicando correcciones criticas automaticas para tema oscuro
2025-08-26 10:11:00 | INFO     | rexus           | [STYLE] [ART] Aplicando tema oscuro mejorado
2025-08-26 10:11:00 | INFO     | rexus           | [STYLE]  Aplicando correcciones críticas de contraste
2025-08-26 10:11:00 | INFO     | rexus           | [STYLE] [OK] Correcciones automáticas aplicadas exitosamente
2025-08-26 10:11:08 | INFO     | rexus           | Sistema de logging Rexus inicializado
2025-08-26 10:11:09 | INFO     | rexus           | [STYLE] Tema oscuro detectado en Windows - aplicando correcciones criticas
2025-08-26 10:11:09 | INFO     | rexus           | [STYLE] Aplicando correcciones criticas automaticas para tema oscuro
2025-08-26 10:11:09 | INFO     | rexus           | [STYLE] [ART] Aplicando tema oscuro mejorado
2025-08-26 10:11:09 | INFO     | rexus           | [STYLE] [WARNING] No se pudo obtener instancia de QApplication
2025-08-26 10:11:09 | INFO     | rexus           | [STYLE] Aplicando correcciones criticas automaticas para tema oscuro
2025-08-26 10:11:09 | INFO     | rexus           | [STYLE] [ART] Aplicando tema oscuro mejorado
2025-08-26 10:11:09 | INFO     | rexus           | [STYLE]  Aplicando correcciones críticas de contraste
2025-08-26 10:11:09 | INFO     | rexus           | [STYLE] [OK] Correcciones automáticas aplicadas exitosamente
2025-08-26 10:11:14 | INFO     | rexus           | Sistema de logging Rexus inicializado
2025-08-26 10:11:15 | INFO     | rexus           | [STYLE] Tema oscuro detectado en Windows - aplicando correcciones criticas
2025-08-26 10:11:15 | INFO     | rexus           | [STYLE] Aplicando correcciones criticas automaticas para tema oscuro
2025-08-26 10:11:15 | INFO     | rexus           | [STYLE] [ART] Aplicando tema oscuro mejorado
2025-08-26 10:11:15 | INFO     | rexus           | [STYLE] [WARNING] No se pudo obtener instancia de QApplication
2025-08-26 10:11:15 | INFO     | rexus           | [STYLE] Aplicando correcciones criticas automaticas para tema oscuro
2025-08-26 10:11:15 | INFO     | rexus           | [STYLE] [ART] Aplicando tema oscuro mejorado
2025-08-26 10:11:15 | INFO     | rexus           | [STYLE]  Aplicando correcciones críticas de contraste
2025-08-26 10:11:15 | INFO     | rexus           | [STYLE] [OK] Correcciones automáticas aplicadas exitosamente
2025-08-26 10:11:22 | INFO     | rexus           | Sistema de logging Rexus inicializado
2025-08-26 10:11:23 | INFO     | rexus           | [STYLE] Tema oscuro detectado en Windows - aplicando correcciones criticas
2025-08-26 10:11:23 | INFO     | rexus           | [STYLE] Aplicando correcciones criticas automaticas para tema oscuro
2025-08-26 10:11:23 | INFO     | rexus           | [STYLE] [ART] Aplicando tema oscuro mejorado
2025-08-26 10:11:23 | INFO     | rexus           | [STYLE] [WARNING] No se pudo obtener instancia de QApplication
2025-08-26 10:11:23 | INFO     | rexus           | [STYLE] Aplicando correcciones criticas automaticas para tema oscuro
2025-08-26 10:11:23 | INFO     | rexus           | [STYLE] [ART] Aplicando tema oscuro mejorado
2025-08-26 10:11:23 | INFO     | rexus           | [STYLE]  Aplicando correcciones críticas de contraste
2025-08-26 10:11:23 | INFO     | rexus           | [STYLE] [OK] Correcciones automáticas aplicadas exitosamente
2025-08-26 10:11:36 | INFO     | rexus           | Sistema de logging Rexus inicializado
2025-08-26 10:11:37 | INFO     | rexus           | [STYLE] Tema oscuro detectado en Windows - aplicando correcciones criticas
2025-08-26 10:11:37 | INFO     | rexus           | [STYLE] Aplicando correcciones criticas automaticas para tema oscuro
2025-08-26 10:11:37 | INFO     | rexus           | [STYLE] [ART] Aplicando tema oscuro mejorado
2025-08-26 10:11:37 | INFO     | rexus           | [STYLE] [WARNING] No se pudo obtener instancia de QApplication
2025-08-26 10:11:37 | INFO     | rexus           | [STYLE] Aplicando correcciones criticas automaticas para tema oscuro
2025-08-26 10:11:37 | INFO     | rexus           | [STYLE] [ART] Aplicando tema oscuro mejorado
2025-08-26 10:11:37 | INFO     | rexus           | [STYLE]  Aplicando correcciones críticas de contraste
2025-08-26 10:11:37 | INFO     | rexus           | [STYLE] [OK] Correcciones automáticas aplicadas exitosamente
2025-08-26 10:11:46 | INFO     | rexus           | Sistema de logging Rexus inicializado
2025-08-26 10:11:47 | INFO     | rexus           | [STYLE] Tema oscuro detectado en Windows - aplicando correcciones criticas
2025-08-26 10:11:47 | INFO     | rexus           | [STYLE] Aplicando correcciones criticas automaticas para tema oscuro
2025-08-26 10:11:47 | INFO     | rexus           | [STYLE] [ART] Aplicando tema oscuro mejorado
2025-08-26 10:11:47 | INFO     | rexus           | [STYLE] [WARNING] No se pudo obtener instancia de QApplication
2025-08-26 10:11:47 | INFO     | rexus           | [STYLE] Aplicando correcciones criticas automaticas para tema oscuro
2025-08-26 10:11:47 | INFO     | rexus           | [STYLE] [ART] Aplicando tema oscuro mejorado
2025-08-26 10:11:47 | INFO     | rexus           | [STYLE]  Aplicando correcciones críticas de contraste
2025-08-26 10:11:47 | INFO     | rexus           | [STYLE] [OK] Correcciones automáticas aplicadas exitosamente
2025-08-26 10:13:49 | INFO     | rexus           | Sistema de logging Rexus inicializado
2025-08-26 10:13:49 | INFO     | rexus           | [STYLE] Tema oscuro detectado en Windows - aplicando correcciones criticas
2025-08-26 10:13:49 | INFO     | rexus           | [STYLE] Aplicando correcciones criticas automaticas para tema oscuro
2025-08-26 10:13:49 | INFO     | rexus           | [STYLE] [ART] Aplicando tema oscuro mejorado
2025-08-26 10:13:49 | INFO     | rexus           | [STYLE] [WARNING] No se pudo obtener instancia de QApplication
2025-08-26 10:13:49 | INFO     | rexus           | [STYLE] Aplicando correcciones criticas automaticas para tema oscuro
2025-08-26 10:13:49 | INFO     | rexus           | [STYLE] [ART] Aplicando tema oscuro mejorado
2025-08-26 10:13:49 | INFO     | rexus           | [STYLE]  Aplicando correcciones críticas de contraste
2025-08-26 10:13:49 | INFO     | rexus           | [STYLE] [OK] Correcciones automáticas aplicadas exitosamente
2025-08-26 10:14:02 | INFO     | rexus           | Sistema de logging Rexus inicializado
2025-08-26 10:14:03 | INFO     | rexus           | [STYLE] Tema oscuro detectado en Windows - aplicando correcciones criticas
2025-08-26 10:14:03 | INFO     | rexus           | [STYLE] Aplicando correcciones criticas automaticas para tema oscuro
2025-08-26 10:14:03 | INFO     | rexus           | [STYLE] [ART] Aplicando tema oscuro mejorado
2025-08-26 10:14:03 | INFO     | rexus           | [STYLE] [WARNING] No se pudo obtener instancia de QApplication
2025-08-26 10:14:03 | INFO     | rexus           | [STYLE] Aplicando correcciones criticas automaticas para tema oscuro
2025-08-26 10:14:03 | INFO     | rexus           | [STYLE] [ART] Aplicando tema oscuro mejorado
2025-08-26 10:14:03 | INFO     | rexus           | [STYLE]  Aplicando correcciones críticas de contraste
2025-08-26 10:14:03 | INFO     | rexus           | [STYLE] [OK] Correcciones automáticas aplicadas exitosamente
2025-08-26 10:15:40 | INFO     | rexus           | Sistema de logging Rexus inicializado
2025-08-26 10:15:41 | INFO     | rexus           | [STYLE] Tema oscuro detectado en Windows - aplicando correcciones criticas
2025-08-26 10:15:41 | INFO     | rexus           | [STYLE] Aplicando correcciones criticas automaticas para tema oscuro
2025-08-26 10:15:41 | INFO     | rexus           | [STYLE] [ART] Aplicando tema oscuro mejorado
2025-08-26 10:15:41 | INFO     | rexus           | [STYLE] [WARNING] No se pudo obtener instancia de QApplication
2025-08-26 10:15:41 | INFO     | rexus           | [STYLE] Aplicando correcciones criticas automaticas para tema oscuro
2025-08-26 10:15:41 | INFO     | rexus           | [STYLE] [ART] Aplicando tema oscuro mejorado
2025-08-26 10:15:41 | INFO     | rexus           | [STYLE]  Aplicando correcciones críticas de contraste
2025-08-26 10:15:41 | INFO     | rexus           | [STYLE] [OK] Correcciones automáticas aplicadas exitosamente
2025-08-26 10:16:26 | INFO     | rexus           | Sistema de logging Rexus inicializado
2025-08-26 10:16:27 | INFO     | rexus           | [STYLE] Tema oscuro detectado en Windows - aplicando correcciones criticas
2025-08-26 10:16:27 | INFO     | rexus           | [STYLE] Aplicando correcciones criticas automaticas para tema oscuro
2025-08-26 10:16:27 | INFO     | rexus           | [STYLE] [ART] Aplicando tema oscuro mejorado
2025-08-26 10:16:27 | INFO     | rexus           | [STYLE] [WARNING] No se pudo obtener instancia de QApplication
2025-08-26 10:16:27 | INFO     | rexus           | [STYLE] Aplicando correcciones criticas automaticas para tema oscuro
2025-08-26 10:16:27 | INFO     | rexus           | [STYLE] [ART] Aplicando tema oscuro mejorado
2025-08-26 10:16:27 | INFO     | rexus           | [STYLE]  Aplicando correcciones críticas de contraste
2025-08-26 10:16:27 | INFO     | rexus           | [STYLE] [OK] Correcciones automáticas aplicadas exitosamente
2025-08-26 10:17:26 | INFO     | rexus           | Sistema de logging Rexus inicializado
2025-08-26 10:17:27 | INFO     | rexus           | [STYLE] Tema oscuro detectado en Windows - aplicando correcciones criticas
2025-08-26 10:17:27 | INFO     | rexus           | [STYLE] Aplicando correcciones criticas automaticas para tema oscuro
2025-08-26 10:17:27 | INFO     | rexus           | [STYLE] [ART] Aplicando tema oscuro mejorado
2025-08-26 10:17:27 | INFO     | rexus           | [STYLE] [WARNING] No se pudo obtener instancia de QApplication
2025-08-26 10:17:27 | INFO     | rexus           | [STYLE] Aplicando correcciones criticas automaticas para tema oscuro
2025-08-26 10:17:27 | INFO     | rexus           | [STYLE] [ART] Aplicando tema oscuro mejorado
2025-08-26 10:17:27 | INFO     | rexus           | [STYLE]  Aplicando correcciones críticas de contraste
2025-08-26 10:17:27 | INFO     | rexus           | [STYLE] [OK] Correcciones automáticas aplicadas exitosamente
2025-08-26 10:19:40 | INFO     | rexus           | Sistema de logging Rexus inicializado
2025-08-26 10:19:41 | INFO     | rexus           | [STYLE] Tema oscuro detectado en Windows - aplicando correcciones criticas
2025-08-26 10:19:41 | INFO     | rexus           | [STYLE] Aplicando correcciones criticas automaticas para tema oscuro
2025-08-26 10:19:41 | INFO     | rexus           | [STYLE] [ART] Aplicando tema oscuro mejorado
2025-08-26 10:19:41 | INFO     | rexus           | [STYLE] [WARNING] No se pudo obtener instancia de QApplication
2025-08-26 10:19:41 | INFO     | rexus           | [STYLE] Aplicando correcciones criticas automaticas para tema oscuro
2025-08-26 10:19:41 | INFO     | rexus           | [STYLE] [ART] Aplicando tema oscuro mejorado
2025-08-26 10:19:41 | INFO     | rexus           | [STYLE]  Aplicando correcciones críticas de contraste
2025-08-26 10:19:41 | INFO     | rexus           | [STYLE] [OK] Correcciones automáticas aplicadas exitosamente
2025-08-26 10:21:16 | INFO     | rexus           | Sistema de logging Rexus inicializado
2025-08-26 10:21:17 | INFO     | rexus           | [STYLE] Tema oscuro detectado en Windows - aplicando correcciones criticas
2025-08-26 10:21:17 | INFO     | rexus           | [STYLE] Aplicando correcciones criticas automaticas para tema oscuro
2025-08-26 10:21:17 | INFO     | rexus           | [STYLE] [ART] Aplicando tema oscuro mejorado
2025-08-26 10:21:17 | INFO     | rexus           | [STYLE] [WARNING] No se pudo obtener instancia de QApplication
2025-08-26 10:21:17 | INFO     | rexus           | [STYLE] Aplicando correcciones criticas automaticas para tema oscuro
2025-08-26 10:21:17 | INFO     | rexus           | [STYLE] [ART] Aplicando tema oscuro mejorado
2025-08-26 10:21:17 | INFO     | rexus           | [STYLE]  Aplicando correcciones críticas de contraste
2025-08-26 10:21:17 | INFO     | rexus           | [STYLE] [OK] Correcciones automáticas aplicadas exitosamente
2025-08-26 10:22:30 | INFO     | rexus           | Sistema de logging Rexus inicializado
2025-08-26 10:22:31 | INFO     | rexus           | [STYLE] Tema oscuro detectado en Windows - aplicando correcciones criticas
2025-08-26 10:22:31 | INFO     | rexus           | [STYLE] Aplicando correcciones criticas automaticas para tema oscuro
2025-08-26 10:22:31 | INFO     | rexus           | [STYLE] [ART] Aplicando tema oscuro mejorado
2025-08-26 10:22:31 | INFO     | rexus           | [STYLE] [WARNING] No se pudo obtener instancia de QApplication
2025-08-26 10:22:31 | INFO     | rexus           | [STYLE] Aplicando correcciones criticas automaticas para tema oscuro
2025-08-26 10:22:31 | INFO     | rexus           | [STYLE] [ART] Aplicando tema oscuro mejorado
2025-08-26 10:22:31 | INFO     | rexus           | [STYLE]  Aplicando correcciones críticas de contraste
2025-08-26 10:22:31 | INFO     | rexus           | [STYLE] [OK] Correcciones automáticas aplicadas exitosamente
2025-08-26 10:23:08 | INFO     | rexus           | Sistema de logging Rexus inicializado
2025-08-26 10:23:09 | INFO     | rexus           | [STYLE] Tema oscuro detectado en Windows - aplicando correcciones criticas
2025-08-26 10:23:09 | INFO     | rexus           | [STYLE] Aplicando correcciones criticas automaticas para tema oscuro
2025-08-26 10:23:09 | INFO     | rexus           | [STYLE] [ART] Aplicando tema oscuro mejorado
2025-08-26 10:23:09 | INFO     | rexus           | [STYLE] [WARNING] No se pudo obtener instancia de QApplication
2025-08-26 10:23:09 | INFO     | rexus           | [STYLE] Aplicando correcciones criticas automaticas para tema oscuro
2025-08-26 10:23:09 | INFO     | rexus           | [STYLE] [ART] Aplicando tema oscuro mejorado
2025-08-26 10:23:09 | INFO     | rexus           | [STYLE]  Aplicando correcciones críticas de contraste
2025-08-26 10:23:09 | INFO     | rexus           | [STYLE] [OK] Correcciones automáticas aplicadas exitosamente
2025-08-26 10:23:36 | INFO     | rexus           | Sistema de logging Rexus inicializado
2025-08-26 10:23:37 | INFO     | rexus           | [STYLE] Tema oscuro detectado en Windows - aplicando correcciones criticas
2025-08-26 10:23:37 | INFO     | rexus           | [STYLE] Aplicando correcciones criticas automaticas para tema oscuro
2025-08-26 10:23:37 | INFO     | rexus           | [STYLE] [ART] Aplicando tema oscuro mejorado
2025-08-26 10:23:37 | INFO     | rexus           | [STYLE] [WARNING] No se pudo obtener instancia de QApplication
2025-08-26 10:23:37 | INFO     | rexus           | [STYLE] Aplicando correcciones criticas automaticas para tema oscuro
2025-08-26 10:23:37 | INFO     | rexus           | [STYLE] [ART] Aplicando tema oscuro mejorado
2025-08-26 10:23:37 | INFO     | rexus           | [STYLE]  Aplicando correcciones críticas de contraste
2025-08-26 10:23:37 | INFO     | rexus           | [STYLE] [OK] Correcciones automáticas aplicadas exitosamente
2025-08-26 11:15:39 | INFO     | rexus           | Sistema de logging Rexus inicializado
2025-08-26 11:15:40 | INFO     | rexus           | [STYLE] Tema oscuro detectado en Windows - aplicando correcciones criticas
2025-08-26 11:15:40 | INFO     | rexus           | [STYLE] Aplicando correcciones criticas automaticas para tema oscuro
2025-08-26 11:15:40 | INFO     | rexus           | [STYLE] [ART] Aplicando tema oscuro mejorado
2025-08-26 11:15:40 | INFO     | rexus           | [STYLE] [WARNING] No se pudo obtener instancia de QApplication
2025-08-26 11:15:40 | INFO     | rexus           | [STYLE] Aplicando correcciones criticas automaticas para tema oscuro
2025-08-26 11:15:40 | INFO     | rexus           | [STYLE] [ART] Aplicando tema oscuro mejorado
2025-08-26 11:15:40 | INFO     | rexus           | [STYLE]  Aplicando correcciones críticas de contraste
2025-08-26 11:15:40 | INFO     | rexus           | [STYLE] [OK] Correcciones automáticas aplicadas exitosamente
2025-08-26 11:15:52 | INFO     | rexus           | Sistema de logging Rexus inicializado
2025-08-26 11:15:52 | INFO     | rexus           | [STYLE] Tema oscuro detectado en Windows - aplicando correcciones criticas
2025-08-26 11:15:52 | INFO     | rexus           | [STYLE] Aplicando correcciones criticas automaticas para tema oscuro
2025-08-26 11:15:52 | INFO     | rexus           | [STYLE] [ART] Aplicando tema oscuro mejorado
2025-08-26 11:15:52 | INFO     | rexus           | [STYLE] [WARNING] No se pudo obtener instancia de QApplication
2025-08-26 11:15:52 | INFO     | rexus           | [STYLE] Aplicando correcciones criticas automaticas para tema oscuro
2025-08-26 11:15:52 | INFO     | rexus           | [STYLE] [ART] Aplicando tema oscuro mejorado
2025-08-26 11:15:52 | INFO     | rexus           | [STYLE]  Aplicando correcciones críticas de contraste
2025-08-26 11:15:52 | INFO     | rexus           | [STYLE] [OK] Correcciones automáticas aplicadas exitosamente
2025-08-26 11:16:51 | INFO     | rexus           | Sistema de logging Rexus inicializado
2025-08-26 11:16:52 | INFO     | rexus           | [STYLE] Tema oscuro detectado en Windows - aplicando correcciones criticas
2025-08-26 11:16:52 | INFO     | rexus           | [STYLE] Aplicando correcciones criticas automaticas para tema oscuro
2025-08-26 11:16:52 | INFO     | rexus           | [STYLE] [ART] Aplicando tema oscuro mejorado
2025-08-26 11:16:52 | INFO     | rexus           | [STYLE] [WARNING] No se pudo obtener instancia de QApplication
2025-08-26 11:16:52 | INFO     | rexus           | [STYLE] Aplicando correcciones criticas automaticas para tema oscuro
2025-08-26 11:16:52 | INFO     | rexus           | [STYLE] [ART] Aplicando tema oscuro mejorado
2025-08-26 11:16:52 | INFO     | rexus           | [STYLE]  Aplicando correcciones críticas de contraste
2025-08-26 11:16:52 | INFO     | rexus           | [STYLE] [OK] Correcciones automáticas aplicadas exitosamente
2025-08-26 11:17:15 | INFO     | rexus           | Sistema de logging Rexus inicializado
2025-08-26 11:17:16 | INFO     | rexus           | [STYLE] Tema oscuro detectado en Windows - aplicando correcciones criticas
2025-08-26 11:17:16 | INFO     | rexus           | [STYLE] Aplicando correcciones criticas automaticas para tema oscuro
2025-08-26 11:17:16 | INFO     | rexus           | [STYLE] [ART] Aplicando tema oscuro mejorado
2025-08-26 11:17:16 | INFO     | rexus           | [STYLE] [WARNING] No se pudo obtener instancia de QApplication
2025-08-26 11:17:16 | INFO     | rexus           | [STYLE] Aplicando correcciones criticas automaticas para tema oscuro
2025-08-26 11:17:16 | INFO     | rexus           | [STYLE] [ART] Aplicando tema oscuro mejorado
2025-08-26 11:17:16 | INFO     | rexus           | [STYLE]  Aplicando correcciones críticas de contraste
2025-08-26 11:17:16 | INFO     | rexus           | [STYLE] [OK] Correcciones automáticas aplicadas exitosamente
2025-08-26 11:17:26 | INFO     | rexus           | Sistema de logging Rexus inicializado
2025-08-26 11:17:27 | INFO     | rexus           | [STYLE] Tema oscuro detectado en Windows - aplicando correcciones criticas
2025-08-26 11:17:27 | INFO     | rexus           | [STYLE] Aplicando correcciones criticas automaticas para tema oscuro
2025-08-26 11:17:27 | INFO     | rexus           | [STYLE] [ART] Aplicando tema oscuro mejorado
2025-08-26 11:17:27 | INFO     | rexus           | [STYLE] [WARNING] No se pudo obtener instancia de QApplication
2025-08-26 11:17:27 | INFO     | rexus           | [STYLE] Aplicando correcciones criticas automaticas para tema oscuro
2025-08-26 11:17:27 | INFO     | rexus           | [STYLE] [ART] Aplicando tema oscuro mejorado
2025-08-26 11:17:27 | INFO     | rexus           | [STYLE]  Aplicando correcciones críticas de contraste
2025-08-26 11:17:27 | INFO     | rexus           | [STYLE] [OK] Correcciones automáticas aplicadas exitosamente
2025-08-26 11:19:00 | INFO     | rexus           | Sistema de logging Rexus inicializado
2025-08-26 11:19:02 | INFO     | rexus           | [STYLE] Tema oscuro detectado en Windows - aplicando correcciones criticas
2025-08-26 11:19:02 | INFO     | rexus           | [STYLE] Aplicando correcciones criticas automaticas para tema oscuro
2025-08-26 11:19:02 | INFO     | rexus           | [STYLE] [ART] Aplicando tema oscuro mejorado
2025-08-26 11:19:02 | INFO     | rexus           | [STYLE] [WARNING] No se pudo obtener instancia de QApplication
2025-08-26 11:19:02 | INFO     | rexus           | [STYLE] Aplicando correcciones criticas automaticas para tema oscuro
2025-08-26 11:19:02 | INFO     | rexus           | [STYLE] [ART] Aplicando tema oscuro mejorado
2025-08-26 11:19:02 | INFO     | rexus           | [STYLE]  Aplicando correcciones críticas de contraste
2025-08-26 11:19:02 | INFO     | rexus           | [STYLE] [OK] Correcciones automáticas aplicadas exitosamente
2025-08-26 11:19:45 | INFO     | rexus           | Sistema de logging Rexus inicializado
2025-08-26 11:19:46 | INFO     | rexus           | [STYLE] Tema oscuro detectado en Windows - aplicando correcciones criticas
2025-08-26 11:19:46 | INFO     | rexus           | [STYLE] Aplicando correcciones criticas automaticas para tema oscuro
2025-08-26 11:19:46 | INFO     | rexus           | [STYLE] [ART] Aplicando tema oscuro mejorado
2025-08-26 11:19:46 | INFO     | rexus           | [STYLE] [WARNING] No se pudo obtener instancia de QApplication
2025-08-26 11:19:46 | INFO     | rexus           | [STYLE] Aplicando correcciones criticas automaticas para tema oscuro
2025-08-26 11:19:46 | INFO     | rexus           | [STYLE] [ART] Aplicando tema oscuro mejorado
2025-08-26 11:19:46 | INFO     | rexus           | [STYLE]  Aplicando correcciones críticas de contraste
2025-08-26 11:19:46 | INFO     | rexus           | [STYLE] [OK] Correcciones automáticas aplicadas exitosamente
2025-08-26 11:21:34 | INFO     | rexus           | Sistema de logging Rexus inicializado
2025-08-26 11:21:34 | INFO     | rexus           | [STYLE] Tema oscuro detectado en Windows - aplicando correcciones criticas
2025-08-26 11:21:34 | INFO     | rexus           | [STYLE] Aplicando correcciones criticas automaticas para tema oscuro
2025-08-26 11:21:34 | INFO     | rexus           | [STYLE] [ART] Aplicando tema oscuro mejorado
2025-08-26 11:21:34 | INFO     | rexus           | [STYLE] [WARNING] No se pudo obtener instancia de QApplication
2025-08-26 11:21:34 | INFO     | rexus           | [STYLE] Aplicando correcciones criticas automaticas para tema oscuro
2025-08-26 11:21:34 | INFO     | rexus           | [STYLE] [ART] Aplicando tema oscuro mejorado
2025-08-26 11:21:34 | INFO     | rexus           | [STYLE]  Aplicando correcciones críticas de contraste
2025-08-26 11:21:34 | INFO     | rexus           | [STYLE] [OK] Correcciones automáticas aplicadas exitosamente
2025-08-26 11:22:18 | INFO     | rexus           | Sistema de logging Rexus inicializado
2025-08-26 11:22:19 | INFO     | rexus           | [STYLE] Tema oscuro detectado en Windows - aplicando correcciones criticas
2025-08-26 11:22:19 | INFO     | rexus           | [STYLE] Aplicando correcciones criticas automaticas para tema oscuro
2025-08-26 11:22:19 | INFO     | rexus           | [STYLE] [ART] Aplicando tema oscuro mejorado
2025-08-26 11:22:19 | INFO     | rexus           | [STYLE] [WARNING] No se pudo obtener instancia de QApplication
2025-08-26 11:22:19 | INFO     | rexus           | [STYLE] Aplicando correcciones criticas automaticas para tema oscuro
2025-08-26 11:22:19 | INFO     | rexus           | [STYLE] [ART] Aplicando tema oscuro mejorado
2025-08-26 11:22:19 | INFO     | rexus           | [STYLE]  Aplicando correcciones críticas de contraste
2025-08-26 11:22:19 | INFO     | rexus           | [STYLE] [OK] Correcciones automáticas aplicadas exitosamente
2025-08-26 11:22:49 | INFO     | rexus           | Sistema de logging Rexus inicializado
2025-08-26 11:22:50 | INFO     | rexus           | [STYLE] Tema oscuro detectado en Windows - aplicando correcciones criticas
2025-08-26 11:22:50 | INFO     | rexus           | [STYLE] Aplicando correcciones criticas automaticas para tema oscuro
2025-08-26 11:22:50 | INFO     | rexus           | [STYLE] [ART] Aplicando tema oscuro mejorado
2025-08-26 11:22:50 | INFO     | rexus           | [STYLE] [WARNING] No se pudo obtener instancia de QApplication
2025-08-26 11:22:50 | INFO     | rexus           | [STYLE] Aplicando correcciones criticas automaticas para tema oscuro
2025-08-26 11:22:50 | INFO     | rexus           | [STYLE] [ART] Aplicando tema oscuro mejorado
2025-08-26 11:22:50 | INFO     | rexus           | [STYLE]  Aplicando correcciones críticas de contraste
2025-08-26 11:22:50 | INFO     | rexus           | [STYLE] [OK] Correcciones automáticas aplicadas exitosamente
2025-08-26 11:22:57 | INFO     | rexus           | Sistema de logging Rexus inicializado
2025-08-26 11:22:58 | INFO     | rexus           | [STYLE] Tema oscuro detectado en Windows - aplicando correcciones criticas
2025-08-26 11:22:58 | INFO     | rexus           | [STYLE] Aplicando correcciones criticas automaticas para tema oscuro
2025-08-26 11:22:58 | INFO     | rexus           | [STYLE] [ART] Aplicando tema oscuro mejorado
2025-08-26 11:22:58 | INFO     | rexus           | [STYLE] [WARNING] No se pudo obtener instancia de QApplication
2025-08-26 11:22:58 | INFO     | rexus           | [STYLE] Aplicando correcciones criticas automaticas para tema oscuro
2025-08-26 11:22:58 | INFO     | rexus           | [STYLE] [ART] Aplicando tema oscuro mejorado
2025-08-26 11:22:58 | INFO     | rexus           | [STYLE]  Aplicando correcciones críticas de contraste
2025-08-26 11:22:58 | INFO     | rexus           | [STYLE] [OK] Correcciones automáticas aplicadas exitosamente
2025-08-26 11:23:19 | INFO     | rexus           | Sistema de logging Rexus inicializado
2025-08-26 11:23:21 | INFO     | rexus           | [STYLE] Tema oscuro detectado en Windows - aplicando correcciones criticas
2025-08-26 11:23:21 | INFO     | rexus           | [STYLE] Aplicando correcciones criticas automaticas para tema oscuro
2025-08-26 11:23:21 | INFO     | rexus           | [STYLE] [ART] Aplicando tema oscuro mejorado
2025-08-26 11:23:21 | INFO     | rexus           | [STYLE] [WARNING] No se pudo obtener instancia de QApplication
2025-08-26 11:23:21 | INFO     | rexus           | [STYLE] Aplicando correcciones criticas automaticas para tema oscuro
2025-08-26 11:23:21 | INFO     | rexus           | [STYLE] [ART] Aplicando tema oscuro mejorado
2025-08-26 11:23:21 | INFO     | rexus           | [STYLE]  Aplicando correcciones críticas de contraste
2025-08-26 11:23:21 | INFO     | rexus           | [STYLE] [OK] Correcciones automáticas aplicadas exitosamente
2025-08-26 11:24:15 | INFO     | rexus           | Sistema de logging Rexus inicializado
2025-08-26 11:24:16 | INFO     | rexus           | [STYLE] Tema oscuro detectado en Windows - aplicando correcciones criticas
2025-08-26 11:24:16 | INFO     | rexus           | [STYLE] Aplicando correcciones criticas automaticas para tema oscuro
2025-08-26 11:24:16 | INFO     | rexus           | [STYLE] [ART] Aplicando tema oscuro mejorado
2025-08-26 11:24:16 | INFO     | rexus           | [STYLE] [WARNING] No se pudo obtener instancia de QApplication
2025-08-26 11:24:16 | INFO     | rexus           | [STYLE] Aplicando correcciones criticas automaticas para tema oscuro
2025-08-26 11:24:16 | INFO     | rexus           | [STYLE] [ART] Aplicando tema oscuro mejorado
2025-08-26 11:24:16 | INFO     | rexus           | [STYLE]  Aplicando correcciones críticas de contraste
2025-08-26 11:24:16 | INFO     | rexus           | [STYLE] [OK] Correcciones automáticas aplicadas exitosamente
2025-08-26 11:29:50 | INFO     | rexus           | Sistema de logging Rexus inicializado
2025-08-26 11:29:51 | INFO     | rexus           | [STYLE] Tema oscuro detectado en Windows - aplicando correcciones criticas
2025-08-26 11:29:51 | INFO     | rexus           | [STYLE] Aplicando correcciones criticas automaticas para tema oscuro
2025-08-26 11:29:51 | INFO     | rexus           | [STYLE] [ART] Aplicando tema oscuro mejorado
2025-08-26 11:29:51 | INFO     | rexus           | [STYLE] [WARNING] No se pudo obtener instancia de QApplication
2025-08-26 11:29:51 | INFO     | rexus           | [STYLE] Aplicando correcciones criticas automaticas para tema oscuro
2025-08-26 11:29:51 | INFO     | rexus           | [STYLE] [ART] Aplicando tema oscuro mejorado
2025-08-26 11:29:51 | INFO     | rexus           | [STYLE]  Aplicando correcciones críticas de contraste
2025-08-26 11:29:51 | INFO     | rexus           | [STYLE] [OK] Correcciones automáticas aplicadas exitosamente
2025-08-26 11:30:09 | INFO     | rexus           | Sistema de logging Rexus inicializado
2025-08-26 11:30:11 | INFO     | rexus           | [STYLE] Tema oscuro detectado en Windows - aplicando correcciones criticas
2025-08-26 11:30:11 | INFO     | rexus           | [STYLE] Aplicando correcciones criticas automaticas para tema oscuro
2025-08-26 11:30:11 | INFO     | rexus           | [STYLE] [ART] Aplicando tema oscuro mejorado
2025-08-26 11:30:11 | INFO     | rexus           | [STYLE] [WARNING] No se pudo obtener instancia de QApplication
2025-08-26 11:30:11 | INFO     | rexus           | [STYLE] Aplicando correcciones criticas automaticas para tema oscuro
2025-08-26 11:30:11 | INFO     | rexus           | [STYLE] [ART] Aplicando tema oscuro mejorado
2025-08-26 11:30:11 | INFO     | rexus           | [STYLE]  Aplicando correcciones críticas de contraste
2025-08-26 11:30:11 | INFO     | rexus           | [STYLE] [OK] Correcciones automáticas aplicadas exitosamente
2025-08-26 11:30:38 | INFO     | rexus           | Sistema de logging Rexus inicializado
2025-08-26 11:30:40 | INFO     | rexus           | [STYLE] Tema oscuro detectado en Windows - aplicando correcciones criticas
2025-08-26 11:30:40 | INFO     | rexus           | [STYLE] Aplicando correcciones criticas automaticas para tema oscuro
2025-08-26 11:30:40 | INFO     | rexus           | [STYLE] [ART] Aplicando tema oscuro mejorado
2025-08-26 11:30:40 | INFO     | rexus           | [STYLE] [WARNING] No se pudo obtener instancia de QApplication
2025-08-26 11:30:40 | INFO     | rexus           | [STYLE] Aplicando correcciones criticas automaticas para tema oscuro
2025-08-26 11:30:40 | INFO     | rexus           | [STYLE] [ART] Aplicando tema oscuro mejorado
2025-08-26 11:30:40 | INFO     | rexus           | [STYLE]  Aplicando correcciones críticas de contraste
2025-08-26 11:30:40 | INFO     | rexus           | [STYLE] [OK] Correcciones automáticas aplicadas exitosamente
2025-08-26 11:34:10 | INFO     | rexus           | Sistema de logging Rexus inicializado
2025-08-26 11:34:11 | INFO     | rexus           | [STYLE] Tema oscuro detectado en Windows - aplicando correcciones criticas
2025-08-26 11:34:11 | INFO     | rexus           | [STYLE] Aplicando correcciones criticas automaticas para tema oscuro
2025-08-26 11:34:11 | INFO     | rexus           | [STYLE] [ART] Aplicando tema oscuro mejorado
2025-08-26 11:34:11 | INFO     | rexus           | [STYLE] [WARNING] No se pudo obtener instancia de QApplication
2025-08-26 11:34:11 | INFO     | rexus           | [STYLE] Aplicando correcciones criticas automaticas para tema oscuro
2025-08-26 11:34:11 | INFO     | rexus           | [STYLE] [ART] Aplicando tema oscuro mejorado
2025-08-26 11:34:11 | INFO     | rexus           | [STYLE]  Aplicando correcciones críticas de contraste
2025-08-26 11:34:11 | INFO     | rexus           | [STYLE] [OK] Correcciones automáticas aplicadas exitosamente
2025-08-26 11:34:20 | INFO     | rexus           | Sistema de logging Rexus inicializado
2025-08-26 11:34:21 | INFO     | rexus           | [STYLE] Tema oscuro detectado en Windows - aplicando correcciones criticas
2025-08-26 11:34:21 | INFO     | rexus           | [STYLE] Aplicando correcciones criticas automaticas para tema oscuro
2025-08-26 11:34:21 | INFO     | rexus           | [STYLE] [ART] Aplicando tema oscuro mejorado
2025-08-26 11:34:21 | INFO     | rexus           | [STYLE] [WARNING] No se pudo obtener instancia de QApplication
2025-08-26 11:34:21 | INFO     | rexus           | [STYLE] Aplicando correcciones criticas automaticas para tema oscuro
2025-08-26 11:34:21 | INFO     | rexus           | [STYLE] [ART] Aplicando tema oscuro mejorado
2025-08-26 11:34:21 | INFO     | rexus           | [STYLE]  Aplicando correcciones críticas de contraste
2025-08-26 11:34:21 | INFO     | rexus           | [STYLE] [OK] Correcciones automáticas aplicadas exitosamente
2025-08-26 11:34:40 | INFO     | rexus           | Sistema de logging Rexus inicializado
2025-08-26 11:34:40 | INFO     | rexus           | [STYLE] Tema oscuro detectado en Windows - aplicando correcciones criticas
2025-08-26 11:34:40 | INFO     | rexus           | [STYLE] Aplicando correcciones criticas automaticas para tema oscuro
2025-08-26 11:34:40 | INFO     | rexus           | [STYLE] [ART] Aplicando tema oscuro mejorado
2025-08-26 11:34:40 | INFO     | rexus           | [STYLE] [WARNING] No se pudo obtener instancia de QApplication
2025-08-26 11:34:40 | INFO     | rexus           | [STYLE] Aplicando correcciones criticas automaticas para tema oscuro
2025-08-26 11:34:40 | INFO     | rexus           | [STYLE] [ART] Aplicando tema oscuro mejorado
2025-08-26 11:34:40 | INFO     | rexus           | [STYLE]  Aplicando correcciones críticas de contraste
2025-08-26 11:34:40 | INFO     | rexus           | [STYLE] [OK] Correcciones automáticas aplicadas exitosamente
2025-08-26 11:34:50 | INFO     | rexus           | Sistema de logging Rexus inicializado
2025-08-26 11:34:51 | INFO     | rexus           | [STYLE] Tema oscuro detectado en Windows - aplicando correcciones criticas
2025-08-26 11:34:51 | INFO     | rexus           | [STYLE] Aplicando correcciones criticas automaticas para tema oscuro
2025-08-26 11:34:51 | INFO     | rexus           | [STYLE] [ART] Aplicando tema oscuro mejorado
2025-08-26 11:34:51 | INFO     | rexus           | [STYLE] [WARNING] No se pudo obtener instancia de QApplication
2025-08-26 11:34:51 | INFO     | rexus           | [STYLE] Aplicando correcciones criticas automaticas para tema oscuro
2025-08-26 11:34:51 | INFO     | rexus           | [STYLE] [ART] Aplicando tema oscuro mejorado
2025-08-26 11:34:51 | INFO     | rexus           | [STYLE]  Aplicando correcciones críticas de contraste
2025-08-26 11:34:51 | INFO     | rexus           | [STYLE] [OK] Correcciones automáticas aplicadas exitosamente
2025-08-26 11:35:35 | INFO     | rexus           | Sistema de logging Rexus inicializado
2025-08-26 11:35:35 | INFO     | rexus           | [STYLE] Tema oscuro detectado en Windows - aplicando correcciones criticas
2025-08-26 11:35:35 | INFO     | rexus           | [STYLE] Aplicando correcciones criticas automaticas para tema oscuro
2025-08-26 11:35:35 | INFO     | rexus           | [STYLE] [ART] Aplicando tema oscuro mejorado
2025-08-26 11:35:35 | INFO     | rexus           | [STYLE] [WARNING] No se pudo obtener instancia de QApplication
2025-08-26 11:35:35 | INFO     | rexus           | [STYLE] Aplicando correcciones criticas automaticas para tema oscuro
2025-08-26 11:35:35 | INFO     | rexus           | [STYLE] [ART] Aplicando tema oscuro mejorado
2025-08-26 11:35:35 | INFO     | rexus           | [STYLE]  Aplicando correcciones críticas de contraste
2025-08-26 11:35:35 | INFO     | rexus           | [STYLE] [OK] Correcciones automáticas aplicadas exitosamente
2025-08-26 11:35:54 | INFO     | rexus           | Sistema de logging Rexus inicializado
2025-08-26 11:35:55 | INFO     | rexus           | [STYLE] Tema oscuro detectado en Windows - aplicando correcciones criticas
2025-08-26 11:35:55 | INFO     | rexus           | [STYLE] Aplicando correcciones criticas automaticas para tema oscuro
2025-08-26 11:35:55 | INFO     | rexus           | [STYLE] [ART] Aplicando tema oscuro mejorado
2025-08-26 11:35:55 | INFO     | rexus           | [STYLE] [WARNING] No se pudo obtener instancia de QApplication
2025-08-26 11:35:55 | INFO     | rexus           | [STYLE] Aplicando correcciones criticas automaticas para tema oscuro
2025-08-26 11:35:55 | INFO     | rexus           | [STYLE] [ART] Aplicando tema oscuro mejorado
2025-08-26 11:35:55 | INFO     | rexus           | [STYLE]  Aplicando correcciones críticas de contraste
2025-08-26 11:35:55 | INFO     | rexus           | [STYLE] [OK] Correcciones automáticas aplicadas exitosamente
2025-08-26 11:45:36 | INFO     | rexus           | Sistema de logging Rexus inicializado
2025-08-26 11:45:41 | INFO     | rexus           | [STYLE] Tema oscuro detectado en Windows - aplicando correcciones criticas
2025-08-26 11:45:41 | INFO     | rexus           | [STYLE] Aplicando correcciones criticas automaticas para tema oscuro
2025-08-26 11:45:41 | INFO     | rexus           | [STYLE] [ART] Aplicando tema oscuro mejorado
2025-08-26 11:45:41 | INFO     | rexus           | [STYLE] [WARNING] No se pudo obtener instancia de QApplication
2025-08-26 11:45:41 | INFO     | rexus           | [STYLE] Aplicando correcciones criticas automaticas para tema oscuro
2025-08-26 11:45:41 | INFO     | rexus           | [STYLE] [ART] Aplicando tema oscuro mejorado
2025-08-26 11:45:41 | INFO     | rexus           | [STYLE]  Aplicando correcciones críticas de contraste
2025-08-26 11:45:41 | INFO     | rexus           | [STYLE] [OK] Correcciones automáticas aplicadas exitosamente
2025-08-26 11:49:17 | INFO     | rexus           | Sistema de logging Rexus inicializado
2025-08-26 11:49:55 | INFO     | rexus           | Sistema de logging Rexus inicializado
2025-08-26 11:50:00 | INFO     | rexus           | [STYLE] Tema oscuro detectado en Windows - aplicando correcciones criticas
2025-08-26 11:50:00 | INFO     | rexus           | [STYLE] Aplicando correcciones criticas automaticas para tema oscuro
2025-08-26 11:50:00 | INFO     | rexus           | [STYLE] [ART] Aplicando tema oscuro mejorado
2025-08-26 11:50:00 | INFO     | rexus           | [STYLE] [WARNING] No se pudo obtener instancia de QApplication
2025-08-26 11:50:00 | INFO     | rexus           | [STYLE] Aplicando correcciones criticas automaticas para tema oscuro
2025-08-26 11:50:00 | INFO     | rexus           | [STYLE] [ART] Aplicando tema oscuro mejorado
2025-08-26 11:50:00 | INFO     | rexus           | [STYLE]  Aplicando correcciones críticas de contraste
2025-08-26 11:50:00 | INFO     | rexus           | [STYLE] [OK] Correcciones automáticas aplicadas exitosamente
2025-08-26 11:50:14 | INFO     | rexus           | Sistema de logging Rexus inicializado
2025-08-26 11:50:17 | INFO     | rexus           | [STYLE] Tema oscuro detectado en Windows - aplicando correcciones criticas
2025-08-26 11:50:17 | INFO     | rexus           | [STYLE] Aplicando correcciones criticas automaticas para tema oscuro
2025-08-26 11:50:17 | INFO     | rexus           | [STYLE] [ART] Aplicando tema oscuro mejorado
2025-08-26 11:50:17 | INFO     | rexus           | [STYLE] [WARNING] No se pudo obtener instancia de QApplication
2025-08-26 11:50:17 | INFO     | rexus           | [STYLE] Aplicando correcciones criticas automaticas para tema oscuro
2025-08-26 11:50:17 | INFO     | rexus           | [STYLE] [ART] Aplicando tema oscuro mejorado
2025-08-26 11:50:17 | INFO     | rexus           | [STYLE]  Aplicando correcciones críticas de contraste
2025-08-26 11:50:17 | INFO     | rexus           | [STYLE] [OK] Correcciones automáticas aplicadas exitosamente
2025-08-26 11:50:58 | INFO     | rexus           | Sistema de logging Rexus inicializado
2025-08-26 11:51:01 | INFO     | rexus           | [STYLE] Tema oscuro detectado en Windows - aplicando correcciones criticas
2025-08-26 11:51:01 | INFO     | rexus           | [STYLE] Aplicando correcciones criticas automaticas para tema oscuro
2025-08-26 11:51:01 | INFO     | rexus           | [STYLE] [ART] Aplicando tema oscuro mejorado
2025-08-26 11:51:01 | INFO     | rexus           | [STYLE] [WARNING] No se pudo obtener instancia de QApplication
2025-08-26 11:51:01 | INFO     | rexus           | [STYLE] Aplicando correcciones criticas automaticas para tema oscuro
2025-08-26 11:51:01 | INFO     | rexus           | [STYLE] [ART] Aplicando tema oscuro mejorado
2025-08-26 11:51:01 | INFO     | rexus           | [STYLE]  Aplicando correcciones críticas de contraste
2025-08-26 11:51:01 | INFO     | rexus           | [STYLE] [OK] Correcciones automáticas aplicadas exitosamente
2025-08-26 11:52:35 | INFO     | rexus           | Sistema de logging Rexus inicializado
2025-08-26 11:52:35 | WARNING  | rexus           | Submódulo contabilidad no disponible
2025-08-26 11:52:46 | INFO     | rexus           | Sistema de logging Rexus inicializado
2025-08-26 11:52:50 | INFO     | rexus           | [STYLE] Tema oscuro detectado en Windows - aplicando correcciones criticas
2025-08-26 11:52:50 | INFO     | rexus           | [STYLE] Aplicando correcciones criticas automaticas para tema oscuro
2025-08-26 11:52:50 | INFO     | rexus           | [STYLE] [ART] Aplicando tema oscuro mejorado
2025-08-26 11:52:50 | INFO     | rexus           | [STYLE] [WARNING] No se pudo obtener instancia de QApplication
2025-08-26 11:52:50 | INFO     | rexus           | [STYLE] Aplicando correcciones criticas automaticas para tema oscuro
2025-08-26 11:52:50 | INFO     | rexus           | [STYLE] [ART] Aplicando tema oscuro mejorado
2025-08-26 11:52:50 | INFO     | rexus           | [STYLE]  Aplicando correcciones críticas de contraste
2025-08-26 11:52:50 | INFO     | rexus           | [STYLE] [OK] Correcciones automáticas aplicadas exitosamente
2025-08-26 11:53:18 | INFO     | rexus           | Sistema de logging Rexus inicializado
2025-08-26 11:53:22 | INFO     | rexus           | [STYLE] Tema oscuro detectado en Windows - aplicando correcciones criticas
2025-08-26 11:53:22 | INFO     | rexus           | [STYLE] Aplicando correcciones criticas automaticas para tema oscuro
2025-08-26 11:53:22 | INFO     | rexus           | [STYLE] [ART] Aplicando tema oscuro mejorado
2025-08-26 11:53:22 | INFO     | rexus           | [STYLE] [WARNING] No se pudo obtener instancia de QApplication
2025-08-26 11:53:22 | INFO     | rexus           | [STYLE] Aplicando correcciones criticas automaticas para tema oscuro
2025-08-26 11:53:22 | INFO     | rexus           | [STYLE] [ART] Aplicando tema oscuro mejorado
2025-08-26 11:53:22 | INFO     | rexus           | [STYLE]  Aplicando correcciones críticas de contraste
2025-08-26 11:53:22 | INFO     | rexus           | [STYLE] [OK] Correcciones automáticas aplicadas exitosamente
2025-08-26 11:54:22 | INFO     | rexus           | Sistema de logging Rexus inicializado
2025-08-26 11:54:30 | INFO     | rexus           | [STYLE] Tema oscuro detectado en Windows - aplicando correcciones criticas
2025-08-26 11:54:30 | INFO     | rexus           | [STYLE] Aplicando correcciones criticas automaticas para tema oscuro
2025-08-26 11:54:30 | INFO     | rexus           | [STYLE] [ART] Aplicando tema oscuro mejorado
2025-08-26 11:54:30 | INFO     | rexus           | [STYLE] [WARNING] No se pudo obtener instancia de QApplication
2025-08-26 11:54:30 | INFO     | rexus           | [STYLE] Aplicando correcciones criticas automaticas para tema oscuro
2025-08-26 11:54:30 | INFO     | rexus           | [STYLE] [ART] Aplicando tema oscuro mejorado
2025-08-26 11:54:30 | INFO     | rexus           | [STYLE]  Aplicando correcciones críticas de contraste
2025-08-26 11:54:30 | INFO     | rexus           | [STYLE] [OK] Correcciones automáticas aplicadas exitosamente
2025-08-26 11:55:53 | INFO     | rexus           | Sistema de logging Rexus inicializado
2025-08-26 11:55:56 | INFO     | rexus           | [STYLE] Tema oscuro detectado en Windows - aplicando correcciones criticas
2025-08-26 11:55:56 | INFO     | rexus           | [STYLE] Aplicando correcciones criticas automaticas para tema oscuro
2025-08-26 11:55:56 | INFO     | rexus           | [STYLE] [ART] Aplicando tema oscuro mejorado
2025-08-26 11:55:56 | INFO     | rexus           | [STYLE] [WARNING] No se pudo obtener instancia de QApplication
2025-08-26 11:55:56 | INFO     | rexus           | [STYLE] Aplicando correcciones criticas automaticas para tema oscuro
2025-08-26 11:55:56 | INFO     | rexus           | [STYLE] [ART] Aplicando tema oscuro mejorado
2025-08-26 11:55:56 | INFO     | rexus           | [STYLE]  Aplicando correcciones críticas de contraste
2025-08-26 11:55:56 | INFO     | rexus           | [STYLE] [OK] Correcciones automáticas aplicadas exitosamente
2025-08-26 11:57:07 | INFO     | rexus           | Sistema de logging Rexus inicializado
2025-08-26 11:57:17 | INFO     | rexus           | [STYLE] Tema oscuro detectado en Windows - aplicando correcciones criticas
2025-08-26 11:57:17 | INFO     | rexus           | [STYLE] Aplicando correcciones criticas automaticas para tema oscuro
2025-08-26 11:57:17 | INFO     | rexus           | [STYLE] [ART] Aplicando tema oscuro mejorado
2025-08-26 11:57:17 | INFO     | rexus           | [STYLE] [WARNING] No se pudo obtener instancia de QApplication
2025-08-26 11:57:17 | INFO     | rexus           | [STYLE] Aplicando correcciones criticas automaticas para tema oscuro
2025-08-26 11:57:17 | INFO     | rexus           | [STYLE] [ART] Aplicando tema oscuro mejorado
2025-08-26 11:57:17 | INFO     | rexus           | [STYLE]  Aplicando correcciones críticas de contraste
2025-08-26 11:57:17 | INFO     | rexus           | [STYLE] [OK] Correcciones automáticas aplicadas exitosamente
2025-08-26 11:58:37 | INFO     | rexus           | Sistema de logging Rexus inicializado
2025-08-26 11:58:41 | INFO     | rexus           | [STYLE] Tema oscuro detectado en Windows - aplicando correcciones criticas
2025-08-26 11:58:41 | INFO     | rexus           | [STYLE] Aplicando correcciones criticas automaticas para tema oscuro
2025-08-26 11:58:41 | INFO     | rexus           | [STYLE] [ART] Aplicando tema oscuro mejorado
2025-08-26 11:58:41 | INFO     | rexus           | [STYLE] [WARNING] No se pudo obtener instancia de QApplication
2025-08-26 11:58:41 | INFO     | rexus           | [STYLE] Aplicando correcciones criticas automaticas para tema oscuro
2025-08-26 11:58:41 | INFO     | rexus           | [STYLE] [ART] Aplicando tema oscuro mejorado
2025-08-26 11:58:41 | INFO     | rexus           | [STYLE]  Aplicando correcciones críticas de contraste
2025-08-26 11:58:41 | INFO     | rexus           | [STYLE] [OK] Correcciones automáticas aplicadas exitosamente
2025-08-26 11:59:34 | INFO     | rexus           | Sistema de logging Rexus inicializado
2025-08-26 11:59:40 | INFO     | rexus           | [STYLE] Tema oscuro detectado en Windows - aplicando correcciones criticas
2025-08-26 11:59:40 | INFO     | rexus           | [STYLE] Aplicando correcciones criticas automaticas para tema oscuro
2025-08-26 11:59:40 | INFO     | rexus           | [STYLE] [ART] Aplicando tema oscuro mejorado
2025-08-26 11:59:40 | INFO     | rexus           | [STYLE] [WARNING] No se pudo obtener instancia de QApplication
2025-08-26 11:59:40 | INFO     | rexus           | [STYLE] Aplicando correcciones criticas automaticas para tema oscuro
2025-08-26 11:59:40 | INFO     | rexus           | [STYLE] [ART] Aplicando tema oscuro mejorado
2025-08-26 11:59:40 | INFO     | rexus           | [STYLE]  Aplicando correcciones críticas de contraste
2025-08-26 11:59:40 | INFO     | rexus           | [STYLE] [OK] Correcciones automáticas aplicadas exitosamente
2025-08-26 12:07:02 | INFO     | rexus           | Sistema de logging Rexus inicializado
2025-08-26 12:07:02 | INFO     | rexus           | Sistema de logging Rexus inicializado
2025-08-26 12:07:07 | INFO     | rexus           | [STYLE] Tema oscuro detectado en Windows - aplicando correcciones criticas
2025-08-26 12:07:07 | INFO     | rexus           | [STYLE] Aplicando correcciones criticas automaticas para tema oscuro
2025-08-26 12:07:07 | INFO     | rexus           | [STYLE] [ART] Aplicando tema oscuro mejorado
2025-08-26 12:07:07 | INFO     | rexus           | [STYLE] [WARNING] No se pudo obtener instancia de QApplication
2025-08-26 12:07:07 | INFO     | rexus           | [STYLE] Aplicando correcciones criticas automaticas para tema oscuro
2025-08-26 12:07:07 | INFO     | rexus           | [STYLE] [ART] Aplicando tema oscuro mejorado
2025-08-26 12:07:07 | INFO     | rexus           | [STYLE]  Aplicando correcciones críticas de contraste
2025-08-26 12:07:07 | INFO     | rexus           | [STYLE] [OK] Correcciones automáticas aplicadas exitosamente
2025-08-26 12:07:46 | INFO     | rexus           | Sistema de logging Rexus inicializado
2025-08-26 12:07:52 | INFO     | rexus           | [STYLE] Tema oscuro detectado en Windows - aplicando correcciones criticas
2025-08-26 12:07:52 | INFO     | rexus           | [STYLE] Aplicando correcciones criticas automaticas para tema oscuro
2025-08-26 12:07:52 | INFO     | rexus           | [STYLE] [ART] Aplicando tema oscuro mejorado
2025-08-26 12:07:52 | INFO     | rexus           | [STYLE] [WARNING] No se pudo obtener instancia de QApplication
2025-08-26 12:07:52 | INFO     | rexus           | [STYLE] Aplicando correcciones criticas automaticas para tema oscuro
2025-08-26 12:07:52 | INFO     | rexus           | [STYLE] [ART] Aplicando tema oscuro mejorado
2025-08-26 12:07:52 | INFO     | rexus           | [STYLE]  Aplicando correcciones críticas de contraste
2025-08-26 12:07:52 | INFO     | rexus           | [STYLE] [OK] Correcciones automáticas aplicadas exitosamente
2025-08-26 12:07:52 | INFO     | rexus.vidrios.model | Sistema unificado de sanitización cargado
2025-08-26 12:23:20 | INFO     | rexus           | Sistema de logging Rexus inicializado
2025-08-26 12:23:25 | INFO     | rexus           | [STYLE] Tema oscuro detectado en Windows - aplicando correcciones criticas
2025-08-26 12:23:25 | INFO     | rexus           | [STYLE] Aplicando correcciones criticas automaticas para tema oscuro
2025-08-26 12:23:25 | INFO     | rexus           | [STYLE] [ART] Aplicando tema oscuro mejorado
2025-08-26 12:23:25 | INFO     | rexus           | [STYLE] [WARNING] No se pudo obtener instancia de QApplication
2025-08-26 12:23:25 | INFO     | rexus           | [STYLE] Aplicando correcciones criticas automaticas para tema oscuro
2025-08-26 12:23:25 | INFO     | rexus           | [STYLE] [ART] Aplicando tema oscuro mejorado
2025-08-26 12:23:25 | INFO     | rexus           | [STYLE]  Aplicando correcciones críticas de contraste
2025-08-26 12:23:25 | INFO     | rexus           | [STYLE] [OK] Correcciones automáticas aplicadas exitosamente
2025-08-26 12:23:25 | INFO     | rexus.vidrios.model | Sistema unificado de sanitización cargado
2025-08-26 12:23:32 | INFO     | rexus           | Sistema de logging Rexus inicializado
2025-08-26 12:23:41 | INFO     | rexus           | [STYLE] Tema oscuro detectado en Windows - aplicando correcciones criticas
2025-08-26 12:23:41 | INFO     | rexus           | [STYLE] Aplicando correcciones criticas automaticas para tema oscuro
2025-08-26 12:23:41 | INFO     | rexus           | [STYLE] [ART] Aplicando tema oscuro mejorado
2025-08-26 12:23:41 | INFO     | rexus           | [STYLE] [WARNING] No se pudo obtener instancia de QApplication
2025-08-26 12:23:41 | INFO     | rexus           | [STYLE] Aplicando correcciones criticas automaticas para tema oscuro
2025-08-26 12:23:41 | INFO     | rexus           | [STYLE] [ART] Aplicando tema oscuro mejorado
2025-08-26 12:23:41 | INFO     | rexus           | [STYLE]  Aplicando correcciones críticas de contraste
2025-08-26 12:23:41 | INFO     | rexus           | [STYLE] [OK] Correcciones automáticas aplicadas exitosamente
2025-08-26 12:23:41 | INFO     | rexus.vidrios.model | Sistema unificado de sanitización cargado
2025-08-26 12:24:08 | INFO     | rexus           | Sistema de logging Rexus inicializado
2025-08-26 12:24:08 | INFO     | rexus.vidrios.model | Sistema unificado de sanitización cargado
2025-08-26 12:25:07 | INFO     | rexus           | Sistema de logging Rexus inicializado
2025-08-26 12:25:11 | INFO     | rexus           | [STYLE] Tema oscuro detectado en Windows - aplicando correcciones criticas
2025-08-26 12:25:11 | INFO     | rexus           | [STYLE] Aplicando correcciones criticas automaticas para tema oscuro
2025-08-26 12:25:11 | INFO     | rexus           | [STYLE] [ART] Aplicando tema oscuro mejorado
2025-08-26 12:25:11 | INFO     | rexus           | [STYLE] [WARNING] No se pudo obtener instancia de QApplication
2025-08-26 12:25:11 | INFO     | rexus           | [STYLE] Aplicando correcciones criticas automaticas para tema oscuro
2025-08-26 12:25:11 | INFO     | rexus           | [STYLE] [ART] Aplicando tema oscuro mejorado
2025-08-26 12:25:11 | INFO     | rexus           | [STYLE]  Aplicando correcciones críticas de contraste
2025-08-26 12:25:11 | INFO     | rexus           | [STYLE] [OK] Correcciones automáticas aplicadas exitosamente
2025-08-26 12:25:11 | INFO     | rexus.vidrios.model | Sistema unificado de sanitización cargado
2025-08-26 12:25:18 | INFO     | rexus           | Sistema de logging Rexus inicializado
2025-08-26 12:25:21 | INFO     | rexus           | [STYLE] Tema oscuro detectado en Windows - aplicando correcciones criticas
2025-08-26 12:25:21 | INFO     | rexus           | [STYLE] Aplicando correcciones criticas automaticas para tema oscuro
2025-08-26 12:25:21 | INFO     | rexus           | [STYLE] [ART] Aplicando tema oscuro mejorado
2025-08-26 12:25:21 | INFO     | rexus           | [STYLE] [WARNING] No se pudo obtener instancia de QApplication
2025-08-26 12:25:21 | INFO     | rexus           | [STYLE] Aplicando correcciones criticas automaticas para tema oscuro
2025-08-26 12:25:21 | INFO     | rexus           | [STYLE] [ART] Aplicando tema oscuro mejorado
2025-08-26 12:25:21 | INFO     | rexus           | [STYLE]  Aplicando correcciones críticas de contraste
2025-08-26 12:25:21 | INFO     | rexus           | [STYLE] [OK] Correcciones automáticas aplicadas exitosamente
2025-08-26 12:25:21 | INFO     | rexus.vidrios.model | Sistema unificado de sanitización cargado
2025-08-26 12:25:24 | INFO     | rexus           | Sistema de logging Rexus inicializado
2025-08-26 12:25:24 | WARNING  | rexus           | Submódulo contabilidad no disponible
2025-08-26 12:25:41 | INFO     | rexus           | Sistema de logging Rexus inicializado
2025-08-26 12:25:45 | INFO     | rexus           | [STYLE] Tema oscuro detectado en Windows - aplicando correcciones criticas
2025-08-26 12:25:45 | INFO     | rexus           | [STYLE] Aplicando correcciones criticas automaticas para tema oscuro
2025-08-26 12:25:45 | INFO     | rexus           | [STYLE] [ART] Aplicando tema oscuro mejorado
2025-08-26 12:25:45 | INFO     | rexus           | [STYLE] [WARNING] No se pudo obtener instancia de QApplication
2025-08-26 12:25:45 | INFO     | rexus           | [STYLE] Aplicando correcciones criticas automaticas para tema oscuro
2025-08-26 12:25:45 | INFO     | rexus           | [STYLE] [ART] Aplicando tema oscuro mejorado
2025-08-26 12:25:45 | INFO     | rexus           | [STYLE]  Aplicando correcciones críticas de contraste
2025-08-26 12:25:45 | INFO     | rexus           | [STYLE] [OK] Correcciones automáticas aplicadas exitosamente
2025-08-26 12:25:45 | INFO     | rexus.vidrios.model | Sistema unificado de sanitización cargado
2025-08-26 12:26:55 | INFO     | rexus           | Sistema de logging Rexus inicializado
2025-08-26 12:26:59 | INFO     | rexus           | [STYLE] Tema oscuro detectado en Windows - aplicando correcciones criticas
2025-08-26 12:26:59 | INFO     | rexus           | [STYLE] Aplicando correcciones criticas automaticas para tema oscuro
2025-08-26 12:26:59 | INFO     | rexus           | [STYLE] [ART] Aplicando tema oscuro mejorado
2025-08-26 12:26:59 | INFO     | rexus           | [STYLE] [WARNING] No se pudo obtener instancia de QApplication
2025-08-26 12:26:59 | INFO     | rexus           | [STYLE] Aplicando correcciones criticas automaticas para tema oscuro
2025-08-26 12:26:59 | INFO     | rexus           | [STYLE] [ART] Aplicando tema oscuro mejorado
2025-08-26 12:26:59 | INFO     | rexus           | [STYLE]  Aplicando correcciones críticas de contraste
2025-08-26 12:26:59 | INFO     | rexus           | [STYLE] [OK] Correcciones automáticas aplicadas exitosamente
2025-08-26 12:26:59 | INFO     | rexus.vidrios.model | Sistema unificado de sanitización cargado
2025-08-26 12:28:24 | INFO     | rexus           | Sistema de logging Rexus inicializado
2025-08-26 12:28:30 | INFO     | rexus           | [STYLE] Tema oscuro detectado en Windows - aplicando correcciones criticas
2025-08-26 12:28:30 | INFO     | rexus           | [STYLE] Aplicando correcciones criticas automaticas para tema oscuro
2025-08-26 12:28:30 | INFO     | rexus           | [STYLE] [ART] Aplicando tema oscuro mejorado
2025-08-26 12:28:30 | INFO     | rexus           | [STYLE] [WARNING] No se pudo obtener instancia de QApplication
2025-08-26 12:28:30 | INFO     | rexus           | [STYLE] Aplicando correcciones criticas automaticas para tema oscuro
2025-08-26 12:28:30 | INFO     | rexus           | [STYLE] [ART] Aplicando tema oscuro mejorado
2025-08-26 12:28:30 | INFO     | rexus           | [STYLE]  Aplicando correcciones críticas de contraste
2025-08-26 12:28:30 | INFO     | rexus           | [STYLE] [OK] Correcciones automáticas aplicadas exitosamente
2025-08-26 12:28:30 | INFO     | rexus.vidrios.model | Sistema unificado de sanitización cargado
2025-08-26 12:28:36 | INFO     | rexus           | Sistema de logging Rexus inicializado
2025-08-26 12:28:41 | INFO     | rexus           | [STYLE] Tema oscuro detectado en Windows - aplicando correcciones criticas
2025-08-26 12:28:41 | INFO     | rexus           | [STYLE] Aplicando correcciones criticas automaticas para tema oscuro
2025-08-26 12:28:41 | INFO     | rexus           | [STYLE] [ART] Aplicando tema oscuro mejorado
2025-08-26 12:28:41 | INFO     | rexus           | [STYLE] [WARNING] No se pudo obtener instancia de QApplication
2025-08-26 12:28:41 | INFO     | rexus           | [STYLE] Aplicando correcciones criticas automaticas para tema oscuro
2025-08-26 12:28:41 | INFO     | rexus           | [STYLE] [ART] Aplicando tema oscuro mejorado
2025-08-26 12:28:41 | INFO     | rexus           | [STYLE]  Aplicando correcciones críticas de contraste
2025-08-26 12:28:41 | INFO     | rexus           | [STYLE] [OK] Correcciones automáticas aplicadas exitosamente
2025-08-26 12:28:42 | INFO     | rexus.vidrios.model | Sistema unificado de sanitización cargado
2025-08-26 12:29:05 | INFO     | rexus           | Sistema de logging Rexus inicializado
2025-08-26 12:29:08 | INFO     | rexus           | [STYLE] Tema oscuro detectado en Windows - aplicando correcciones criticas
2025-08-26 12:29:08 | INFO     | rexus           | [STYLE] Aplicando correcciones criticas automaticas para tema oscuro
2025-08-26 12:29:08 | INFO     | rexus           | [STYLE] [ART] Aplicando tema oscuro mejorado
2025-08-26 12:29:08 | INFO     | rexus           | [STYLE] [WARNING] No se pudo obtener instancia de QApplication
2025-08-26 12:29:08 | INFO     | rexus           | [STYLE] Aplicando correcciones criticas automaticas para tema oscuro
2025-08-26 12:29:08 | INFO     | rexus           | [STYLE] [ART] Aplicando tema oscuro mejorado
2025-08-26 12:29:08 | INFO     | rexus           | [STYLE]  Aplicando correcciones críticas de contraste
2025-08-26 12:29:08 | INFO     | rexus           | [STYLE] [OK] Correcciones automáticas aplicadas exitosamente
2025-08-26 12:29:08 | INFO     | rexus.vidrios.model | Sistema unificado de sanitización cargado
2025-08-26 12:29:20 | INFO     | rexus           | Sistema de logging Rexus inicializado
2025-08-26 12:29:24 | INFO     | rexus           | [STYLE] Tema oscuro detectado en Windows - aplicando correcciones criticas
2025-08-26 12:29:24 | INFO     | rexus           | [STYLE] Aplicando correcciones criticas automaticas para tema oscuro
2025-08-26 12:29:24 | INFO     | rexus           | [STYLE] [ART] Aplicando tema oscuro mejorado
2025-08-26 12:29:24 | INFO     | rexus           | [STYLE] [WARNING] No se pudo obtener instancia de QApplication
2025-08-26 12:29:24 | INFO     | rexus           | [STYLE] Aplicando correcciones criticas automaticas para tema oscuro
2025-08-26 12:29:24 | INFO     | rexus           | [STYLE] [ART] Aplicando tema oscuro mejorado
2025-08-26 12:29:24 | INFO     | rexus           | [STYLE]  Aplicando correcciones críticas de contraste
2025-08-26 12:29:24 | INFO     | rexus           | [STYLE] [OK] Correcciones automáticas aplicadas exitosamente
2025-08-26 12:29:24 | INFO     | rexus.vidrios.model | Sistema unificado de sanitización cargado
2025-08-26 12:29:38 | INFO     | rexus           | Sistema de logging Rexus inicializado
2025-08-26 12:29:43 | INFO     | rexus           | [STYLE] Tema oscuro detectado en Windows - aplicando correcciones criticas
2025-08-26 12:29:43 | INFO     | rexus           | [STYLE] Aplicando correcciones criticas automaticas para tema oscuro
2025-08-26 12:29:43 | INFO     | rexus           | [STYLE] [ART] Aplicando tema oscuro mejorado
2025-08-26 12:29:43 | INFO     | rexus           | [STYLE] [WARNING] No se pudo obtener instancia de QApplication
2025-08-26 12:29:43 | INFO     | rexus           | [STYLE] Aplicando correcciones criticas automaticas para tema oscuro
2025-08-26 12:29:43 | INFO     | rexus           | [STYLE] [ART] Aplicando tema oscuro mejorado
2025-08-26 12:29:43 | INFO     | rexus           | [STYLE]  Aplicando correcciones críticas de contraste
2025-08-26 12:29:43 | INFO     | rexus           | [STYLE] [OK] Correcciones automáticas aplicadas exitosamente
2025-08-26 12:29:43 | INFO     | rexus.vidrios.model | Sistema unificado de sanitización cargado
2025-08-26 12:29:52 | INFO     | rexus           | Sistema de logging Rexus inicializado
2025-08-26 12:29:56 | INFO     | rexus           | [STYLE] Tema oscuro detectado en Windows - aplicando correcciones criticas
2025-08-26 12:29:56 | INFO     | rexus           | [STYLE] Aplicando correcciones criticas automaticas para tema oscuro
2025-08-26 12:29:56 | INFO     | rexus           | [STYLE] [ART] Aplicando tema oscuro mejorado
2025-08-26 12:29:56 | INFO     | rexus           | [STYLE] [WARNING] No se pudo obtener instancia de QApplication
2025-08-26 12:29:56 | INFO     | rexus           | [STYLE] Aplicando correcciones criticas automaticas para tema oscuro
2025-08-26 12:29:56 | INFO     | rexus           | [STYLE] [ART] Aplicando tema oscuro mejorado
2025-08-26 12:29:56 | INFO     | rexus           | [STYLE]  Aplicando correcciones críticas de contraste
2025-08-26 12:29:56 | INFO     | rexus           | [STYLE] [OK] Correcciones automáticas aplicadas exitosamente
2025-08-26 12:29:57 | INFO     | rexus.vidrios.model | Sistema unificado de sanitización cargado
2025-08-26 12:30:08 | INFO     | rexus           | Sistema de logging Rexus inicializado
2025-08-26 12:30:12 | INFO     | rexus           | [STYLE] Tema oscuro detectado en Windows - aplicando correcciones criticas
2025-08-26 12:30:12 | INFO     | rexus           | [STYLE] Aplicando correcciones criticas automaticas para tema oscuro
2025-08-26 12:30:12 | INFO     | rexus           | [STYLE] [ART] Aplicando tema oscuro mejorado
2025-08-26 12:30:12 | INFO     | rexus           | [STYLE] [WARNING] No se pudo obtener instancia de QApplication
2025-08-26 12:30:12 | INFO     | rexus           | [STYLE] Aplicando correcciones criticas automaticas para tema oscuro
2025-08-26 12:30:12 | INFO     | rexus           | [STYLE] [ART] Aplicando tema oscuro mejorado
2025-08-26 12:30:12 | INFO     | rexus           | [STYLE]  Aplicando correcciones críticas de contraste
2025-08-26 12:30:12 | INFO     | rexus           | [STYLE] [OK] Correcciones automáticas aplicadas exitosamente
2025-08-26 12:30:12 | INFO     | rexus.vidrios.model | Sistema unificado de sanitización cargado
2025-08-26 12:30:25 | INFO     | rexus           | Sistema de logging Rexus inicializado
2025-08-26 12:30:29 | INFO     | rexus           | [STYLE] Tema oscuro detectado en Windows - aplicando correcciones criticas
2025-08-26 12:30:29 | INFO     | rexus           | [STYLE] Aplicando correcciones criticas automaticas para tema oscuro
2025-08-26 12:30:29 | INFO     | rexus           | [STYLE] [ART] Aplicando tema oscuro mejorado
2025-08-26 12:30:29 | INFO     | rexus           | [STYLE] [WARNING] No se pudo obtener instancia de QApplication
2025-08-26 12:30:29 | INFO     | rexus           | [STYLE] Aplicando correcciones criticas automaticas para tema oscuro
2025-08-26 12:30:29 | INFO     | rexus           | [STYLE] [ART] Aplicando tema oscuro mejorado
2025-08-26 12:30:29 | INFO     | rexus           | [STYLE]  Aplicando correcciones críticas de contraste
2025-08-26 12:30:29 | INFO     | rexus           | [STYLE] [OK] Correcciones automáticas aplicadas exitosamente
2025-08-26 12:30:29 | INFO     | rexus.vidrios.model | Sistema unificado de sanitización cargado
2025-08-26 12:30:35 | INFO     | rexus           | Sistema de logging Rexus inicializado
2025-08-26 12:30:35 | INFO     | rexus           | Sistema de logging Rexus inicializado
2025-08-26 12:30:35 | WARNING  | rexus           | Submódulo contabilidad no disponible
2025-08-26 12:30:38 | INFO     | rexus           | [STYLE] Tema oscuro detectado en Windows - aplicando correcciones criticas
2025-08-26 12:30:38 | INFO     | rexus           | [STYLE] Aplicando correcciones criticas automaticas para tema oscuro
2025-08-26 12:30:38 | INFO     | rexus           | [STYLE] [ART] Aplicando tema oscuro mejorado
2025-08-26 12:30:38 | INFO     | rexus           | [STYLE] [WARNING] No se pudo obtener instancia de QApplication
2025-08-26 12:30:38 | INFO     | rexus           | [STYLE] Aplicando correcciones criticas automaticas para tema oscuro
2025-08-26 12:30:38 | INFO     | rexus           | [STYLE] [ART] Aplicando tema oscuro mejorado
2025-08-26 12:30:38 | INFO     | rexus           | [STYLE]  Aplicando correcciones críticas de contraste
2025-08-26 12:30:38 | INFO     | rexus           | [STYLE] [OK] Correcciones automáticas aplicadas exitosamente
2025-08-26 12:30:39 | INFO     | rexus.vidrios.model | Sistema unificado de sanitización cargado
2025-08-26 12:31:04 | INFO     | rexus           | Sistema de logging Rexus inicializado
2025-08-26 12:31:07 | INFO     | rexus           | [STYLE] Tema oscuro detectado en Windows - aplicando correcciones criticas
2025-08-26 12:31:07 | INFO     | rexus           | [STYLE] Aplicando correcciones criticas automaticas para tema oscuro
2025-08-26 12:31:07 | INFO     | rexus           | [STYLE] [ART] Aplicando tema oscuro mejorado
2025-08-26 12:31:07 | INFO     | rexus           | [STYLE] [WARNING] No se pudo obtener instancia de QApplication
2025-08-26 12:31:07 | INFO     | rexus           | [STYLE] Aplicando correcciones criticas automaticas para tema oscuro
2025-08-26 12:31:07 | INFO     | rexus           | [STYLE] [ART] Aplicando tema oscuro mejorado
2025-08-26 12:31:07 | INFO     | rexus           | [STYLE]  Aplicando correcciones críticas de contraste
2025-08-26 12:31:07 | INFO     | rexus           | [STYLE] [OK] Correcciones automáticas aplicadas exitosamente
2025-08-26 12:31:07 | INFO     | rexus.vidrios.model | Sistema unificado de sanitización cargado
2025-08-26 12:31:25 | INFO     | rexus           | Sistema de logging Rexus inicializado
2025-08-26 12:31:29 | INFO     | rexus           | [STYLE] Tema oscuro detectado en Windows - aplicando correcciones criticas
2025-08-26 12:31:29 | INFO     | rexus           | [STYLE] Aplicando correcciones criticas automaticas para tema oscuro
2025-08-26 12:31:29 | INFO     | rexus           | [STYLE] [ART] Aplicando tema oscuro mejorado
2025-08-26 12:31:29 | INFO     | rexus           | [STYLE] [WARNING] No se pudo obtener instancia de QApplication
2025-08-26 12:31:29 | INFO     | rexus           | [STYLE] Aplicando correcciones criticas automaticas para tema oscuro
2025-08-26 12:31:29 | INFO     | rexus           | [STYLE] [ART] Aplicando tema oscuro mejorado
2025-08-26 12:31:29 | INFO     | rexus           | [STYLE]  Aplicando correcciones críticas de contraste
2025-08-26 12:31:29 | INFO     | rexus           | [STYLE] [OK] Correcciones automáticas aplicadas exitosamente
2025-08-26 12:31:29 | INFO     | rexus.vidrios.model | Sistema unificado de sanitización cargado
2025-08-26 12:31:36 | INFO     | rexus           | Sistema de logging Rexus inicializado
2025-08-26 12:31:40 | INFO     | rexus           | [STYLE] Tema oscuro detectado en Windows - aplicando correcciones criticas
2025-08-26 12:31:40 | INFO     | rexus           | [STYLE] Aplicando correcciones criticas automaticas para tema oscuro
2025-08-26 12:31:40 | INFO     | rexus           | [STYLE] [ART] Aplicando tema oscuro mejorado
2025-08-26 12:31:40 | INFO     | rexus           | [STYLE] [WARNING] No se pudo obtener instancia de QApplication
2025-08-26 12:31:40 | INFO     | rexus           | [STYLE] Aplicando correcciones criticas automaticas para tema oscuro
2025-08-26 12:31:40 | INFO     | rexus           | [STYLE] [ART] Aplicando tema oscuro mejorado
2025-08-26 12:31:40 | INFO     | rexus           | [STYLE]  Aplicando correcciones críticas de contraste
2025-08-26 12:31:40 | INFO     | rexus           | [STYLE] [OK] Correcciones automáticas aplicadas exitosamente
2025-08-26 12:31:40 | INFO     | rexus.vidrios.model | Sistema unificado de sanitización cargado
2025-08-26 12:31:43 | INFO     | rexus           | Sistema de logging Rexus inicializado
2025-08-26 12:31:46 | INFO     | rexus           | [STYLE] Tema oscuro detectado en Windows - aplicando correcciones criticas
2025-08-26 12:31:46 | INFO     | rexus           | [STYLE] Aplicando correcciones criticas automaticas para tema oscuro
2025-08-26 12:31:46 | INFO     | rexus           | [STYLE] [ART] Aplicando tema oscuro mejorado
2025-08-26 12:31:46 | INFO     | rexus           | [STYLE] [WARNING] No se pudo obtener instancia de QApplication
2025-08-26 12:31:46 | INFO     | rexus           | [STYLE] Aplicando correcciones criticas automaticas para tema oscuro
2025-08-26 12:31:46 | INFO     | rexus           | [STYLE] [ART] Aplicando tema oscuro mejorado
2025-08-26 12:31:46 | INFO     | rexus           | [STYLE]  Aplicando correcciones críticas de contraste
2025-08-26 12:31:46 | INFO     | rexus           | [STYLE] [OK] Correcciones automáticas aplicadas exitosamente
2025-08-26 12:31:47 | INFO     | rexus.vidrios.model | Sistema unificado de sanitización cargado
2025-08-26 12:31:51 | INFO     | rexus           | Sistema de logging Rexus inicializado
2025-08-26 12:31:52 | INFO     | rexus           | Sistema de logging Rexus inicializado
2025-08-26 12:31:55 | INFO     | rexus           | [STYLE] Tema oscuro detectado en Windows - aplicando correcciones criticas
2025-08-26 12:31:55 | INFO     | rexus           | [STYLE] Aplicando correcciones criticas automaticas para tema oscuro
2025-08-26 12:31:55 | INFO     | rexus           | [STYLE] [ART] Aplicando tema oscuro mejorado
2025-08-26 12:31:55 | INFO     | rexus           | [STYLE] [WARNING] No se pudo obtener instancia de QApplication
2025-08-26 12:31:55 | INFO     | rexus           | [STYLE] Aplicando correcciones criticas automaticas para tema oscuro
2025-08-26 12:31:55 | INFO     | rexus           | [STYLE] [ART] Aplicando tema oscuro mejorado
2025-08-26 12:31:55 | INFO     | rexus           | [STYLE]  Aplicando correcciones críticas de contraste
2025-08-26 12:31:55 | INFO     | rexus           | [STYLE] [OK] Correcciones automáticas aplicadas exitosamente
2025-08-26 12:31:55 | INFO     | rexus.vidrios.model | Sistema unificado de sanitización cargado
2025-08-26 12:32:01 | INFO     | rexus           | Sistema de logging Rexus inicializado
2025-08-26 12:32:04 | INFO     | rexus           | [STYLE] Tema oscuro detectado en Windows - aplicando correcciones criticas
2025-08-26 12:32:04 | INFO     | rexus           | [STYLE] Aplicando correcciones criticas automaticas para tema oscuro
2025-08-26 12:32:04 | INFO     | rexus           | [STYLE] [ART] Aplicando tema oscuro mejorado
2025-08-26 12:32:04 | INFO     | rexus           | [STYLE] [WARNING] No se pudo obtener instancia de QApplication
2025-08-26 12:32:04 | INFO     | rexus           | [STYLE] Aplicando correcciones criticas automaticas para tema oscuro
2025-08-26 12:32:04 | INFO     | rexus           | [STYLE] [ART] Aplicando tema oscuro mejorado
2025-08-26 12:32:04 | INFO     | rexus           | [STYLE]  Aplicando correcciones críticas de contraste
2025-08-26 12:32:04 | INFO     | rexus           | [STYLE] [OK] Correcciones automáticas aplicadas exitosamente
2025-08-26 12:32:05 | INFO     | rexus.vidrios.model | Sistema unificado de sanitización cargado
2025-08-26 12:32:11 | INFO     | rexus           | Sistema de logging Rexus inicializado
2025-08-26 12:32:11 | INFO     | rexus           | Sistema de logging Rexus inicializado
2025-08-26 12:32:15 | INFO     | rexus           | [STYLE] Tema oscuro detectado en Windows - aplicando correcciones criticas
2025-08-26 12:32:15 | INFO     | rexus           | [STYLE] Aplicando correcciones criticas automaticas para tema oscuro
2025-08-26 12:32:15 | INFO     | rexus           | [STYLE] [ART] Aplicando tema oscuro mejorado
2025-08-26 12:32:15 | INFO     | rexus           | [STYLE] [WARNING] No se pudo obtener instancia de QApplication
2025-08-26 12:32:15 | INFO     | rexus           | [STYLE] Aplicando correcciones criticas automaticas para tema oscuro
2025-08-26 12:32:15 | INFO     | rexus           | [STYLE] [ART] Aplicando tema oscuro mejorado
2025-08-26 12:32:15 | INFO     | rexus           | [STYLE]  Aplicando correcciones críticas de contraste
2025-08-26 12:32:15 | INFO     | rexus           | [STYLE] [OK] Correcciones automáticas aplicadas exitosamente
2025-08-26 12:32:15 | INFO     | rexus.vidrios.model | Sistema unificado de sanitización cargado
2025-08-26 12:34:02 | INFO     | rexus           | Sistema de logging Rexus inicializado
2025-08-26 12:34:06 | INFO     | rexus           | [STYLE] Tema oscuro detectado en Windows - aplicando correcciones criticas
2025-08-26 12:34:06 | INFO     | rexus           | [STYLE] Aplicando correcciones criticas automaticas para tema oscuro
2025-08-26 12:34:06 | INFO     | rexus           | [STYLE] [ART] Aplicando tema oscuro mejorado
2025-08-26 12:34:06 | INFO     | rexus           | [STYLE] [WARNING] No se pudo obtener instancia de QApplication
2025-08-26 12:34:06 | INFO     | rexus           | [STYLE] Aplicando correcciones criticas automaticas para tema oscuro
2025-08-26 12:34:06 | INFO     | rexus           | [STYLE] [ART] Aplicando tema oscuro mejorado
2025-08-26 12:34:06 | INFO     | rexus           | [STYLE]  Aplicando correcciones críticas de contraste
2025-08-26 12:34:06 | INFO     | rexus           | [STYLE] [OK] Correcciones automáticas aplicadas exitosamente
2025-08-26 12:34:06 | INFO     | rexus.vidrios.model | Sistema unificado de sanitización cargado
2025-08-26 12:35:05 | INFO     | rexus           | Sistema de logging Rexus inicializado
2025-08-26 12:35:07 | INFO     | rexus           | Sistema de logging Rexus inicializado
2025-08-26 12:35:08 | INFO     | rexus           | [STYLE] Tema oscuro detectado en Windows - aplicando correcciones criticas
2025-08-26 12:35:08 | INFO     | rexus           | [STYLE] Aplicando correcciones criticas automaticas para tema oscuro
2025-08-26 12:35:08 | INFO     | rexus           | [STYLE] [ART] Aplicando tema oscuro mejorado
2025-08-26 12:35:08 | INFO     | rexus           | [STYLE] [WARNING] No se pudo obtener instancia de QApplication
2025-08-26 12:35:08 | INFO     | rexus           | [STYLE] Aplicando correcciones criticas automaticas para tema oscuro
2025-08-26 12:35:08 | INFO     | rexus           | [STYLE] [ART] Aplicando tema oscuro mejorado
2025-08-26 12:35:08 | INFO     | rexus           | [STYLE]  Aplicando correcciones críticas de contraste
2025-08-26 12:35:08 | INFO     | rexus           | [STYLE] [OK] Correcciones automáticas aplicadas exitosamente
2025-08-26 12:35:08 | INFO     | rexus.vidrios.model | Sistema unificado de sanitización cargado
2025-08-26 12:35:24 | INFO     | rexus           | Sistema de logging Rexus inicializado
2025-08-26 12:35:27 | INFO     | rexus           | [STYLE] Tema oscuro detectado en Windows - aplicando correcciones criticas
2025-08-26 12:35:27 | INFO     | rexus           | [STYLE] Aplicando correcciones criticas automaticas para tema oscuro
2025-08-26 12:35:27 | INFO     | rexus           | [STYLE] [ART] Aplicando tema oscuro mejorado
2025-08-26 12:35:27 | INFO     | rexus           | [STYLE] [WARNING] No se pudo obtener instancia de QApplication
2025-08-26 12:35:27 | INFO     | rexus           | [STYLE] Aplicando correcciones criticas automaticas para tema oscuro
2025-08-26 12:35:27 | INFO     | rexus           | [STYLE] [ART] Aplicando tema oscuro mejorado
2025-08-26 12:35:27 | INFO     | rexus           | [STYLE]  Aplicando correcciones críticas de contraste
2025-08-26 12:35:27 | INFO     | rexus           | [STYLE] [OK] Correcciones automáticas aplicadas exitosamente
2025-08-26 12:35:27 | INFO     | rexus.vidrios.model | Sistema unificado de sanitización cargado
2025-08-26 12:35:35 | INFO     | rexus           | Sistema de logging Rexus inicializado
2025-08-26 12:35:38 | INFO     | rexus           | [STYLE] Tema oscuro detectado en Windows - aplicando correcciones criticas
2025-08-26 12:35:38 | INFO     | rexus           | [STYLE] Aplicando correcciones criticas automaticas para tema oscuro
2025-08-26 12:35:38 | INFO     | rexus           | [STYLE] [ART] Aplicando tema oscuro mejorado
2025-08-26 12:35:38 | INFO     | rexus           | [STYLE] [WARNING] No se pudo obtener instancia de QApplication
2025-08-26 12:35:38 | INFO     | rexus           | [STYLE] Aplicando correcciones criticas automaticas para tema oscuro
2025-08-26 12:35:38 | INFO     | rexus           | [STYLE] [ART] Aplicando tema oscuro mejorado
2025-08-26 12:35:38 | INFO     | rexus           | [STYLE]  Aplicando correcciones críticas de contraste
2025-08-26 12:35:38 | INFO     | rexus           | [STYLE] [OK] Correcciones automáticas aplicadas exitosamente
2025-08-26 12:35:38 | INFO     | rexus.vidrios.model | Sistema unificado de sanitización cargado
2025-08-26 12:35:48 | INFO     | rexus           | Sistema de logging Rexus inicializado
2025-08-26 12:35:51 | INFO     | rexus           | [STYLE] Tema oscuro detectado en Windows - aplicando correcciones criticas
2025-08-26 12:35:51 | INFO     | rexus           | [STYLE] Aplicando correcciones criticas automaticas para tema oscuro
2025-08-26 12:35:51 | INFO     | rexus           | [STYLE] [ART] Aplicando tema oscuro mejorado
2025-08-26 12:35:51 | INFO     | rexus           | [STYLE] [WARNING] No se pudo obtener instancia de QApplication
2025-08-26 12:35:51 | INFO     | rexus           | [STYLE] Aplicando correcciones criticas automaticas para tema oscuro
2025-08-26 12:35:51 | INFO     | rexus           | [STYLE] [ART] Aplicando tema oscuro mejorado
2025-08-26 12:35:51 | INFO     | rexus           | [STYLE]  Aplicando correcciones críticas de contraste
2025-08-26 12:35:51 | INFO     | rexus           | [STYLE] [OK] Correcciones automáticas aplicadas exitosamente
2025-08-26 12:35:52 | INFO     | rexus.vidrios.model | Sistema unificado de sanitización cargado
2025-08-26 12:35:56 | INFO     | rexus           | Sistema de logging Rexus inicializado
2025-08-26 12:35:57 | INFO     | rexus           | Sistema de logging Rexus inicializado
2025-08-26 12:36:00 | INFO     | rexus           | [STYLE] Tema oscuro detectado en Windows - aplicando correcciones criticas
2025-08-26 12:36:00 | INFO     | rexus           | [STYLE] Aplicando correcciones criticas automaticas para tema oscuro
2025-08-26 12:36:00 | INFO     | rexus           | [STYLE] [ART] Aplicando tema oscuro mejorado
2025-08-26 12:36:00 | INFO     | rexus           | [STYLE] [WARNING] No se pudo obtener instancia de QApplication
2025-08-26 12:36:00 | INFO     | rexus           | [STYLE] Aplicando correcciones criticas automaticas para tema oscuro
2025-08-26 12:36:00 | INFO     | rexus           | [STYLE] [ART] Aplicando tema oscuro mejorado
2025-08-26 12:36:00 | INFO     | rexus           | [STYLE]  Aplicando correcciones críticas de contraste
2025-08-26 12:36:00 | INFO     | rexus           | [STYLE] [OK] Correcciones automáticas aplicadas exitosamente
2025-08-26 12:36:00 | INFO     | rexus.vidrios.model | Sistema unificado de sanitización cargado
2025-08-26 12:36:07 | INFO     | rexus           | Sistema de logging Rexus inicializado
2025-08-26 12:36:08 | INFO     | rexus.modules.inventario.submodules | [SUBMODULOS INVENTARIO] __init__.py cargado (managers temporalmente deshabilitados)
2025-08-26 12:36:13 | INFO     | rexus           | [STYLE] Tema oscuro detectado en Windows - aplicando correcciones criticas
2025-08-26 12:36:13 | INFO     | rexus           | [STYLE] Aplicando correcciones criticas automaticas para tema oscuro
2025-08-26 12:36:13 | INFO     | rexus           | [STYLE] [ART] Aplicando tema oscuro mejorado
2025-08-26 12:36:13 | INFO     | rexus           | [STYLE] [WARNING] No se pudo obtener instancia de QApplication
2025-08-26 12:36:13 | INFO     | rexus           | [STYLE] Aplicando correcciones criticas automaticas para tema oscuro
2025-08-26 12:36:13 | INFO     | rexus           | [STYLE] [ART] Aplicando tema oscuro mejorado
2025-08-26 12:36:13 | INFO     | rexus           | [STYLE]  Aplicando correcciones críticas de contraste
2025-08-26 12:36:13 | INFO     | rexus           | [STYLE] [OK] Correcciones automáticas aplicadas exitosamente
2025-08-26 12:36:13 | INFO     | rexus.vidrios.model | Sistema unificado de sanitización cargado
2025-08-26 12:36:22 | INFO     | rexus           | Sistema de logging Rexus inicializado
2025-08-26 12:36:24 | INFO     | rexus.inventario.model | Submódulos especializados cargados
2025-08-26 12:36:24 | INFO     | rexus.modules.inventario.submodules | [SUBMODULOS INVENTARIO] __init__.py cargado (managers temporalmente deshabilitados)
2025-08-26 12:36:28 | INFO     | rexus           | Sistema de logging Rexus inicializado
2025-08-26 12:36:28 | INFO     | rexus.inventario.model | Submódulos especializados cargados
2025-08-26 12:36:28 | INFO     | rexus.modules.inventario.submodules | [SUBMODULOS INVENTARIO] __init__.py cargado (managers temporalmente deshabilitados)
2025-08-26 12:36:29 | INFO     | rexus           | [STYLE] Tema oscuro detectado en Windows - aplicando correcciones criticas
2025-08-26 12:36:29 | INFO     | rexus           | [STYLE] Aplicando correcciones criticas automaticas para tema oscuro
2025-08-26 12:36:29 | INFO     | rexus           | [STYLE] [ART] Aplicando tema oscuro mejorado
2025-08-26 12:36:29 | INFO     | rexus           | [STYLE] [WARNING] No se pudo obtener instancia de QApplication
2025-08-26 12:36:29 | INFO     | rexus           | [STYLE] Aplicando correcciones criticas automaticas para tema oscuro
2025-08-26 12:36:29 | INFO     | rexus           | [STYLE] [ART] Aplicando tema oscuro mejorado
2025-08-26 12:36:29 | INFO     | rexus           | [STYLE]  Aplicando correcciones críticas de contraste
2025-08-26 12:36:29 | INFO     | rexus           | [STYLE] [OK] Correcciones automáticas aplicadas exitosamente
2025-08-26 12:36:29 | INFO     | rexus.vidrios.model | Sistema unificado de sanitización cargado
2025-08-26 12:36:42 | INFO     | rexus           | Sistema de logging Rexus inicializado
2025-08-26 12:36:43 | INFO     | rexus.inventario.model | Submódulos especializados cargados
2025-08-26 12:36:43 | INFO     | rexus           | [STYLE] Tema oscuro detectado en Windows - aplicando correcciones criticas
2025-08-26 12:36:43 | INFO     | rexus           | [STYLE] Aplicando correcciones criticas automaticas para tema oscuro
2025-08-26 12:36:43 | INFO     | rexus           | [STYLE] [ART] Aplicando tema oscuro mejorado
2025-08-26 12:36:43 | INFO     | rexus           | [STYLE] [WARNING] No se pudo obtener instancia de QApplication
2025-08-26 12:36:43 | INFO     | rexus           | [STYLE] Aplicando correcciones criticas automaticas para tema oscuro
2025-08-26 12:36:43 | INFO     | rexus           | [STYLE] [ART] Aplicando tema oscuro mejorado
2025-08-26 12:36:43 | INFO     | rexus           | [STYLE]  Aplicando correcciones críticas de contraste
2025-08-26 12:36:43 | INFO     | rexus           | [STYLE] [OK] Correcciones automáticas aplicadas exitosamente
2025-08-26 12:36:43 | INFO     | rexus.vidrios.model | Sistema unificado de sanitización cargado
2025-08-26 12:36:43 | INFO     | rexus.modules.inventario.submodules | [SUBMODULOS INVENTARIO] __init__.py cargado (managers temporalmente deshabilitados)
2025-08-26 12:36:51 | INFO     | rexus           | Sistema de logging Rexus inicializado
2025-08-26 12:36:53 | INFO     | rexus.inventario.model | Submódulos especializados cargados
2025-08-26 12:36:53 | INFO     | rexus           | [STYLE] Tema oscuro detectado en Windows - aplicando correcciones criticas
2025-08-26 12:36:53 | INFO     | rexus           | [STYLE] Aplicando correcciones criticas automaticas para tema oscuro
2025-08-26 12:36:53 | INFO     | rexus           | [STYLE] [ART] Aplicando tema oscuro mejorado
2025-08-26 12:36:53 | INFO     | rexus           | [STYLE] [WARNING] No se pudo obtener instancia de QApplication
2025-08-26 12:36:53 | INFO     | rexus           | [STYLE] Aplicando correcciones criticas automaticas para tema oscuro
2025-08-26 12:36:53 | INFO     | rexus           | [STYLE] [ART] Aplicando tema oscuro mejorado
2025-08-26 12:36:53 | INFO     | rexus           | [STYLE]  Aplicando correcciones críticas de contraste
2025-08-26 12:36:53 | INFO     | rexus           | [STYLE] [OK] Correcciones automáticas aplicadas exitosamente
2025-08-26 12:36:53 | INFO     | rexus.vidrios.model | Sistema unificado de sanitización cargado
2025-08-26 12:36:55 | INFO     | rexus.modules.inventario.submodules | [SUBMODULOS INVENTARIO] __init__.py cargado (managers temporalmente deshabilitados)
2025-08-26 12:37:05 | INFO     | rexus           | Sistema de logging Rexus inicializado
2025-08-26 12:37:05 | INFO     | rexus.inventario.model | Submódulos especializados cargados
2025-08-26 12:37:11 | INFO     | rexus           | Sistema de logging Rexus inicializado
2025-08-26 12:37:11 | WARNING  | rexus           | Submódulo contabilidad no disponible
2025-08-26 12:37:25 | INFO     | rexus           | Sistema de logging Rexus inicializado
2025-08-26 12:37:26 | INFO     | rexus.inventario.model | Submódulos especializados cargados
2025-08-26 12:37:26 | INFO     | rexus           | [STYLE] Tema oscuro detectado en Windows - aplicando correcciones criticas
2025-08-26 12:37:26 | INFO     | rexus           | [STYLE] Aplicando correcciones criticas automaticas para tema oscuro
2025-08-26 12:37:26 | INFO     | rexus           | [STYLE] [ART] Aplicando tema oscuro mejorado
2025-08-26 12:37:26 | INFO     | rexus           | [STYLE] [WARNING] No se pudo obtener instancia de QApplication
2025-08-26 12:37:26 | INFO     | rexus           | [STYLE] Aplicando correcciones criticas automaticas para tema oscuro
2025-08-26 12:37:26 | INFO     | rexus           | [STYLE] [ART] Aplicando tema oscuro mejorado
2025-08-26 12:37:26 | INFO     | rexus           | [STYLE]  Aplicando correcciones críticas de contraste
2025-08-26 12:37:26 | INFO     | rexus           | [STYLE] [OK] Correcciones automáticas aplicadas exitosamente
2025-08-26 12:37:26 | INFO     | rexus.vidrios.model | Sistema unificado de sanitización cargado
2025-08-26 12:37:27 | INFO     | rexus.modules.inventario.submodules | [SUBMODULOS INVENTARIO] __init__.py cargado (managers temporalmente deshabilitados)
2025-08-26 12:37:42 | INFO     | rexus           | Sistema de logging Rexus inicializado
2025-08-26 12:37:42 | INFO     | rexus.inventario.model | Submódulos especializados cargados
2025-08-26 12:37:42 | INFO     | rexus           | [STYLE] Tema oscuro detectado en Windows - aplicando correcciones criticas
2025-08-26 12:37:42 | INFO     | rexus           | [STYLE] Aplicando correcciones criticas automaticas para tema oscuro
2025-08-26 12:37:42 | INFO     | rexus           | [STYLE] [ART] Aplicando tema oscuro mejorado
2025-08-26 12:37:42 | INFO     | rexus           | [STYLE] [WARNING] No se pudo obtener instancia de QApplication
2025-08-26 12:37:42 | INFO     | rexus           | [STYLE] Aplicando correcciones criticas automaticas para tema oscuro
2025-08-26 12:37:42 | INFO     | rexus           | [STYLE] [ART] Aplicando tema oscuro mejorado
2025-08-26 12:37:42 | INFO     | rexus           | [STYLE]  Aplicando correcciones críticas de contraste
2025-08-26 12:37:42 | INFO     | rexus           | [STYLE] [OK] Correcciones automáticas aplicadas exitosamente
2025-08-26 12:37:42 | INFO     | rexus.vidrios.model | Sistema unificado de sanitización cargado
2025-08-26 12:37:43 | INFO     | rexus.modules.inventario.submodules | [SUBMODULOS INVENTARIO] __init__.py cargado (managers temporalmente deshabilitados)
2025-08-26 12:37:56 | INFO     | rexus           | Sistema de logging Rexus inicializado
2025-08-26 12:37:57 | INFO     | rexus.inventario.model | Submódulos especializados cargados
2025-08-26 12:37:57 | INFO     | rexus           | [STYLE] Tema oscuro detectado en Windows - aplicando correcciones criticas
2025-08-26 12:37:57 | INFO     | rexus           | [STYLE] Aplicando correcciones criticas automaticas para tema oscuro
2025-08-26 12:37:57 | INFO     | rexus           | [STYLE] [ART] Aplicando tema oscuro mejorado
2025-08-26 12:37:57 | INFO     | rexus           | [STYLE] [WARNING] No se pudo obtener instancia de QApplication
2025-08-26 12:37:57 | INFO     | rexus           | [STYLE] Aplicando correcciones criticas automaticas para tema oscuro
2025-08-26 12:37:57 | INFO     | rexus           | [STYLE] [ART] Aplicando tema oscuro mejorado
2025-08-26 12:37:57 | INFO     | rexus           | [STYLE]  Aplicando correcciones críticas de contraste
2025-08-26 12:37:57 | INFO     | rexus           | [STYLE] [OK] Correcciones automáticas aplicadas exitosamente
2025-08-26 12:37:57 | INFO     | rexus.vidrios.model | Sistema unificado de sanitización cargado
2025-08-26 12:37:57 | INFO     | rexus.modules.inventario.submodules | [SUBMODULOS INVENTARIO] __init__.py cargado (managers temporalmente deshabilitados)
2025-08-26 12:38:16 | INFO     | rexus           | Sistema de logging Rexus inicializado
2025-08-26 12:38:16 | INFO     | rexus.inventario.model | Submódulos especializados cargados
2025-08-26 12:38:17 | INFO     | rexus           | [STYLE] Tema oscuro detectado en Windows - aplicando correcciones criticas
2025-08-26 12:38:17 | INFO     | rexus           | [STYLE] Aplicando correcciones criticas automaticas para tema oscuro
2025-08-26 12:38:17 | INFO     | rexus           | [STYLE] [ART] Aplicando tema oscuro mejorado
2025-08-26 12:38:17 | INFO     | rexus           | [STYLE] [WARNING] No se pudo obtener instancia de QApplication
2025-08-26 12:38:17 | INFO     | rexus           | [STYLE] Aplicando correcciones criticas automaticas para tema oscuro
2025-08-26 12:38:17 | INFO     | rexus           | [STYLE] [ART] Aplicando tema oscuro mejorado
2025-08-26 12:38:17 | INFO     | rexus           | [STYLE]  Aplicando correcciones críticas de contraste
2025-08-26 12:38:17 | INFO     | rexus           | [STYLE] [OK] Correcciones automáticas aplicadas exitosamente
2025-08-26 12:38:17 | INFO     | rexus.vidrios.model | Sistema unificado de sanitización cargado
2025-08-26 12:38:17 | INFO     | rexus.modules.inventario.submodules | [SUBMODULOS INVENTARIO] __init__.py cargado (managers temporalmente deshabilitados)
2025-08-26 12:38:36 | INFO     | rexus           | Sistema de logging Rexus inicializado
2025-08-26 12:38:37 | INFO     | rexus.inventario.model | Submódulos especializados cargados
2025-08-26 12:38:37 | INFO     | rexus           | [STYLE] Tema oscuro detectado en Windows - aplicando correcciones criticas
2025-08-26 12:38:37 | INFO     | rexus           | [STYLE] Aplicando correcciones criticas automaticas para tema oscuro
2025-08-26 12:38:37 | INFO     | rexus           | [STYLE] [ART] Aplicando tema oscuro mejorado
2025-08-26 12:38:37 | INFO     | rexus           | [STYLE] [WARNING] No se pudo obtener instancia de QApplication
2025-08-26 12:38:37 | INFO     | rexus           | [STYLE] Aplicando correcciones criticas automaticas para tema oscuro
2025-08-26 12:38:37 | INFO     | rexus           | [STYLE] [ART] Aplicando tema oscuro mejorado
2025-08-26 12:38:37 | INFO     | rexus           | [STYLE]  Aplicando correcciones críticas de contraste
2025-08-26 12:38:37 | INFO     | rexus           | [STYLE] [OK] Correcciones automáticas aplicadas exitosamente
2025-08-26 12:38:37 | INFO     | rexus.vidrios.model | Sistema unificado de sanitización cargado
2025-08-26 12:38:37 | INFO     | rexus.modules.inventario.submodules | [SUBMODULOS INVENTARIO] __init__.py cargado (managers temporalmente deshabilitados)
2025-08-26 12:38:43 | INFO     | rexus           | Sistema de logging Rexus inicializado
2025-08-26 12:38:43 | WARNING  | rexus           | Submódulo contabilidad no disponible
2025-08-26 12:38:43 | INFO     | rexus           | Sistema de logging Rexus inicializado
2025-08-26 12:38:44 | INFO     | rexus.inventario.model | Submódulos especializados cargados
2025-08-26 12:38:44 | INFO     | rexus           | [STYLE] Tema oscuro detectado en Windows - aplicando correcciones criticas
2025-08-26 12:38:44 | INFO     | rexus           | [STYLE] Aplicando correcciones criticas automaticas para tema oscuro
2025-08-26 12:38:44 | INFO     | rexus           | [STYLE] [ART] Aplicando tema oscuro mejorado
2025-08-26 12:38:44 | INFO     | rexus           | [STYLE] [WARNING] No se pudo obtener instancia de QApplication
2025-08-26 12:38:44 | INFO     | rexus           | [STYLE] Aplicando correcciones criticas automaticas para tema oscuro
2025-08-26 12:38:44 | INFO     | rexus           | [STYLE] [ART] Aplicando tema oscuro mejorado
2025-08-26 12:38:44 | INFO     | rexus           | [STYLE]  Aplicando correcciones críticas de contraste
2025-08-26 12:38:44 | INFO     | rexus           | [STYLE] [OK] Correcciones automáticas aplicadas exitosamente
2025-08-26 12:38:44 | INFO     | rexus.vidrios.model | Sistema unificado de sanitización cargado
2025-08-26 12:38:45 | INFO     | rexus.modules.inventario.submodules | [SUBMODULOS INVENTARIO] __init__.py cargado (managers temporalmente deshabilitados)
2025-08-26 12:39:02 | INFO     | rexus           | Sistema de logging Rexus inicializado
2025-08-26 12:39:02 | INFO     | rexus.inventario.model | Submódulos especializados cargados
2025-08-26 12:39:02 | INFO     | rexus           | [STYLE] Tema oscuro detectado en Windows - aplicando correcciones criticas
2025-08-26 12:39:02 | INFO     | rexus           | [STYLE] Aplicando correcciones criticas automaticas para tema oscuro
2025-08-26 12:39:02 | INFO     | rexus           | [STYLE] [ART] Aplicando tema oscuro mejorado
2025-08-26 12:39:02 | INFO     | rexus           | [STYLE] [WARNING] No se pudo obtener instancia de QApplication
2025-08-26 12:39:02 | INFO     | rexus           | [STYLE] Aplicando correcciones criticas automaticas para tema oscuro
2025-08-26 12:39:02 | INFO     | rexus           | [STYLE] [ART] Aplicando tema oscuro mejorado
2025-08-26 12:39:02 | INFO     | rexus           | [STYLE]  Aplicando correcciones críticas de contraste
2025-08-26 12:39:02 | INFO     | rexus           | [STYLE] [OK] Correcciones automáticas aplicadas exitosamente
2025-08-26 12:39:02 | INFO     | rexus.vidrios.model | Sistema unificado de sanitización cargado
2025-08-26 12:39:03 | INFO     | rexus.modules.inventario.submodules | [SUBMODULOS INVENTARIO] __init__.py cargado (managers temporalmente deshabilitados)
2025-08-26 12:39:19 | INFO     | rexus           | Sistema de logging Rexus inicializado
2025-08-26 12:39:19 | INFO     | rexus.inventario.model | Submódulos especializados cargados
2025-08-26 12:39:19 | INFO     | rexus           | [STYLE] Tema oscuro detectado en Windows - aplicando correcciones criticas
2025-08-26 12:39:19 | INFO     | rexus           | [STYLE] Aplicando correcciones criticas automaticas para tema oscuro
2025-08-26 12:39:19 | INFO     | rexus           | [STYLE] [ART] Aplicando tema oscuro mejorado
2025-08-26 12:39:19 | INFO     | rexus           | [STYLE] [WARNING] No se pudo obtener instancia de QApplication
2025-08-26 12:39:19 | INFO     | rexus           | [STYLE] Aplicando correcciones criticas automaticas para tema oscuro
2025-08-26 12:39:19 | INFO     | rexus           | [STYLE] [ART] Aplicando tema oscuro mejorado
2025-08-26 12:39:19 | INFO     | rexus           | [STYLE]  Aplicando correcciones críticas de contraste
2025-08-26 12:39:19 | INFO     | rexus           | [STYLE] [OK] Correcciones automáticas aplicadas exitosamente
2025-08-26 12:39:19 | INFO     | rexus.vidrios.model | Sistema unificado de sanitización cargado
2025-08-26 12:39:20 | INFO     | rexus.modules.inventario.submodules | [SUBMODULOS INVENTARIO] __init__.py cargado (managers temporalmente deshabilitados)
2025-08-26 12:39:39 | INFO     | rexus           | Sistema de logging Rexus inicializado
2025-08-26 12:39:40 | INFO     | rexus           | Sistema de logging Rexus inicializado
2025-08-26 12:39:40 | WARNING  | rexus           | Submódulo contabilidad no disponible
2025-08-26 12:39:40 | INFO     | rexus.inventario.model | Submódulos especializados cargados
2025-08-26 12:39:40 | INFO     | rexus           | [STYLE] Tema oscuro detectado en Windows - aplicando correcciones criticas
2025-08-26 12:39:40 | INFO     | rexus           | [STYLE] Aplicando correcciones criticas automaticas para tema oscuro
2025-08-26 12:39:40 | INFO     | rexus           | [STYLE] [ART] Aplicando tema oscuro mejorado
2025-08-26 12:39:40 | INFO     | rexus           | [STYLE] [WARNING] No se pudo obtener instancia de QApplication
2025-08-26 12:39:40 | INFO     | rexus           | [STYLE] Aplicando correcciones criticas automaticas para tema oscuro
2025-08-26 12:39:40 | INFO     | rexus           | [STYLE] [ART] Aplicando tema oscuro mejorado
2025-08-26 12:39:40 | INFO     | rexus           | [STYLE]  Aplicando correcciones críticas de contraste
2025-08-26 12:39:40 | INFO     | rexus           | [STYLE] [OK] Correcciones automáticas aplicadas exitosamente
2025-08-26 12:39:40 | INFO     | rexus.vidrios.model | Sistema unificado de sanitización cargado
2025-08-26 12:39:41 | INFO     | rexus.modules.inventario.submodules | [SUBMODULOS INVENTARIO] __init__.py cargado (managers temporalmente deshabilitados)
2025-08-26 12:39:55 | INFO     | rexus           | Sistema de logging Rexus inicializado
2025-08-26 12:39:56 | INFO     | rexus.inventario.model | Submódulos especializados cargados
2025-08-26 12:39:56 | INFO     | rexus           | [STYLE] Tema oscuro detectado en Windows - aplicando correcciones criticas
2025-08-26 12:39:56 | INFO     | rexus           | [STYLE] Aplicando correcciones criticas automaticas para tema oscuro
2025-08-26 12:39:56 | INFO     | rexus           | [STYLE] [ART] Aplicando tema oscuro mejorado
2025-08-26 12:39:56 | INFO     | rexus           | [STYLE] [WARNING] No se pudo obtener instancia de QApplication
2025-08-26 12:39:56 | INFO     | rexus           | [STYLE] Aplicando correcciones criticas automaticas para tema oscuro
2025-08-26 12:39:56 | INFO     | rexus           | [STYLE] [ART] Aplicando tema oscuro mejorado
2025-08-26 12:39:56 | INFO     | rexus           | [STYLE]  Aplicando correcciones críticas de contraste
2025-08-26 12:39:56 | INFO     | rexus           | [STYLE] [OK] Correcciones automáticas aplicadas exitosamente
2025-08-26 12:39:56 | INFO     | rexus.vidrios.model | Sistema unificado de sanitización cargado
2025-08-26 12:39:57 | INFO     | rexus.modules.inventario.submodules | [SUBMODULOS INVENTARIO] __init__.py cargado (managers temporalmente deshabilitados)
2025-08-26 12:40:07 | INFO     | rexus           | Sistema de logging Rexus inicializado
2025-08-26 12:40:08 | INFO     | rexus.inventario.model | Submódulos especializados cargados
2025-08-26 12:40:08 | INFO     | rexus           | [STYLE] Tema oscuro detectado en Windows - aplicando correcciones criticas
2025-08-26 12:40:08 | INFO     | rexus           | [STYLE] Aplicando correcciones criticas automaticas para tema oscuro
2025-08-26 12:40:08 | INFO     | rexus           | [STYLE] [ART] Aplicando tema oscuro mejorado
2025-08-26 12:40:08 | INFO     | rexus           | [STYLE] [WARNING] No se pudo obtener instancia de QApplication
2025-08-26 12:40:08 | INFO     | rexus           | [STYLE] Aplicando correcciones criticas automaticas para tema oscuro
2025-08-26 12:40:08 | INFO     | rexus           | [STYLE] [ART] Aplicando tema oscuro mejorado
2025-08-26 12:40:08 | INFO     | rexus           | [STYLE]  Aplicando correcciones críticas de contraste
2025-08-26 12:40:08 | INFO     | rexus           | [STYLE] [OK] Correcciones automáticas aplicadas exitosamente
2025-08-26 12:40:08 | INFO     | rexus.vidrios.model | Sistema unificado de sanitización cargado
2025-08-26 12:40:08 | INFO     | rexus.modules.inventario.submodules | [SUBMODULOS INVENTARIO] __init__.py cargado (managers temporalmente deshabilitados)
2025-08-26 12:40:16 | INFO     | rexus           | Sistema de logging Rexus inicializado
2025-08-26 12:40:16 | WARNING  | rexus           | Submódulo contabilidad no disponible
2025-08-26 12:40:16 | INFO     | rexus           | Sistema de logging Rexus inicializado
2025-08-26 12:40:17 | INFO     | rexus.inventario.model | Submódulos especializados cargados
2025-08-26 12:40:17 | INFO     | rexus           | [STYLE] Tema oscuro detectado en Windows - aplicando correcciones criticas
2025-08-26 12:40:17 | INFO     | rexus           | [STYLE] Aplicando correcciones criticas automaticas para tema oscuro
2025-08-26 12:40:17 | INFO     | rexus           | [STYLE] [ART] Aplicando tema oscuro mejorado
2025-08-26 12:40:17 | INFO     | rexus           | [STYLE] [WARNING] No se pudo obtener instancia de QApplication
2025-08-26 12:40:17 | INFO     | rexus           | [STYLE] Aplicando correcciones criticas automaticas para tema oscuro
2025-08-26 12:40:17 | INFO     | rexus           | [STYLE] [ART] Aplicando tema oscuro mejorado
2025-08-26 12:40:17 | INFO     | rexus           | [STYLE]  Aplicando correcciones críticas de contraste
2025-08-26 12:40:17 | INFO     | rexus           | [STYLE] [OK] Correcciones automáticas aplicadas exitosamente
2025-08-26 12:40:17 | INFO     | rexus.vidrios.model | Sistema unificado de sanitización cargado
2025-08-26 12:40:18 | INFO     | rexus.modules.inventario.submodules | [SUBMODULOS INVENTARIO] __init__.py cargado (managers temporalmente deshabilitados)
2025-08-26 12:40:30 | INFO     | rexus           | Sistema de logging Rexus inicializado
2025-08-26 12:40:31 | INFO     | rexus.inventario.model | Submódulos especializados cargados
2025-08-26 12:40:31 | INFO     | rexus           | [STYLE] Tema oscuro detectado en Windows - aplicando correcciones criticas
2025-08-26 12:40:31 | INFO     | rexus           | [STYLE] Aplicando correcciones criticas automaticas para tema oscuro
2025-08-26 12:40:31 | INFO     | rexus           | [STYLE] [ART] Aplicando tema oscuro mejorado
2025-08-26 12:40:31 | INFO     | rexus           | [STYLE] [WARNING] No se pudo obtener instancia de QApplication
2025-08-26 12:40:31 | INFO     | rexus           | [STYLE] Aplicando correcciones criticas automaticas para tema oscuro
2025-08-26 12:40:31 | INFO     | rexus           | [STYLE] [ART] Aplicando tema oscuro mejorado
2025-08-26 12:40:31 | INFO     | rexus           | [STYLE]  Aplicando correcciones críticas de contraste
2025-08-26 12:40:31 | INFO     | rexus           | [STYLE] [OK] Correcciones automáticas aplicadas exitosamente
2025-08-26 12:40:31 | INFO     | rexus.vidrios.model | Sistema unificado de sanitización cargado
2025-08-26 12:40:32 | INFO     | rexus.modules.inventario.submodules | [SUBMODULOS INVENTARIO] __init__.py cargado (managers temporalmente deshabilitados)
2025-08-26 12:41:06 | INFO     | rexus           | Sistema de logging Rexus inicializado
2025-08-26 12:41:06 | INFO     | rexus           | Sistema de logging Rexus inicializado
2025-08-26 12:41:07 | WARNING  | rexus           | Submódulo contabilidad no disponible
2025-08-26 12:41:07 | INFO     | rexus.inventario.model | Submódulos especializados cargados
2025-08-26 12:41:07 | INFO     | rexus           | [STYLE] Tema oscuro detectado en Windows - aplicando correcciones criticas
2025-08-26 12:41:07 | INFO     | rexus           | [STYLE] Aplicando correcciones criticas automaticas para tema oscuro
2025-08-26 12:41:07 | INFO     | rexus           | [STYLE] [ART] Aplicando tema oscuro mejorado
2025-08-26 12:41:07 | INFO     | rexus           | [STYLE] [WARNING] No se pudo obtener instancia de QApplication
2025-08-26 12:41:07 | INFO     | rexus           | [STYLE] Aplicando correcciones criticas automaticas para tema oscuro
2025-08-26 12:41:07 | INFO     | rexus           | [STYLE] [ART] Aplicando tema oscuro mejorado
2025-08-26 12:41:07 | INFO     | rexus           | [STYLE]  Aplicando correcciones críticas de contraste
2025-08-26 12:41:07 | INFO     | rexus           | [STYLE] [OK] Correcciones automáticas aplicadas exitosamente
2025-08-26 12:41:07 | INFO     | rexus.vidrios.model | Sistema unificado de sanitización cargado
2025-08-26 12:41:07 | INFO     | rexus.modules.inventario.submodules | [SUBMODULOS INVENTARIO] __init__.py cargado (managers temporalmente deshabilitados)
2025-08-26 12:41:35 | INFO     | rexus           | Sistema de logging Rexus inicializado
2025-08-26 12:41:36 | INFO     | rexus.inventario.model | Submódulos especializados cargados
2025-08-26 12:41:36 | INFO     | rexus           | [STYLE] Tema oscuro detectado en Windows - aplicando correcciones criticas
2025-08-26 12:41:36 | INFO     | rexus           | [STYLE] Aplicando correcciones criticas automaticas para tema oscuro
2025-08-26 12:41:36 | INFO     | rexus           | [STYLE] [ART] Aplicando tema oscuro mejorado
2025-08-26 12:41:36 | INFO     | rexus           | [STYLE] [WARNING] No se pudo obtener instancia de QApplication
2025-08-26 12:41:36 | INFO     | rexus           | [STYLE] Aplicando correcciones criticas automaticas para tema oscuro
2025-08-26 12:41:36 | INFO     | rexus           | [STYLE] [ART] Aplicando tema oscuro mejorado
2025-08-26 12:41:36 | INFO     | rexus           | [STYLE]  Aplicando correcciones críticas de contraste
2025-08-26 12:41:36 | INFO     | rexus           | [STYLE] [OK] Correcciones automáticas aplicadas exitosamente
2025-08-26 12:41:36 | INFO     | rexus.vidrios.model | Sistema unificado de sanitización cargado
2025-08-26 12:41:36 | INFO     | rexus.modules.inventario.submodules | [SUBMODULOS INVENTARIO] __init__.py cargado (managers temporalmente deshabilitados)
2025-08-26 12:42:17 | INFO     | rexus           | Sistema de logging Rexus inicializado
2025-08-26 12:42:17 | INFO     | rexus           | Sistema de logging Rexus inicializado
2025-08-26 12:42:17 | WARNING  | rexus           | Submódulo contabilidad no disponible
2025-08-26 12:42:18 | INFO     | rexus.inventario.model | Submódulos especializados cargados
2025-08-26 12:42:18 | INFO     | rexus           | [STYLE] Tema oscuro detectado en Windows - aplicando correcciones criticas
2025-08-26 12:42:18 | INFO     | rexus           | [STYLE] Aplicando correcciones criticas automaticas para tema oscuro
2025-08-26 12:42:18 | INFO     | rexus           | [STYLE] [ART] Aplicando tema oscuro mejorado
2025-08-26 12:42:18 | INFO     | rexus           | [STYLE] [WARNING] No se pudo obtener instancia de QApplication
2025-08-26 12:42:18 | INFO     | rexus           | [STYLE] Aplicando correcciones criticas automaticas para tema oscuro
2025-08-26 12:42:18 | INFO     | rexus           | [STYLE] [ART] Aplicando tema oscuro mejorado
2025-08-26 12:42:18 | INFO     | rexus           | [STYLE]  Aplicando correcciones críticas de contraste
2025-08-26 12:42:18 | INFO     | rexus           | [STYLE] [OK] Correcciones automáticas aplicadas exitosamente
2025-08-26 12:42:18 | INFO     | rexus.vidrios.model | Sistema unificado de sanitización cargado
2025-08-26 12:42:19 | INFO     | rexus.modules.inventario.submodules | [SUBMODULOS INVENTARIO] __init__.py cargado (managers temporalmente deshabilitados)
2025-08-26 12:42:30 | INFO     | rexus           | Sistema de logging Rexus inicializado
2025-08-26 12:42:31 | INFO     | rexus.inventario.model | Submódulos especializados cargados
2025-08-26 12:42:31 | INFO     | rexus           | [STYLE] Tema oscuro detectado en Windows - aplicando correcciones criticas
2025-08-26 12:42:31 | INFO     | rexus           | [STYLE] Aplicando correcciones criticas automaticas para tema oscuro
2025-08-26 12:42:31 | INFO     | rexus           | [STYLE] [ART] Aplicando tema oscuro mejorado
2025-08-26 12:42:31 | INFO     | rexus           | [STYLE] [WARNING] No se pudo obtener instancia de QApplication
2025-08-26 12:42:31 | INFO     | rexus           | [STYLE] Aplicando correcciones criticas automaticas para tema oscuro
2025-08-26 12:42:31 | INFO     | rexus           | [STYLE] [ART] Aplicando tema oscuro mejorado
2025-08-26 12:42:31 | INFO     | rexus           | [STYLE]  Aplicando correcciones críticas de contraste
2025-08-26 12:42:31 | INFO     | rexus           | [STYLE] [OK] Correcciones automáticas aplicadas exitosamente
2025-08-26 12:42:31 | INFO     | rexus.vidrios.model | Sistema unificado de sanitización cargado
2025-08-26 12:42:32 | INFO     | rexus.modules.inventario.submodules | [SUBMODULOS INVENTARIO] __init__.py cargado (managers temporalmente deshabilitados)
2025-08-26 12:42:55 | INFO     | rexus           | Sistema de logging Rexus inicializado
2025-08-26 12:42:56 | INFO     | rexus.inventario.model | Submódulos especializados cargados
2025-08-26 12:42:56 | INFO     | rexus           | [STYLE] Tema oscuro detectado en Windows - aplicando correcciones criticas
2025-08-26 12:42:56 | INFO     | rexus           | [STYLE] Aplicando correcciones criticas automaticas para tema oscuro
2025-08-26 12:42:56 | INFO     | rexus           | [STYLE] [ART] Aplicando tema oscuro mejorado
2025-08-26 12:42:56 | INFO     | rexus           | [STYLE] [WARNING] No se pudo obtener instancia de QApplication
2025-08-26 12:42:56 | INFO     | rexus           | [STYLE] Aplicando correcciones criticas automaticas para tema oscuro
2025-08-26 12:42:56 | INFO     | rexus           | [STYLE] [ART] Aplicando tema oscuro mejorado
2025-08-26 12:42:56 | INFO     | rexus           | [STYLE]  Aplicando correcciones críticas de contraste
2025-08-26 12:42:56 | INFO     | rexus           | [STYLE] [OK] Correcciones automáticas aplicadas exitosamente
2025-08-26 12:42:56 | INFO     | rexus.vidrios.model | Sistema unificado de sanitización cargado
2025-08-26 12:42:57 | INFO     | rexus.modules.inventario.submodules | [SUBMODULOS INVENTARIO] __init__.py cargado (managers temporalmente deshabilitados)
2025-08-26 12:43:02 | INFO     | rexus           | Sistema de logging Rexus inicializado
2025-08-26 12:43:02 | WARNING  | rexus           | Submódulo contabilidad no disponible
2025-08-26 12:43:31 | INFO     | rexus           | Sistema de logging Rexus inicializado
2025-08-26 12:43:32 | INFO     | rexus.inventario.model | Submódulos especializados cargados
2025-08-26 12:43:32 | INFO     | rexus           | [STYLE] Tema oscuro detectado en Windows - aplicando correcciones criticas
2025-08-26 12:43:32 | INFO     | rexus           | [STYLE] Aplicando correcciones criticas automaticas para tema oscuro
2025-08-26 12:43:32 | INFO     | rexus           | [STYLE] [ART] Aplicando tema oscuro mejorado
2025-08-26 12:43:32 | INFO     | rexus           | [STYLE] [WARNING] No se pudo obtener instancia de QApplication
2025-08-26 12:43:32 | INFO     | rexus           | [STYLE] Aplicando correcciones criticas automaticas para tema oscuro
2025-08-26 12:43:32 | INFO     | rexus           | [STYLE] [ART] Aplicando tema oscuro mejorado
2025-08-26 12:43:32 | INFO     | rexus           | [STYLE]  Aplicando correcciones críticas de contraste
2025-08-26 12:43:32 | INFO     | rexus           | [STYLE] [OK] Correcciones automáticas aplicadas exitosamente
2025-08-26 12:43:32 | INFO     | rexus.vidrios.model | Sistema unificado de sanitización cargado
2025-08-26 12:43:33 | INFO     | rexus.modules.inventario.submodules | [SUBMODULOS INVENTARIO] __init__.py cargado (managers temporalmente deshabilitados)
2025-08-26 12:44:31 | INFO     | rexus           | Sistema de logging Rexus inicializado
2025-08-26 12:44:31 | INFO     | rexus.inventario.model | Submódulos especializados cargados
2025-08-26 12:44:32 | INFO     | rexus           | [STYLE] Tema oscuro detectado en Windows - aplicando correcciones criticas
2025-08-26 12:44:32 | INFO     | rexus           | [STYLE] Aplicando correcciones criticas automaticas para tema oscuro
2025-08-26 12:44:32 | INFO     | rexus           | [STYLE] [ART] Aplicando tema oscuro mejorado
2025-08-26 12:44:32 | INFO     | rexus           | [STYLE] [WARNING] No se pudo obtener instancia de QApplication
2025-08-26 12:44:32 | INFO     | rexus           | [STYLE] Aplicando correcciones criticas automaticas para tema oscuro
2025-08-26 12:44:32 | INFO     | rexus           | [STYLE] [ART] Aplicando tema oscuro mejorado
2025-08-26 12:44:32 | INFO     | rexus           | [STYLE]  Aplicando correcciones críticas de contraste
2025-08-26 12:44:32 | INFO     | rexus           | [STYLE] [OK] Correcciones automáticas aplicadas exitosamente
2025-08-26 12:44:32 | INFO     | rexus.vidrios.model | Sistema unificado de sanitización cargado
2025-08-26 12:44:32 | INFO     | rexus.modules.inventario.submodules | [SUBMODULOS INVENTARIO] __init__.py cargado (managers temporalmente deshabilitados)
2025-08-26 12:49:17 | INFO     | rexus           | Sistema de logging Rexus inicializado
2025-08-26 12:49:17 | WARNING  | rexus           | Submódulo contabilidad no disponible
2025-08-26 12:49:38 | INFO     | rexus           | Sistema de logging Rexus inicializado
2025-08-26 12:49:39 | INFO     | rexus.inventario.model | Submódulos especializados cargados
2025-08-26 12:49:39 | INFO     | rexus           | [STYLE] Tema oscuro detectado en Windows - aplicando correcciones criticas
2025-08-26 12:49:39 | INFO     | rexus           | [STYLE] Aplicando correcciones criticas automaticas para tema oscuro
2025-08-26 12:49:39 | INFO     | rexus           | [STYLE] [ART] Aplicando tema oscuro mejorado
2025-08-26 12:49:39 | INFO     | rexus           | [STYLE] [WARNING] No se pudo obtener instancia de QApplication
2025-08-26 12:49:39 | INFO     | rexus           | [STYLE] Aplicando correcciones criticas automaticas para tema oscuro
2025-08-26 12:49:39 | INFO     | rexus           | [STYLE] [ART] Aplicando tema oscuro mejorado
2025-08-26 12:49:39 | INFO     | rexus           | [STYLE]  Aplicando correcciones críticas de contraste
2025-08-26 12:49:39 | INFO     | rexus           | [STYLE] [OK] Correcciones automáticas aplicadas exitosamente
2025-08-26 12:49:39 | INFO     | rexus.vidrios.model | Sistema unificado de sanitización cargado
2025-08-26 12:49:40 | INFO     | rexus.modules.inventario.submodules | [SUBMODULOS INVENTARIO] __init__.py cargado (managers temporalmente deshabilitados)
2025-08-26 12:50:03 | INFO     | rexus           | Sistema de logging Rexus inicializado
2025-08-26 12:50:03 | INFO     | rexus.inventario.model | Submódulos especializados cargados
2025-08-26 12:50:04 | INFO     | rexus           | [STYLE] Tema oscuro detectado en Windows - aplicando correcciones criticas
2025-08-26 12:50:04 | INFO     | rexus           | [STYLE] Aplicando correcciones criticas automaticas para tema oscuro
2025-08-26 12:50:04 | INFO     | rexus           | [STYLE] [ART] Aplicando tema oscuro mejorado
2025-08-26 12:50:04 | INFO     | rexus           | [STYLE] [WARNING] No se pudo obtener instancia de QApplication
2025-08-26 12:50:04 | INFO     | rexus           | [STYLE] Aplicando correcciones criticas automaticas para tema oscuro
2025-08-26 12:50:04 | INFO     | rexus           | [STYLE] [ART] Aplicando tema oscuro mejorado
2025-08-26 12:50:04 | INFO     | rexus           | [STYLE]  Aplicando correcciones críticas de contraste
2025-08-26 12:50:04 | INFO     | rexus           | [STYLE] [OK] Correcciones automáticas aplicadas exitosamente
2025-08-26 12:50:04 | INFO     | rexus.vidrios.model | Sistema unificado de sanitización cargado
2025-08-26 12:50:04 | INFO     | rexus.modules.inventario.submodules | [SUBMODULOS INVENTARIO] __init__.py cargado (managers temporalmente deshabilitados)
2025-08-26 12:50:45 | INFO     | rexus           | Sistema de logging Rexus inicializado
2025-08-26 12:50:46 | INFO     | rexus.inventario.model | Submódulos especializados cargados
2025-08-26 12:50:46 | INFO     | rexus           | [STYLE] Tema oscuro detectado en Windows - aplicando correcciones criticas
2025-08-26 12:50:46 | INFO     | rexus           | [STYLE] Aplicando correcciones criticas automaticas para tema oscuro
2025-08-26 12:50:46 | INFO     | rexus           | [STYLE] [ART] Aplicando tema oscuro mejorado
2025-08-26 12:50:46 | INFO     | rexus           | [STYLE] [WARNING] No se pudo obtener instancia de QApplication
2025-08-26 12:50:46 | INFO     | rexus           | [STYLE] Aplicando correcciones criticas automaticas para tema oscuro
2025-08-26 12:50:46 | INFO     | rexus           | [STYLE] [ART] Aplicando tema oscuro mejorado
2025-08-26 12:50:46 | INFO     | rexus           | [STYLE]  Aplicando correcciones críticas de contraste
2025-08-26 12:50:46 | INFO     | rexus           | [STYLE] [OK] Correcciones automáticas aplicadas exitosamente
2025-08-26 12:50:46 | INFO     | rexus.vidrios.model | Sistema unificado de sanitización cargado
2025-08-26 12:50:47 | INFO     | rexus.modules.inventario.submodules | [SUBMODULOS INVENTARIO] __init__.py cargado (managers temporalmente deshabilitados)
2025-08-26 12:51:10 | INFO     | rexus           | Sistema de logging Rexus inicializado
2025-08-26 12:51:10 | WARNING  | rexus           | Submódulo contabilidad no disponible
2025-08-26 12:51:32 | INFO     | rexus           | Sistema de logging Rexus inicializado
2025-08-26 12:51:33 | INFO     | rexus.inventario.model | Submódulos especializados cargados
2025-08-26 12:51:33 | INFO     | rexus           | [STYLE] Tema oscuro detectado en Windows - aplicando correcciones criticas
2025-08-26 12:51:33 | INFO     | rexus           | [STYLE] Aplicando correcciones criticas automaticas para tema oscuro
2025-08-26 12:51:33 | INFO     | rexus           | [STYLE] [ART] Aplicando tema oscuro mejorado
2025-08-26 12:51:33 | INFO     | rexus           | [STYLE] [WARNING] No se pudo obtener instancia de QApplication
2025-08-26 12:51:33 | INFO     | rexus           | [STYLE] Aplicando correcciones criticas automaticas para tema oscuro
2025-08-26 12:51:33 | INFO     | rexus           | [STYLE] [ART] Aplicando tema oscuro mejorado
2025-08-26 12:51:33 | INFO     | rexus           | [STYLE]  Aplicando correcciones críticas de contraste
2025-08-26 12:51:33 | INFO     | rexus           | [STYLE] [OK] Correcciones automáticas aplicadas exitosamente
2025-08-26 12:51:33 | INFO     | rexus.vidrios.model | Sistema unificado de sanitización cargado
2025-08-26 12:51:33 | INFO     | rexus.modules.inventario.submodules | [SUBMODULOS INVENTARIO] __init__.py cargado (managers temporalmente deshabilitados)
2025-08-26 12:51:54 | INFO     | rexus           | Sistema de logging Rexus inicializado
2025-08-26 12:51:55 | INFO     | rexus.inventario.model | Submódulos especializados cargados
2025-08-26 12:51:55 | INFO     | rexus           | [STYLE] Tema oscuro detectado en Windows - aplicando correcciones criticas
2025-08-26 12:51:55 | INFO     | rexus           | [STYLE] Aplicando correcciones criticas automaticas para tema oscuro
2025-08-26 12:51:55 | INFO     | rexus           | [STYLE] [ART] Aplicando tema oscuro mejorado
2025-08-26 12:51:55 | INFO     | rexus           | [STYLE] [WARNING] No se pudo obtener instancia de QApplication
2025-08-26 12:51:55 | INFO     | rexus           | [STYLE] Aplicando correcciones criticas automaticas para tema oscuro
2025-08-26 12:51:55 | INFO     | rexus           | [STYLE] [ART] Aplicando tema oscuro mejorado
2025-08-26 12:51:55 | INFO     | rexus           | [STYLE]  Aplicando correcciones críticas de contraste
2025-08-26 12:51:55 | INFO     | rexus           | [STYLE] [OK] Correcciones automáticas aplicadas exitosamente
2025-08-26 12:51:55 | INFO     | rexus.vidrios.model | Sistema unificado de sanitización cargado
2025-08-26 12:51:56 | INFO     | rexus.modules.inventario.submodules | [SUBMODULOS INVENTARIO] __init__.py cargado (managers temporalmente deshabilitados)
2025-08-26 12:52:04 | INFO     | rexus           | Sistema de logging Rexus inicializado
2025-08-26 12:52:05 | INFO     | rexus.inventario.model | Submódulos especializados cargados
2025-08-26 12:52:05 | INFO     | rexus           | [STYLE] Tema oscuro detectado en Windows - aplicando correcciones criticas
2025-08-26 12:52:05 | INFO     | rexus           | [STYLE] Aplicando correcciones criticas automaticas para tema oscuro
2025-08-26 12:52:05 | INFO     | rexus           | [STYLE] [ART] Aplicando tema oscuro mejorado
2025-08-26 12:52:05 | INFO     | rexus           | [STYLE] [WARNING] No se pudo obtener instancia de QApplication
2025-08-26 12:52:05 | INFO     | rexus           | [STYLE] Aplicando correcciones criticas automaticas para tema oscuro
2025-08-26 12:52:05 | INFO     | rexus           | [STYLE] [ART] Aplicando tema oscuro mejorado
2025-08-26 12:52:05 | INFO     | rexus           | [STYLE]  Aplicando correcciones críticas de contraste
2025-08-26 12:52:05 | INFO     | rexus           | [STYLE] [OK] Correcciones automáticas aplicadas exitosamente
2025-08-26 12:52:05 | INFO     | rexus.vidrios.model | Sistema unificado de sanitización cargado
2025-08-26 12:52:06 | INFO     | rexus.modules.inventario.submodules | [SUBMODULOS INVENTARIO] __init__.py cargado (managers temporalmente deshabilitados)
2025-08-26 12:52:07 | INFO     | rexus           | Sistema de logging Rexus inicializado
2025-08-26 12:52:07 | WARNING  | rexus           | Submódulo contabilidad no disponible
2025-08-26 12:52:21 | INFO     | rexus           | Sistema de logging Rexus inicializado
2025-08-26 12:52:22 | INFO     | rexus.inventario.model | Submódulos especializados cargados
2025-08-26 12:52:22 | INFO     | rexus           | [STYLE] Tema oscuro detectado en Windows - aplicando correcciones criticas
2025-08-26 12:52:22 | INFO     | rexus           | [STYLE] Aplicando correcciones criticas automaticas para tema oscuro
2025-08-26 12:52:22 | INFO     | rexus           | [STYLE] [ART] Aplicando tema oscuro mejorado
2025-08-26 12:52:22 | INFO     | rexus           | [STYLE] [WARNING] No se pudo obtener instancia de QApplication
2025-08-26 12:52:22 | INFO     | rexus           | [STYLE] Aplicando correcciones criticas automaticas para tema oscuro
2025-08-26 12:52:22 | INFO     | rexus           | [STYLE] [ART] Aplicando tema oscuro mejorado
2025-08-26 12:52:22 | INFO     | rexus           | [STYLE]  Aplicando correcciones críticas de contraste
2025-08-26 12:52:22 | INFO     | rexus           | [STYLE] [OK] Correcciones automáticas aplicadas exitosamente
2025-08-26 12:52:22 | INFO     | rexus.vidrios.model | Sistema unificado de sanitización cargado
2025-08-26 12:52:23 | INFO     | rexus.modules.inventario.submodules | [SUBMODULOS INVENTARIO] __init__.py cargado (managers temporalmente deshabilitados)
2025-08-26 12:52:38 | INFO     | rexus           | Sistema de logging Rexus inicializado
2025-08-26 12:52:39 | INFO     | rexus.inventario.model | Submódulos especializados cargados
2025-08-26 12:52:39 | INFO     | rexus           | [STYLE] Tema oscuro detectado en Windows - aplicando correcciones criticas
2025-08-26 12:52:39 | INFO     | rexus           | [STYLE] Aplicando correcciones criticas automaticas para tema oscuro
2025-08-26 12:52:39 | INFO     | rexus           | [STYLE] [ART] Aplicando tema oscuro mejorado
2025-08-26 12:52:39 | INFO     | rexus           | [STYLE] [WARNING] No se pudo obtener instancia de QApplication
2025-08-26 12:52:39 | INFO     | rexus           | [STYLE] Aplicando correcciones criticas automaticas para tema oscuro
2025-08-26 12:52:39 | INFO     | rexus           | [STYLE] [ART] Aplicando tema oscuro mejorado
2025-08-26 12:52:39 | INFO     | rexus           | [STYLE]  Aplicando correcciones críticas de contraste
2025-08-26 12:52:39 | INFO     | rexus           | [STYLE] [OK] Correcciones automáticas aplicadas exitosamente
2025-08-26 12:52:39 | INFO     | rexus.vidrios.model | Sistema unificado de sanitización cargado
2025-08-26 12:52:39 | INFO     | rexus.modules.inventario.submodules | [SUBMODULOS INVENTARIO] __init__.py cargado (managers temporalmente deshabilitados)
2025-08-26 12:53:06 | INFO     | rexus           | Sistema de logging Rexus inicializado
2025-08-26 12:53:06 | INFO     | rexus.inventario.model | Submódulos especializados cargados
2025-08-26 12:53:06 | INFO     | rexus           | [STYLE] Tema oscuro detectado en Windows - aplicando correcciones criticas
2025-08-26 12:53:06 | INFO     | rexus           | [STYLE] Aplicando correcciones criticas automaticas para tema oscuro
2025-08-26 12:53:06 | INFO     | rexus           | [STYLE] [ART] Aplicando tema oscuro mejorado
2025-08-26 12:53:06 | INFO     | rexus           | [STYLE] [WARNING] No se pudo obtener instancia de QApplication
2025-08-26 12:53:06 | INFO     | rexus           | [STYLE] Aplicando correcciones criticas automaticas para tema oscuro
2025-08-26 12:53:06 | INFO     | rexus           | [STYLE] [ART] Aplicando tema oscuro mejorado
2025-08-26 12:53:06 | INFO     | rexus           | [STYLE]  Aplicando correcciones críticas de contraste
2025-08-26 12:53:06 | INFO     | rexus           | [STYLE] [OK] Correcciones automáticas aplicadas exitosamente
2025-08-26 12:53:06 | INFO     | rexus.vidrios.model | Sistema unificado de sanitización cargado
2025-08-26 12:53:07 | INFO     | rexus.modules.inventario.submodules | [SUBMODULOS INVENTARIO] __init__.py cargado (managers temporalmente deshabilitados)
2025-08-26 12:53:08 | INFO     | rexus           | Sistema de logging Rexus inicializado
2025-08-26 12:53:08 | WARNING  | rexus           | Submódulo contabilidad no disponible
2025-08-26 12:53:44 | INFO     | rexus           | Sistema de logging Rexus inicializado
2025-08-26 12:53:44 | WARNING  | rexus           | Submódulo contabilidad no disponible
2025-08-26 12:54:13 | INFO     | rexus           | Sistema de logging Rexus inicializado
2025-08-26 12:54:14 | INFO     | rexus.inventario.model | Submódulos especializados cargados
2025-08-26 12:54:14 | INFO     | rexus           | [STYLE] Tema oscuro detectado en Windows - aplicando correcciones criticas
2025-08-26 12:54:14 | INFO     | rexus           | [STYLE] Aplicando correcciones criticas automaticas para tema oscuro
2025-08-26 12:54:14 | INFO     | rexus           | [STYLE] [ART] Aplicando tema oscuro mejorado
2025-08-26 12:54:14 | INFO     | rexus           | [STYLE] [WARNING] No se pudo obtener instancia de QApplication
2025-08-26 12:54:14 | INFO     | rexus           | [STYLE] Aplicando correcciones criticas automaticas para tema oscuro
2025-08-26 12:54:14 | INFO     | rexus           | [STYLE] [ART] Aplicando tema oscuro mejorado
2025-08-26 12:54:14 | INFO     | rexus           | [STYLE]  Aplicando correcciones críticas de contraste
2025-08-26 12:54:14 | INFO     | rexus           | [STYLE] [OK] Correcciones automáticas aplicadas exitosamente
2025-08-26 12:54:14 | INFO     | rexus.vidrios.model | Sistema unificado de sanitización cargado
2025-08-26 12:54:15 | INFO     | rexus.modules.inventario.submodules | [SUBMODULOS INVENTARIO] __init__.py cargado (managers temporalmente deshabilitados)
2025-08-26 12:54:38 | INFO     | rexus           | Sistema de logging Rexus inicializado
2025-08-26 12:54:38 | INFO     | rexus.inventario.model | Submódulos especializados cargados
2025-08-26 12:54:38 | INFO     | rexus           | [STYLE] Tema oscuro detectado en Windows - aplicando correcciones criticas
2025-08-26 12:54:38 | INFO     | rexus           | [STYLE] Aplicando correcciones criticas automaticas para tema oscuro
2025-08-26 12:54:38 | INFO     | rexus           | [STYLE] [ART] Aplicando tema oscuro mejorado
2025-08-26 12:54:38 | INFO     | rexus           | [STYLE] [WARNING] No se pudo obtener instancia de QApplication
2025-08-26 12:54:38 | INFO     | rexus           | [STYLE] Aplicando correcciones criticas automaticas para tema oscuro
2025-08-26 12:54:38 | INFO     | rexus           | [STYLE] [ART] Aplicando tema oscuro mejorado
2025-08-26 12:54:38 | INFO     | rexus           | [STYLE]  Aplicando correcciones críticas de contraste
2025-08-26 12:54:38 | INFO     | rexus           | [STYLE] [OK] Correcciones automáticas aplicadas exitosamente
2025-08-26 12:54:38 | INFO     | rexus.vidrios.model | Sistema unificado de sanitización cargado
2025-08-26 12:54:39 | INFO     | rexus.modules.inventario.submodules | [SUBMODULOS INVENTARIO] __init__.py cargado (managers temporalmente deshabilitados)
2025-08-26 12:54:40 | INFO     | rexus           | Sistema de logging Rexus inicializado
2025-08-26 12:54:40 | WARNING  | rexus           | Submódulo contabilidad no disponible
2025-08-26 12:54:53 | INFO     | rexus           | Sistema de logging Rexus inicializado
2025-08-26 12:54:53 | INFO     | rexus.inventario.model | Submódulos especializados cargados
2025-08-26 12:54:54 | INFO     | rexus           | [STYLE] Tema oscuro detectado en Windows - aplicando correcciones criticas
2025-08-26 12:54:54 | INFO     | rexus           | [STYLE] Aplicando correcciones criticas automaticas para tema oscuro
2025-08-26 12:54:54 | INFO     | rexus           | [STYLE] [ART] Aplicando tema oscuro mejorado
2025-08-26 12:54:54 | INFO     | rexus           | [STYLE] [WARNING] No se pudo obtener instancia de QApplication
2025-08-26 12:54:54 | INFO     | rexus           | [STYLE] Aplicando correcciones criticas automaticas para tema oscuro
2025-08-26 12:54:54 | INFO     | rexus           | [STYLE] [ART] Aplicando tema oscuro mejorado
2025-08-26 12:54:54 | INFO     | rexus           | [STYLE]  Aplicando correcciones críticas de contraste
2025-08-26 12:54:54 | INFO     | rexus           | [STYLE] [OK] Correcciones automáticas aplicadas exitosamente
2025-08-26 12:54:54 | INFO     | rexus.vidrios.model | Sistema unificado de sanitización cargado
2025-08-26 12:54:54 | INFO     | rexus.modules.inventario.submodules | [SUBMODULOS INVENTARIO] __init__.py cargado (managers temporalmente deshabilitados)
2025-08-26 12:55:05 | INFO     | rexus           | Sistema de logging Rexus inicializado
2025-08-26 12:55:06 | INFO     | rexus.inventario.model | Submódulos especializados cargados
2025-08-26 12:55:06 | INFO     | rexus           | [STYLE] Tema oscuro detectado en Windows - aplicando correcciones criticas
2025-08-26 12:55:06 | INFO     | rexus           | [STYLE] Aplicando correcciones criticas automaticas para tema oscuro
2025-08-26 12:55:06 | INFO     | rexus           | [STYLE] [ART] Aplicando tema oscuro mejorado
2025-08-26 12:55:06 | INFO     | rexus           | [STYLE] [WARNING] No se pudo obtener instancia de QApplication
2025-08-26 12:55:06 | INFO     | rexus           | [STYLE] Aplicando correcciones criticas automaticas para tema oscuro
2025-08-26 12:55:06 | INFO     | rexus           | [STYLE] [ART] Aplicando tema oscuro mejorado
2025-08-26 12:55:06 | INFO     | rexus           | [STYLE]  Aplicando correcciones críticas de contraste
2025-08-26 12:55:06 | INFO     | rexus           | [STYLE] [OK] Correcciones automáticas aplicadas exitosamente
2025-08-26 12:55:06 | INFO     | rexus.vidrios.model | Sistema unificado de sanitización cargado
2025-08-26 12:55:07 | INFO     | rexus.modules.inventario.submodules | [SUBMODULOS INVENTARIO] __init__.py cargado (managers temporalmente deshabilitados)
2025-08-26 12:55:32 | INFO     | rexus           | Sistema de logging Rexus inicializado
2025-08-26 12:55:32 | INFO     | rexus.inventario.model | Submódulos especializados cargados
2025-08-26 12:55:32 | INFO     | rexus           | [STYLE] Tema oscuro detectado en Windows - aplicando correcciones criticas
2025-08-26 12:55:32 | INFO     | rexus           | [STYLE] Aplicando correcciones criticas automaticas para tema oscuro
2025-08-26 12:55:32 | INFO     | rexus           | [STYLE] [ART] Aplicando tema oscuro mejorado
2025-08-26 12:55:32 | INFO     | rexus           | [STYLE] [WARNING] No se pudo obtener instancia de QApplication
2025-08-26 12:55:32 | INFO     | rexus           | [STYLE] Aplicando correcciones criticas automaticas para tema oscuro
2025-08-26 12:55:32 | INFO     | rexus           | [STYLE] [ART] Aplicando tema oscuro mejorado
2025-08-26 12:55:32 | INFO     | rexus           | [STYLE]  Aplicando correcciones críticas de contraste
2025-08-26 12:55:32 | INFO     | rexus           | [STYLE] [OK] Correcciones automáticas aplicadas exitosamente
2025-08-26 12:55:32 | INFO     | rexus.vidrios.model | Sistema unificado de sanitización cargado
2025-08-26 12:55:33 | INFO     | rexus.modules.inventario.submodules | [SUBMODULOS INVENTARIO] __init__.py cargado (managers temporalmente deshabilitados)
2025-08-26 12:55:41 | INFO     | rexus           | Sistema de logging Rexus inicializado
2025-08-26 12:55:42 | INFO     | rexus.inventario.model | Submódulos especializados cargados
2025-08-26 12:55:42 | INFO     | rexus           | [STYLE] Tema oscuro detectado en Windows - aplicando correcciones criticas
2025-08-26 12:55:42 | INFO     | rexus           | [STYLE] Aplicando correcciones criticas automaticas para tema oscuro
2025-08-26 12:55:42 | INFO     | rexus           | [STYLE] [ART] Aplicando tema oscuro mejorado
2025-08-26 12:55:42 | INFO     | rexus           | [STYLE] [WARNING] No se pudo obtener instancia de QApplication
2025-08-26 12:55:42 | INFO     | rexus           | [STYLE] Aplicando correcciones criticas automaticas para tema oscuro
2025-08-26 12:55:42 | INFO     | rexus           | [STYLE] [ART] Aplicando tema oscuro mejorado
2025-08-26 12:55:42 | INFO     | rexus           | [STYLE]  Aplicando correcciones críticas de contraste
2025-08-26 12:55:42 | INFO     | rexus           | [STYLE] [OK] Correcciones automáticas aplicadas exitosamente
2025-08-26 12:55:42 | INFO     | rexus.vidrios.model | Sistema unificado de sanitización cargado
2025-08-26 12:55:42 | INFO     | rexus.modules.inventario.submodules | [SUBMODULOS INVENTARIO] __init__.py cargado (managers temporalmente deshabilitados)
2025-08-26 12:55:46 | INFO     | rexus           | Sistema de logging Rexus inicializado
2025-08-26 12:55:46 | WARNING  | rexus           | Submódulo contabilidad no disponible
2025-08-26 12:56:08 | INFO     | rexus           | Sistema de logging Rexus inicializado
2025-08-26 12:56:09 | INFO     | rexus.inventario.model | Submódulos especializados cargados
2025-08-26 12:56:09 | INFO     | rexus           | [STYLE] Tema oscuro detectado en Windows - aplicando correcciones criticas
2025-08-26 12:56:09 | INFO     | rexus           | [STYLE] Aplicando correcciones criticas automaticas para tema oscuro
2025-08-26 12:56:09 | INFO     | rexus           | [STYLE] [ART] Aplicando tema oscuro mejorado
2025-08-26 12:56:09 | INFO     | rexus           | [STYLE] [WARNING] No se pudo obtener instancia de QApplication
2025-08-26 12:56:09 | INFO     | rexus           | [STYLE] Aplicando correcciones criticas automaticas para tema oscuro
2025-08-26 12:56:09 | INFO     | rexus           | [STYLE] [ART] Aplicando tema oscuro mejorado
2025-08-26 12:56:09 | INFO     | rexus           | [STYLE]  Aplicando correcciones críticas de contraste
2025-08-26 12:56:09 | INFO     | rexus           | [STYLE] [OK] Correcciones automáticas aplicadas exitosamente
2025-08-26 12:56:09 | INFO     | rexus.vidrios.model | Sistema unificado de sanitización cargado
2025-08-26 12:56:09 | INFO     | rexus.modules.inventario.submodules | [SUBMODULOS INVENTARIO] __init__.py cargado (managers temporalmente deshabilitados)
2025-08-26 12:56:17 | INFO     | rexus           | Sistema de logging Rexus inicializado
2025-08-26 12:56:17 | WARNING  | rexus           | Submódulo contabilidad no disponible
2025-08-26 12:56:18 | INFO     | rexus           | Sistema de logging Rexus inicializado
2025-08-26 12:56:18 | INFO     | rexus.inventario.model | Submódulos especializados cargados
2025-08-26 12:56:18 | INFO     | rexus           | [STYLE] Tema oscuro detectado en Windows - aplicando correcciones criticas
2025-08-26 12:56:18 | INFO     | rexus           | [STYLE] Aplicando correcciones criticas automaticas para tema oscuro
2025-08-26 12:56:18 | INFO     | rexus           | [STYLE] [ART] Aplicando tema oscuro mejorado
2025-08-26 12:56:18 | INFO     | rexus           | [STYLE] [WARNING] No se pudo obtener instancia de QApplication
2025-08-26 12:56:18 | INFO     | rexus           | [STYLE] Aplicando correcciones criticas automaticas para tema oscuro
2025-08-26 12:56:18 | INFO     | rexus           | [STYLE] [ART] Aplicando tema oscuro mejorado
2025-08-26 12:56:18 | INFO     | rexus           | [STYLE]  Aplicando correcciones críticas de contraste
2025-08-26 12:56:18 | INFO     | rexus           | [STYLE] [OK] Correcciones automáticas aplicadas exitosamente
2025-08-26 12:56:18 | INFO     | rexus.vidrios.model | Sistema unificado de sanitización cargado
2025-08-26 12:56:19 | INFO     | rexus.modules.inventario.submodules | [SUBMODULOS INVENTARIO] __init__.py cargado (managers temporalmente deshabilitados)
2025-08-26 12:56:40 | INFO     | rexus           | Sistema de logging Rexus inicializado
2025-08-26 12:56:41 | INFO     | rexus.inventario.model | Submódulos especializados cargados
2025-08-26 12:56:41 | INFO     | rexus           | [STYLE] Tema oscuro detectado en Windows - aplicando correcciones criticas
2025-08-26 12:56:41 | INFO     | rexus           | [STYLE] Aplicando correcciones criticas automaticas para tema oscuro
2025-08-26 12:56:41 | INFO     | rexus           | [STYLE] [ART] Aplicando tema oscuro mejorado
2025-08-26 12:56:41 | INFO     | rexus           | [STYLE] [WARNING] No se pudo obtener instancia de QApplication
2025-08-26 12:56:41 | INFO     | rexus           | [STYLE] Aplicando correcciones criticas automaticas para tema oscuro
2025-08-26 12:56:41 | INFO     | rexus           | [STYLE] [ART] Aplicando tema oscuro mejorado
2025-08-26 12:56:41 | INFO     | rexus           | [STYLE]  Aplicando correcciones críticas de contraste
2025-08-26 12:56:41 | INFO     | rexus           | [STYLE] [OK] Correcciones automáticas aplicadas exitosamente
2025-08-26 12:56:41 | INFO     | rexus.vidrios.model | Sistema unificado de sanitización cargado
2025-08-26 12:56:42 | INFO     | rexus.modules.inventario.submodules | [SUBMODULOS INVENTARIO] __init__.py cargado (managers temporalmente deshabilitados)
2025-08-26 13:05:38 | INFO     | rexus           | Sistema de logging Rexus inicializado
2025-08-26 13:05:38 | INFO     | rexus.inventario.model | Submódulos especializados cargados
2025-08-26 13:05:38 | INFO     | rexus           | [STYLE] Tema oscuro detectado en Windows - aplicando correcciones criticas
2025-08-26 13:05:38 | INFO     | rexus           | [STYLE] Aplicando correcciones criticas automaticas para tema oscuro
2025-08-26 13:05:38 | INFO     | rexus           | [STYLE] [ART] Aplicando tema oscuro mejorado
2025-08-26 13:05:38 | INFO     | rexus           | [STYLE] [WARNING] No se pudo obtener instancia de QApplication
2025-08-26 13:05:38 | INFO     | rexus           | [STYLE] Aplicando correcciones criticas automaticas para tema oscuro
2025-08-26 13:05:38 | INFO     | rexus           | [STYLE] [ART] Aplicando tema oscuro mejorado
2025-08-26 13:05:38 | INFO     | rexus           | [STYLE]  Aplicando correcciones críticas de contraste
2025-08-26 13:05:38 | INFO     | rexus           | [STYLE] [OK] Correcciones automáticas aplicadas exitosamente
2025-08-26 13:05:38 | INFO     | rexus.vidrios.model | Sistema unificado de sanitización cargado
2025-08-26 13:05:39 | INFO     | rexus.modules.inventario.submodules | [SUBMODULOS INVENTARIO] __init__.py cargado (managers temporalmente deshabilitados)
2025-08-26 13:05:39 | INFO     | rexus           | Sistema de logging Rexus inicializado
2025-08-26 13:05:39 | WARNING  | rexus           | Submódulo contabilidad no disponible
2025-08-26 13:06:04 | INFO     | rexus           | Sistema de logging Rexus inicializado
2025-08-26 13:06:05 | INFO     | rexus.inventario.model | Submódulos especializados cargados
2025-08-26 13:06:05 | INFO     | rexus           | [STYLE] Tema oscuro detectado en Windows - aplicando correcciones criticas
2025-08-26 13:06:05 | INFO     | rexus           | [STYLE] Aplicando correcciones criticas automaticas para tema oscuro
2025-08-26 13:06:05 | INFO     | rexus           | [STYLE] [ART] Aplicando tema oscuro mejorado
2025-08-26 13:06:05 | INFO     | rexus           | [STYLE] [WARNING] No se pudo obtener instancia de QApplication
2025-08-26 13:06:05 | INFO     | rexus           | [STYLE] Aplicando correcciones criticas automaticas para tema oscuro
2025-08-26 13:06:05 | INFO     | rexus           | [STYLE] [ART] Aplicando tema oscuro mejorado
2025-08-26 13:06:05 | INFO     | rexus           | [STYLE]  Aplicando correcciones críticas de contraste
2025-08-26 13:06:05 | INFO     | rexus           | [STYLE] [OK] Correcciones automáticas aplicadas exitosamente
2025-08-26 13:06:05 | INFO     | rexus.vidrios.model | Sistema unificado de sanitización cargado
2025-08-26 13:06:05 | INFO     | rexus.modules.inventario.submodules | [SUBMODULOS INVENTARIO] __init__.py cargado (managers temporalmente deshabilitados)
2025-08-26 13:52:58 | INFO     | rexus           | Sistema de logging Rexus inicializado
2025-08-26 13:52:58 | WARNING  | rexus           | Submódulo contabilidad no disponible
2025-08-26 13:52:58 | INFO     | rexus           | Sistema de logging Rexus inicializado
2025-08-26 13:52:59 | INFO     | rexus.inventario.model | Submódulos especializados cargados
2025-08-26 13:52:59 | INFO     | rexus           | [STYLE] Tema oscuro detectado en Windows - aplicando correcciones criticas
2025-08-26 13:52:59 | INFO     | rexus           | [STYLE] Aplicando correcciones criticas automaticas para tema oscuro
2025-08-26 13:52:59 | INFO     | rexus           | [STYLE] [ART] Aplicando tema oscuro mejorado
2025-08-26 13:52:59 | INFO     | rexus           | [STYLE] [WARNING] No se pudo obtener instancia de QApplication
2025-08-26 13:52:59 | INFO     | rexus           | [STYLE] Aplicando correcciones criticas automaticas para tema oscuro
2025-08-26 13:52:59 | INFO     | rexus           | [STYLE] [ART] Aplicando tema oscuro mejorado
2025-08-26 13:52:59 | INFO     | rexus           | [STYLE]  Aplicando correcciones críticas de contraste
2025-08-26 13:52:59 | INFO     | rexus           | [STYLE] [OK] Correcciones automáticas aplicadas exitosamente
2025-08-26 13:52:59 | INFO     | rexus.vidrios.model | Sistema unificado de sanitización cargado
2025-08-26 13:53:00 | INFO     | rexus.modules.inventario.submodules | [SUBMODULOS INVENTARIO] __init__.py cargado (managers temporalmente deshabilitados)
2025-08-26 13:53:22 | INFO     | rexus           | Sistema de logging Rexus inicializado
2025-08-26 13:53:23 | INFO     | rexus.inventario.model | Submódulos especializados cargados
2025-08-26 13:53:23 | INFO     | rexus           | [STYLE] Tema oscuro detectado en Windows - aplicando correcciones criticas
2025-08-26 13:53:23 | INFO     | rexus           | [STYLE] Aplicando correcciones criticas automaticas para tema oscuro
2025-08-26 13:53:23 | INFO     | rexus           | [STYLE] [ART] Aplicando tema oscuro mejorado
2025-08-26 13:53:23 | INFO     | rexus           | [STYLE] [WARNING] No se pudo obtener instancia de QApplication
2025-08-26 13:53:23 | INFO     | rexus           | [STYLE] Aplicando correcciones criticas automaticas para tema oscuro
2025-08-26 13:53:23 | INFO     | rexus           | [STYLE] [ART] Aplicando tema oscuro mejorado
2025-08-26 13:53:23 | INFO     | rexus           | [STYLE]  Aplicando correcciones críticas de contraste
2025-08-26 13:53:23 | INFO     | rexus           | [STYLE] [OK] Correcciones automáticas aplicadas exitosamente
2025-08-26 13:53:23 | INFO     | rexus.vidrios.model | Sistema unificado de sanitización cargado
2025-08-26 13:53:24 | INFO     | rexus.modules.inventario.submodules | [SUBMODULOS INVENTARIO] __init__.py cargado (managers temporalmente deshabilitados)
2025-08-26 13:53:50 | INFO     | rexus           | Sistema de logging Rexus inicializado
2025-08-26 13:53:51 | INFO     | rexus.inventario.model | Submódulos especializados cargados
2025-08-26 13:53:51 | INFO     | rexus           | [STYLE] Tema oscuro detectado en Windows - aplicando correcciones criticas
2025-08-26 13:53:51 | INFO     | rexus           | [STYLE] Aplicando correcciones criticas automaticas para tema oscuro
2025-08-26 13:53:51 | INFO     | rexus           | [STYLE] [ART] Aplicando tema oscuro mejorado
2025-08-26 13:53:51 | INFO     | rexus           | [STYLE] [WARNING] No se pudo obtener instancia de QApplication
2025-08-26 13:53:51 | INFO     | rexus           | [STYLE] Aplicando correcciones criticas automaticas para tema oscuro
2025-08-26 13:53:51 | INFO     | rexus           | [STYLE] [ART] Aplicando tema oscuro mejorado
2025-08-26 13:53:51 | INFO     | rexus           | [STYLE]  Aplicando correcciones críticas de contraste
2025-08-26 13:53:51 | INFO     | rexus           | [STYLE] [OK] Correcciones automáticas aplicadas exitosamente
2025-08-26 13:53:51 | INFO     | rexus.vidrios.model | Sistema unificado de sanitización cargado
2025-08-26 13:53:52 | INFO     | rexus.modules.inventario.submodules | [SUBMODULOS INVENTARIO] __init__.py cargado (managers temporalmente deshabilitados)
2025-08-26 13:54:13 | INFO     | rexus           | Sistema de logging Rexus inicializado
2025-08-26 13:54:13 | WARNING  | rexus           | Submódulo contabilidad no disponible
2025-08-26 13:54:13 | INFO     | rexus           | Sistema de logging Rexus inicializado
2025-08-26 13:54:13 | INFO     | rexus.inventario.model | Submódulos especializados cargados
2025-08-26 13:54:13 | INFO     | rexus           | [STYLE] Tema oscuro detectado en Windows - aplicando correcciones criticas
2025-08-26 13:54:14 | INFO     | rexus           | [STYLE] Aplicando correcciones criticas automaticas para tema oscuro
2025-08-26 13:54:14 | INFO     | rexus           | [STYLE] [ART] Aplicando tema oscuro mejorado
2025-08-26 13:54:14 | INFO     | rexus           | [STYLE] [WARNING] No se pudo obtener instancia de QApplication
2025-08-26 13:54:14 | INFO     | rexus           | [STYLE] Aplicando correcciones criticas automaticas para tema oscuro
2025-08-26 13:54:14 | INFO     | rexus           | [STYLE] [ART] Aplicando tema oscuro mejorado
2025-08-26 13:54:14 | INFO     | rexus           | [STYLE]  Aplicando correcciones críticas de contraste
2025-08-26 13:54:14 | INFO     | rexus           | [STYLE] [OK] Correcciones automáticas aplicadas exitosamente
2025-08-26 13:54:14 | INFO     | rexus.vidrios.model | Sistema unificado de sanitización cargado
2025-08-26 13:54:14 | INFO     | rexus.modules.inventario.submodules | [SUBMODULOS INVENTARIO] __init__.py cargado (managers temporalmente deshabilitados)
2025-08-26 13:55:46 | INFO     | rexus           | Sistema de logging Rexus inicializado
2025-08-26 13:55:47 | INFO     | rexus.inventario.model | Submódulos especializados cargados
2025-08-26 13:55:47 | INFO     | rexus           | [STYLE] Tema oscuro detectado en Windows - aplicando correcciones criticas
2025-08-26 13:55:47 | INFO     | rexus           | [STYLE] Aplicando correcciones criticas automaticas para tema oscuro
2025-08-26 13:55:47 | INFO     | rexus           | [STYLE] [ART] Aplicando tema oscuro mejorado
2025-08-26 13:55:47 | INFO     | rexus           | [STYLE] [WARNING] No se pudo obtener instancia de QApplication
2025-08-26 13:55:47 | INFO     | rexus           | [STYLE] Aplicando correcciones criticas automaticas para tema oscuro
2025-08-26 13:55:47 | INFO     | rexus           | [STYLE] [ART] Aplicando tema oscuro mejorado
2025-08-26 13:55:47 | INFO     | rexus           | [STYLE]  Aplicando correcciones críticas de contraste
2025-08-26 13:55:47 | INFO     | rexus           | [STYLE] [OK] Correcciones automáticas aplicadas exitosamente
2025-08-26 13:55:47 | INFO     | rexus.vidrios.model | Sistema unificado de sanitización cargado
2025-08-26 13:55:48 | INFO     | rexus.modules.inventario.submodules | [SUBMODULOS INVENTARIO] __init__.py cargado (managers temporalmente deshabilitados)
2025-08-26 13:56:12 | INFO     | rexus           | Sistema de logging Rexus inicializado
2025-08-26 13:56:12 | INFO     | rexus.inventario.model | Submódulos especializados cargados
2025-08-26 13:56:12 | INFO     | rexus           | [STYLE] Tema oscuro detectado en Windows - aplicando correcciones criticas
2025-08-26 13:56:12 | INFO     | rexus           | [STYLE] Aplicando correcciones criticas automaticas para tema oscuro
2025-08-26 13:56:12 | INFO     | rexus           | [STYLE] [ART] Aplicando tema oscuro mejorado
2025-08-26 13:56:12 | INFO     | rexus           | [STYLE] [WARNING] No se pudo obtener instancia de QApplication
2025-08-26 13:56:12 | INFO     | rexus           | [STYLE] Aplicando correcciones criticas automaticas para tema oscuro
2025-08-26 13:56:12 | INFO     | rexus           | [STYLE] [ART] Aplicando tema oscuro mejorado
2025-08-26 13:56:12 | INFO     | rexus           | [STYLE]  Aplicando correcciones críticas de contraste
2025-08-26 13:56:12 | INFO     | rexus           | [STYLE] [OK] Correcciones automáticas aplicadas exitosamente
2025-08-26 13:56:12 | INFO     | rexus.vidrios.model | Sistema unificado de sanitización cargado
2025-08-26 13:56:13 | INFO     | rexus.modules.inventario.submodules | [SUBMODULOS INVENTARIO] __init__.py cargado (managers temporalmente deshabilitados)
2025-08-26 13:56:16 | INFO     | rexus           | Sistema de logging Rexus inicializado
2025-08-26 13:56:16 | WARNING  | rexus           | Submódulo contabilidad no disponible
2025-08-26 13:56:32 | INFO     | rexus           | Sistema de logging Rexus inicializado
2025-08-26 13:56:33 | INFO     | rexus.inventario.model | Submódulos especializados cargados
2025-08-26 13:56:33 | INFO     | rexus           | [STYLE] Tema oscuro detectado en Windows - aplicando correcciones criticas
2025-08-26 13:56:33 | INFO     | rexus           | [STYLE] Aplicando correcciones criticas automaticas para tema oscuro
2025-08-26 13:56:33 | INFO     | rexus           | [STYLE] [ART] Aplicando tema oscuro mejorado
2025-08-26 13:56:33 | INFO     | rexus           | [STYLE] [WARNING] No se pudo obtener instancia de QApplication
2025-08-26 13:56:33 | INFO     | rexus           | [STYLE] Aplicando correcciones criticas automaticas para tema oscuro
2025-08-26 13:56:33 | INFO     | rexus           | [STYLE] [ART] Aplicando tema oscuro mejorado
2025-08-26 13:56:33 | INFO     | rexus           | [STYLE]  Aplicando correcciones críticas de contraste
2025-08-26 13:56:33 | INFO     | rexus           | [STYLE] [OK] Correcciones automáticas aplicadas exitosamente
2025-08-26 13:56:33 | INFO     | rexus.vidrios.model | Sistema unificado de sanitización cargado
2025-08-26 13:56:34 | INFO     | rexus.modules.inventario.submodules | [SUBMODULOS INVENTARIO] __init__.py cargado (managers temporalmente deshabilitados)
2025-08-26 13:57:04 | INFO     | rexus           | Sistema de logging Rexus inicializado
2025-08-26 13:57:05 | INFO     | rexus.inventario.model | Submódulos especializados cargados
2025-08-26 13:57:05 | INFO     | rexus           | [STYLE] Tema oscuro detectado en Windows - aplicando correcciones criticas
2025-08-26 13:57:05 | INFO     | rexus           | [STYLE] Aplicando correcciones criticas automaticas para tema oscuro
2025-08-26 13:57:05 | INFO     | rexus           | [STYLE] [ART] Aplicando tema oscuro mejorado
2025-08-26 13:57:05 | INFO     | rexus           | [STYLE] [WARNING] No se pudo obtener instancia de QApplication
2025-08-26 13:57:05 | INFO     | rexus           | [STYLE] Aplicando correcciones criticas automaticas para tema oscuro
2025-08-26 13:57:05 | INFO     | rexus           | [STYLE] [ART] Aplicando tema oscuro mejorado
2025-08-26 13:57:05 | INFO     | rexus           | [STYLE]  Aplicando correcciones críticas de contraste
2025-08-26 13:57:05 | INFO     | rexus           | [STYLE] [OK] Correcciones automáticas aplicadas exitosamente
2025-08-26 13:57:05 | INFO     | rexus.vidrios.model | Sistema unificado de sanitización cargado
2025-08-26 13:57:05 | INFO     | rexus.modules.inventario.submodules | [SUBMODULOS INVENTARIO] __init__.py cargado (managers temporalmente deshabilitados)
2025-08-26 13:57:48 | INFO     | rexus           | Sistema de logging Rexus inicializado
2025-08-26 13:57:48 | INFO     | rexus.inventario.model | Submódulos especializados cargados
2025-08-26 13:57:48 | INFO     | rexus           | [STYLE] Tema oscuro detectado en Windows - aplicando correcciones criticas
2025-08-26 13:57:48 | INFO     | rexus           | [STYLE] Aplicando correcciones criticas automaticas para tema oscuro
2025-08-26 13:57:48 | INFO     | rexus           | [STYLE] [ART] Aplicando tema oscuro mejorado
2025-08-26 13:57:48 | INFO     | rexus           | [STYLE] [WARNING] No se pudo obtener instancia de QApplication
2025-08-26 13:57:48 | INFO     | rexus           | [STYLE] Aplicando correcciones criticas automaticas para tema oscuro
2025-08-26 13:57:48 | INFO     | rexus           | [STYLE] [ART] Aplicando tema oscuro mejorado
2025-08-26 13:57:48 | INFO     | rexus           | [STYLE]  Aplicando correcciones críticas de contraste
2025-08-26 13:57:48 | INFO     | rexus           | [STYLE] [OK] Correcciones automáticas aplicadas exitosamente
2025-08-26 13:57:48 | INFO     | rexus.vidrios.model | Sistema unificado de sanitización cargado
2025-08-26 13:57:49 | INFO     | rexus.modules.inventario.submodules | [SUBMODULOS INVENTARIO] __init__.py cargado (managers temporalmente deshabilitados)
2025-08-26 13:58:18 | INFO     | rexus           | Sistema de logging Rexus inicializado
2025-08-26 13:58:18 | INFO     | rexus.inventario.model | Submódulos especializados cargados
2025-08-26 13:58:18 | INFO     | rexus           | [STYLE] Tema oscuro detectado en Windows - aplicando correcciones criticas
2025-08-26 13:58:18 | INFO     | rexus           | [STYLE] Aplicando correcciones criticas automaticas para tema oscuro
2025-08-26 13:58:18 | INFO     | rexus           | [STYLE] [ART] Aplicando tema oscuro mejorado
2025-08-26 13:58:18 | INFO     | rexus           | [STYLE] [WARNING] No se pudo obtener instancia de QApplication
2025-08-26 13:58:18 | INFO     | rexus           | [STYLE] Aplicando correcciones criticas automaticas para tema oscuro
2025-08-26 13:58:18 | INFO     | rexus           | [STYLE] [ART] Aplicando tema oscuro mejorado
2025-08-26 13:58:18 | INFO     | rexus           | [STYLE]  Aplicando correcciones críticas de contraste
2025-08-26 13:58:18 | INFO     | rexus           | [STYLE] [OK] Correcciones automáticas aplicadas exitosamente
2025-08-26 13:58:18 | INFO     | rexus.vidrios.model | Sistema unificado de sanitización cargado
2025-08-26 13:58:19 | INFO     | rexus.modules.inventario.submodules | [SUBMODULOS INVENTARIO] __init__.py cargado (managers temporalmente deshabilitados)
2025-08-26 13:58:26 | INFO     | rexus           | Sistema de logging Rexus inicializado
2025-08-26 13:58:27 | INFO     | rexus.inventario.model | Submódulos especializados cargados
2025-08-26 13:58:27 | INFO     | rexus           | [STYLE] Tema oscuro detectado en Windows - aplicando correcciones criticas
2025-08-26 13:58:27 | INFO     | rexus           | [STYLE] Aplicando correcciones criticas automaticas para tema oscuro
2025-08-26 13:58:27 | INFO     | rexus           | [STYLE] [ART] Aplicando tema oscuro mejorado
2025-08-26 13:58:27 | INFO     | rexus           | [STYLE] [WARNING] No se pudo obtener instancia de QApplication
2025-08-26 13:58:27 | INFO     | rexus           | [STYLE] Aplicando correcciones criticas automaticas para tema oscuro
2025-08-26 13:58:27 | INFO     | rexus           | [STYLE] [ART] Aplicando tema oscuro mejorado
2025-08-26 13:58:27 | INFO     | rexus           | [STYLE]  Aplicando correcciones críticas de contraste
2025-08-26 13:58:27 | INFO     | rexus           | [STYLE] [OK] Correcciones automáticas aplicadas exitosamente
2025-08-26 13:58:27 | INFO     | rexus.vidrios.model | Sistema unificado de sanitización cargado
2025-08-26 13:58:28 | INFO     | rexus.modules.inventario.submodules | [SUBMODULOS INVENTARIO] __init__.py cargado (managers temporalmente deshabilitados)
2025-08-26 13:58:34 | INFO     | rexus           | Sistema de logging Rexus inicializado
2025-08-26 13:58:34 | INFO     | rexus.inventario.model | Submódulos especializados cargados
2025-08-26 13:58:35 | INFO     | rexus           | [STYLE] Tema oscuro detectado en Windows - aplicando correcciones criticas
2025-08-26 13:58:35 | INFO     | rexus           | [STYLE] Aplicando correcciones criticas automaticas para tema oscuro
2025-08-26 13:58:35 | INFO     | rexus           | [STYLE] [ART] Aplicando tema oscuro mejorado
2025-08-26 13:58:35 | INFO     | rexus           | [STYLE] [WARNING] No se pudo obtener instancia de QApplication
2025-08-26 13:58:35 | INFO     | rexus           | [STYLE] Aplicando correcciones criticas automaticas para tema oscuro
2025-08-26 13:58:35 | INFO     | rexus           | [STYLE] [ART] Aplicando tema oscuro mejorado
2025-08-26 13:58:35 | INFO     | rexus           | [STYLE]  Aplicando correcciones críticas de contraste
2025-08-26 13:58:35 | INFO     | rexus           | [STYLE] [OK] Correcciones automáticas aplicadas exitosamente
2025-08-26 13:58:35 | INFO     | rexus.vidrios.model | Sistema unificado de sanitización cargado
2025-08-26 13:58:35 | INFO     | rexus.modules.inventario.submodules | [SUBMODULOS INVENTARIO] __init__.py cargado (managers temporalmente deshabilitados)
2025-08-26 13:58:41 | INFO     | rexus           | Sistema de logging Rexus inicializado
2025-08-26 13:58:42 | INFO     | rexus.inventario.model | Submódulos especializados cargados
2025-08-26 13:58:42 | INFO     | rexus           | [STYLE] Tema oscuro detectado en Windows - aplicando correcciones criticas
2025-08-26 13:58:42 | INFO     | rexus           | [STYLE] Aplicando correcciones criticas automaticas para tema oscuro
2025-08-26 13:58:42 | INFO     | rexus           | [STYLE] [ART] Aplicando tema oscuro mejorado
2025-08-26 13:58:42 | INFO     | rexus           | [STYLE] [WARNING] No se pudo obtener instancia de QApplication
2025-08-26 13:58:42 | INFO     | rexus           | [STYLE] Aplicando correcciones criticas automaticas para tema oscuro
2025-08-26 13:58:42 | INFO     | rexus           | [STYLE] [ART] Aplicando tema oscuro mejorado
2025-08-26 13:58:42 | INFO     | rexus           | [STYLE]  Aplicando correcciones críticas de contraste
2025-08-26 13:58:42 | INFO     | rexus           | [STYLE] [OK] Correcciones automáticas aplicadas exitosamente
2025-08-26 13:58:42 | INFO     | rexus.vidrios.model | Sistema unificado de sanitización cargado
2025-08-26 13:58:42 | INFO     | rexus.modules.inventario.submodules | [SUBMODULOS INVENTARIO] __init__.py cargado (managers temporalmente deshabilitados)
2025-08-26 14:00:59 | INFO     | rexus           | Sistema de logging Rexus inicializado
2025-08-26 14:00:59 | INFO     | rexus.inventario.model | Submódulos especializados cargados
2025-08-26 14:00:59 | INFO     | rexus           | [STYLE] Tema oscuro detectado en Windows - aplicando correcciones criticas
2025-08-26 14:00:59 | INFO     | rexus           | [STYLE] Aplicando correcciones criticas automaticas para tema oscuro
2025-08-26 14:00:59 | INFO     | rexus           | [STYLE] [ART] Aplicando tema oscuro mejorado
2025-08-26 14:00:59 | INFO     | rexus           | [STYLE] [WARNING] No se pudo obtener instancia de QApplication
2025-08-26 14:00:59 | INFO     | rexus           | [STYLE] Aplicando correcciones criticas automaticas para tema oscuro
2025-08-26 14:00:59 | INFO     | rexus           | [STYLE] [ART] Aplicando tema oscuro mejorado
2025-08-26 14:00:59 | INFO     | rexus           | [STYLE]  Aplicando correcciones críticas de contraste
2025-08-26 14:00:59 | INFO     | rexus           | [STYLE] [OK] Correcciones automáticas aplicadas exitosamente
2025-08-26 14:00:59 | INFO     | rexus.vidrios.model | Sistema unificado de sanitización cargado
2025-08-26 14:01:00 | INFO     | rexus.modules.inventario.submodules | [SUBMODULOS INVENTARIO] __init__.py cargado (managers temporalmente deshabilitados)
2025-08-26 14:01:00 | INFO     | rexus           | Sistema de logging Rexus inicializado
2025-08-26 14:01:00 | WARNING  | rexus           | Submódulo contabilidad no disponible
2025-08-26 14:01:23 | INFO     | rexus           | Sistema de logging Rexus inicializado
2025-08-26 14:01:24 | INFO     | rexus.inventario.model | Submódulos especializados cargados
2025-08-26 14:01:24 | INFO     | rexus           | [STYLE] Tema oscuro detectado en Windows - aplicando correcciones criticas
2025-08-26 14:01:24 | INFO     | rexus           | [STYLE] Aplicando correcciones criticas automaticas para tema oscuro
2025-08-26 14:01:24 | INFO     | rexus           | [STYLE] [ART] Aplicando tema oscuro mejorado
2025-08-26 14:01:24 | INFO     | rexus           | [STYLE] [WARNING] No se pudo obtener instancia de QApplication
2025-08-26 14:01:24 | INFO     | rexus           | [STYLE] Aplicando correcciones criticas automaticas para tema oscuro
2025-08-26 14:01:24 | INFO     | rexus           | [STYLE] [ART] Aplicando tema oscuro mejorado
2025-08-26 14:01:24 | INFO     | rexus           | [STYLE]  Aplicando correcciones críticas de contraste
2025-08-26 14:01:24 | INFO     | rexus           | [STYLE] [OK] Correcciones automáticas aplicadas exitosamente
2025-08-26 14:01:24 | INFO     | rexus.vidrios.model | Sistema unificado de sanitización cargado
2025-08-26 14:01:24 | INFO     | rexus.modules.inventario.submodules | [SUBMODULOS INVENTARIO] __init__.py cargado (managers temporalmente deshabilitados)
2025-08-26 14:03:30 | INFO     | rexus           | Sistema de logging Rexus inicializado
2025-08-26 14:03:31 | INFO     | rexus.inventario.model | Submódulos especializados cargados
2025-08-26 14:03:31 | INFO     | rexus           | [STYLE] Tema oscuro detectado en Windows - aplicando correcciones criticas
2025-08-26 14:03:31 | INFO     | rexus           | [STYLE] Aplicando correcciones criticas automaticas para tema oscuro
2025-08-26 14:03:31 | INFO     | rexus           | [STYLE] [ART] Aplicando tema oscuro mejorado
2025-08-26 14:03:31 | INFO     | rexus           | [STYLE] [WARNING] No se pudo obtener instancia de QApplication
2025-08-26 14:03:31 | INFO     | rexus           | [STYLE] Aplicando correcciones criticas automaticas para tema oscuro
2025-08-26 14:03:31 | INFO     | rexus           | [STYLE] [ART] Aplicando tema oscuro mejorado
2025-08-26 14:03:31 | INFO     | rexus           | [STYLE]  Aplicando correcciones críticas de contraste
2025-08-26 14:03:31 | INFO     | rexus           | [STYLE] [OK] Correcciones automáticas aplicadas exitosamente
2025-08-26 14:03:31 | INFO     | rexus.vidrios.model | Sistema unificado de sanitización cargado
2025-08-26 14:03:31 | INFO     | rexus.modules.inventario.submodules | [SUBMODULOS INVENTARIO] __init__.py cargado (managers temporalmente deshabilitados)
2025-08-26 14:05:19 | INFO     | rexus           | Sistema de logging Rexus inicializado
2025-08-26 14:05:19 | INFO     | rexus.inventario.model | Submódulos especializados cargados
2025-08-26 14:05:19 | INFO     | rexus           | [STYLE] Tema oscuro detectado en Windows - aplicando correcciones criticas
2025-08-26 14:05:19 | INFO     | rexus           | [STYLE] Aplicando correcciones criticas automaticas para tema oscuro
2025-08-26 14:05:19 | INFO     | rexus           | [STYLE] [ART] Aplicando tema oscuro mejorado
2025-08-26 14:05:19 | INFO     | rexus           | [STYLE] [WARNING] No se pudo obtener instancia de QApplication
2025-08-26 14:05:19 | INFO     | rexus           | [STYLE] Aplicando correcciones criticas automaticas para tema oscuro
2025-08-26 14:05:19 | INFO     | rexus           | [STYLE] [ART] Aplicando tema oscuro mejorado
2025-08-26 14:05:19 | INFO     | rexus           | [STYLE]  Aplicando correcciones críticas de contraste
2025-08-26 14:05:19 | INFO     | rexus           | [STYLE] [OK] Correcciones automáticas aplicadas exitosamente
2025-08-26 14:05:19 | INFO     | rexus.vidrios.model | Sistema unificado de sanitización cargado
2025-08-26 14:05:20 | INFO     | rexus.modules.inventario.submodules | [SUBMODULOS INVENTARIO] __init__.py cargado (managers temporalmente deshabilitados)
2025-08-26 14:05:28 | INFO     | rexus           | Sistema de logging Rexus inicializado
2025-08-26 14:05:28 | INFO     | rexus.inventario.model | Submódulos especializados cargados
2025-08-26 14:05:28 | INFO     | rexus           | [STYLE] Tema oscuro detectado en Windows - aplicando correcciones criticas
2025-08-26 14:05:28 | INFO     | rexus           | [STYLE] Aplicando correcciones criticas automaticas para tema oscuro
2025-08-26 14:05:28 | INFO     | rexus           | [STYLE] [ART] Aplicando tema oscuro mejorado
2025-08-26 14:05:28 | INFO     | rexus           | [STYLE] [WARNING] No se pudo obtener instancia de QApplication
2025-08-26 14:05:28 | INFO     | rexus           | [STYLE] Aplicando correcciones criticas automaticas para tema oscuro
2025-08-26 14:05:28 | INFO     | rexus           | [STYLE] [ART] Aplicando tema oscuro mejorado
2025-08-26 14:05:28 | INFO     | rexus           | [STYLE]  Aplicando correcciones críticas de contraste
2025-08-26 14:05:28 | INFO     | rexus           | [STYLE] [OK] Correcciones automáticas aplicadas exitosamente
2025-08-26 14:05:28 | INFO     | rexus.vidrios.model | Sistema unificado de sanitización cargado
2025-08-26 14:05:29 | INFO     | rexus.modules.inventario.submodules | [SUBMODULOS INVENTARIO] __init__.py cargado (managers temporalmente deshabilitados)
2025-08-26 14:06:08 | INFO     | rexus           | Sistema de logging Rexus inicializado
2025-08-26 14:06:08 | INFO     | rexus.inventario.model | Submódulos especializados cargados
2025-08-26 14:06:08 | INFO     | rexus           | [STYLE] Tema oscuro detectado en Windows - aplicando correcciones criticas
2025-08-26 14:06:08 | INFO     | rexus           | [STYLE] Aplicando correcciones criticas automaticas para tema oscuro
2025-08-26 14:06:08 | INFO     | rexus           | [STYLE] [ART] Aplicando tema oscuro mejorado
2025-08-26 14:06:08 | INFO     | rexus           | [STYLE] [WARNING] No se pudo obtener instancia de QApplication
2025-08-26 14:06:08 | INFO     | rexus           | [STYLE] Aplicando correcciones criticas automaticas para tema oscuro
2025-08-26 14:06:08 | INFO     | rexus           | [STYLE] [ART] Aplicando tema oscuro mejorado
2025-08-26 14:06:08 | INFO     | rexus           | [STYLE]  Aplicando correcciones críticas de contraste
2025-08-26 14:06:08 | INFO     | rexus           | [STYLE] [OK] Correcciones automáticas aplicadas exitosamente
2025-08-26 14:06:08 | INFO     | rexus.vidrios.model | Sistema unificado de sanitización cargado
2025-08-26 14:06:09 | INFO     | rexus.modules.inventario.submodules | [SUBMODULOS INVENTARIO] __init__.py cargado (managers temporalmente deshabilitados)
2025-08-26 14:08:05 | INFO     | rexus           | Sistema de logging Rexus inicializado
2025-08-26 14:08:05 | INFO     | rexus.inventario.model | Submódulos especializados cargados
2025-08-26 14:08:05 | INFO     | rexus           | [STYLE] Tema oscuro detectado en Windows - aplicando correcciones criticas
2025-08-26 14:08:05 | INFO     | rexus           | [STYLE] Aplicando correcciones criticas automaticas para tema oscuro
2025-08-26 14:08:05 | INFO     | rexus           | [STYLE] [ART] Aplicando tema oscuro mejorado
2025-08-26 14:08:05 | INFO     | rexus           | [STYLE] [WARNING] No se pudo obtener instancia de QApplication
2025-08-26 14:08:05 | INFO     | rexus           | [STYLE] Aplicando correcciones criticas automaticas para tema oscuro
2025-08-26 14:08:05 | INFO     | rexus           | [STYLE] [ART] Aplicando tema oscuro mejorado
2025-08-26 14:08:05 | INFO     | rexus           | [STYLE]  Aplicando correcciones críticas de contraste
2025-08-26 14:08:05 | INFO     | rexus           | [STYLE] [OK] Correcciones automáticas aplicadas exitosamente
2025-08-26 14:08:05 | INFO     | rexus.vidrios.model | Sistema unificado de sanitización cargado
2025-08-26 14:08:06 | INFO     | rexus.modules.inventario.submodules | [SUBMODULOS INVENTARIO] __init__.py cargado (managers temporalmente deshabilitados)
2025-08-26 14:08:07 | INFO     | rexus           | Sistema de logging Rexus inicializado
2025-08-26 14:08:07 | WARNING  | rexus           | Submódulo contabilidad no disponible
2025-08-26 14:08:25 | INFO     | rexus           | Sistema de logging Rexus inicializado
2025-08-26 14:08:26 | INFO     | rexus.inventario.model | Submódulos especializados cargados
2025-08-26 14:08:26 | INFO     | rexus           | [STYLE] Tema oscuro detectado en Windows - aplicando correcciones criticas
2025-08-26 14:08:26 | INFO     | rexus           | [STYLE] Aplicando correcciones criticas automaticas para tema oscuro
2025-08-26 14:08:26 | INFO     | rexus           | [STYLE] [ART] Aplicando tema oscuro mejorado
2025-08-26 14:08:26 | INFO     | rexus           | [STYLE] [WARNING] No se pudo obtener instancia de QApplication
2025-08-26 14:08:26 | INFO     | rexus           | [STYLE] Aplicando correcciones criticas automaticas para tema oscuro
2025-08-26 14:08:26 | INFO     | rexus           | [STYLE] [ART] Aplicando tema oscuro mejorado
2025-08-26 14:08:26 | INFO     | rexus           | [STYLE]  Aplicando correcciones críticas de contraste
2025-08-26 14:08:26 | INFO     | rexus           | [STYLE] [OK] Correcciones automáticas aplicadas exitosamente
2025-08-26 14:08:26 | INFO     | rexus.vidrios.model | Sistema unificado de sanitización cargado
2025-08-26 14:08:26 | INFO     | rexus.modules.inventario.submodules | [SUBMODULOS INVENTARIO] __init__.py cargado (managers temporalmente deshabilitados)
2025-08-26 14:08:38 | INFO     | rexus           | Sistema de logging Rexus inicializado
2025-08-26 14:08:38 | INFO     | rexus.inventario.model | Submódulos especializados cargados
2025-08-26 14:08:38 | INFO     | rexus           | [STYLE] Tema oscuro detectado en Windows - aplicando correcciones criticas
2025-08-26 14:08:38 | INFO     | rexus           | [STYLE] Aplicando correcciones criticas automaticas para tema oscuro
2025-08-26 14:08:38 | INFO     | rexus           | [STYLE] [ART] Aplicando tema oscuro mejorado
2025-08-26 14:08:38 | INFO     | rexus           | [STYLE] [WARNING] No se pudo obtener instancia de QApplication
2025-08-26 14:08:38 | INFO     | rexus           | [STYLE] Aplicando correcciones criticas automaticas para tema oscuro
2025-08-26 14:08:38 | INFO     | rexus           | [STYLE] [ART] Aplicando tema oscuro mejorado
2025-08-26 14:08:38 | INFO     | rexus           | [STYLE]  Aplicando correcciones críticas de contraste
2025-08-26 14:08:38 | INFO     | rexus           | [STYLE] [OK] Correcciones automáticas aplicadas exitosamente
2025-08-26 14:08:38 | INFO     | rexus.vidrios.model | Sistema unificado de sanitización cargado
2025-08-26 14:08:39 | INFO     | rexus.modules.inventario.submodules | [SUBMODULOS INVENTARIO] __init__.py cargado (managers temporalmente deshabilitados)
2025-08-26 14:10:04 | INFO     | rexus           | Sistema de logging Rexus inicializado
2025-08-26 14:10:05 | INFO     | rexus.inventario.model | Submódulos especializados cargados
2025-08-26 14:10:05 | INFO     | rexus           | [STYLE] Tema oscuro detectado en Windows - aplicando correcciones criticas
2025-08-26 14:10:05 | INFO     | rexus           | [STYLE] Aplicando correcciones criticas automaticas para tema oscuro
2025-08-26 14:10:05 | INFO     | rexus           | [STYLE] [ART] Aplicando tema oscuro mejorado
2025-08-26 14:10:05 | INFO     | rexus           | [STYLE] [WARNING] No se pudo obtener instancia de QApplication
2025-08-26 14:10:05 | INFO     | rexus           | [STYLE] Aplicando correcciones criticas automaticas para tema oscuro
2025-08-26 14:10:05 | INFO     | rexus           | [STYLE] [ART] Aplicando tema oscuro mejorado
2025-08-26 14:10:05 | INFO     | rexus           | [STYLE]  Aplicando correcciones críticas de contraste
2025-08-26 14:10:05 | INFO     | rexus           | [STYLE] [OK] Correcciones automáticas aplicadas exitosamente
2025-08-26 14:10:05 | INFO     | rexus.vidrios.model | Sistema unificado de sanitización cargado
2025-08-26 14:10:05 | INFO     | rexus.modules.inventario.submodules | [SUBMODULOS INVENTARIO] __init__.py cargado (managers temporalmente deshabilitados)
2025-08-26 14:10:21 | INFO     | rexus           | Sistema de logging Rexus inicializado
2025-08-26 14:10:22 | INFO     | rexus.inventario.model | Submódulos especializados cargados
2025-08-26 14:10:22 | INFO     | rexus           | [STYLE] Tema oscuro detectado en Windows - aplicando correcciones criticas
2025-08-26 14:10:22 | INFO     | rexus           | [STYLE] Aplicando correcciones criticas automaticas para tema oscuro
2025-08-26 14:10:22 | INFO     | rexus           | [STYLE] [ART] Aplicando tema oscuro mejorado
2025-08-26 14:10:22 | INFO     | rexus           | [STYLE] [WARNING] No se pudo obtener instancia de QApplication
2025-08-26 14:10:22 | INFO     | rexus           | [STYLE] Aplicando correcciones criticas automaticas para tema oscuro
2025-08-26 14:10:22 | INFO     | rexus           | [STYLE] [ART] Aplicando tema oscuro mejorado
2025-08-26 14:10:22 | INFO     | rexus           | [STYLE]  Aplicando correcciones críticas de contraste
2025-08-26 14:10:22 | INFO     | rexus           | [STYLE] [OK] Correcciones automáticas aplicadas exitosamente
2025-08-26 14:10:22 | INFO     | rexus.vidrios.model | Sistema unificado de sanitización cargado
2025-08-26 14:10:22 | INFO     | rexus.modules.inventario.submodules | [SUBMODULOS INVENTARIO] __init__.py cargado (managers temporalmente deshabilitados)
2025-08-26 14:10:37 | INFO     | rexus           | Sistema de logging Rexus inicializado
2025-08-26 14:10:38 | INFO     | rexus.inventario.model | Submódulos especializados cargados
2025-08-26 14:10:38 | INFO     | rexus           | [STYLE] Tema oscuro detectado en Windows - aplicando correcciones criticas
2025-08-26 14:10:38 | INFO     | rexus           | [STYLE] Aplicando correcciones criticas automaticas para tema oscuro
2025-08-26 14:10:38 | INFO     | rexus           | [STYLE] [ART] Aplicando tema oscuro mejorado
2025-08-26 14:10:38 | INFO     | rexus           | [STYLE] [WARNING] No se pudo obtener instancia de QApplication
2025-08-26 14:10:38 | INFO     | rexus           | [STYLE] Aplicando correcciones criticas automaticas para tema oscuro
2025-08-26 14:10:38 | INFO     | rexus           | [STYLE] [ART] Aplicando tema oscuro mejorado
2025-08-26 14:10:38 | INFO     | rexus           | [STYLE]  Aplicando correcciones críticas de contraste
2025-08-26 14:10:38 | INFO     | rexus           | [STYLE] [OK] Correcciones automáticas aplicadas exitosamente
2025-08-26 14:10:38 | INFO     | rexus.vidrios.model | Sistema unificado de sanitización cargado
2025-08-26 14:10:38 | INFO     | rexus.modules.inventario.submodules | [SUBMODULOS INVENTARIO] __init__.py cargado (managers temporalmente deshabilitados)
2025-08-26 14:16:39 | INFO     | rexus           | Sistema de logging Rexus inicializado
2025-08-26 14:16:40 | INFO     | rexus.inventario.model | Submódulos especializados cargados
2025-08-26 14:16:40 | INFO     | rexus           | [STYLE] Tema oscuro detectado en Windows - aplicando correcciones criticas
2025-08-26 14:16:40 | INFO     | rexus           | [STYLE] Aplicando correcciones criticas automaticas para tema oscuro
2025-08-26 14:16:40 | INFO     | rexus           | [STYLE] [ART] Aplicando tema oscuro mejorado
2025-08-26 14:16:40 | INFO     | rexus           | [STYLE] [WARNING] No se pudo obtener instancia de QApplication
2025-08-26 14:16:40 | INFO     | rexus           | [STYLE] Aplicando correcciones criticas automaticas para tema oscuro
2025-08-26 14:16:40 | INFO     | rexus           | [STYLE] [ART] Aplicando tema oscuro mejorado
2025-08-26 14:16:40 | INFO     | rexus           | [STYLE]  Aplicando correcciones críticas de contraste
2025-08-26 14:16:40 | INFO     | rexus           | [STYLE] [OK] Correcciones automáticas aplicadas exitosamente
2025-08-26 14:16:40 | INFO     | rexus.vidrios.model | Sistema unificado de sanitización cargado
2025-08-26 14:16:40 | INFO     | rexus           | Sistema de logging Rexus inicializado
2025-08-26 14:16:41 | WARNING  | rexus           | Submódulo contabilidad no disponible
2025-08-26 14:16:41 | INFO     | rexus.modules.inventario.submodules | [SUBMODULOS INVENTARIO] __init__.py cargado (managers temporalmente deshabilitados)
2025-08-26 14:16:55 | INFO     | rexus           | Sistema de logging Rexus inicializado
2025-08-26 14:16:56 | INFO     | rexus.inventario.model | Submódulos especializados cargados
2025-08-26 14:16:57 | INFO     | rexus           | [STYLE] Tema oscuro detectado en Windows - aplicando correcciones criticas
2025-08-26 14:16:57 | INFO     | rexus           | [STYLE] Aplicando correcciones criticas automaticas para tema oscuro
2025-08-26 14:16:57 | INFO     | rexus           | [STYLE] [ART] Aplicando tema oscuro mejorado
2025-08-26 14:16:57 | INFO     | rexus           | [STYLE] [WARNING] No se pudo obtener instancia de QApplication
2025-08-26 14:16:57 | INFO     | rexus           | [STYLE] Aplicando correcciones criticas automaticas para tema oscuro
2025-08-26 14:16:57 | INFO     | rexus           | [STYLE] [ART] Aplicando tema oscuro mejorado
2025-08-26 14:16:57 | INFO     | rexus           | [STYLE]  Aplicando correcciones críticas de contraste
2025-08-26 14:16:57 | INFO     | rexus           | [STYLE] [OK] Correcciones automáticas aplicadas exitosamente
2025-08-26 14:16:57 | INFO     | rexus.vidrios.model | Sistema unificado de sanitización cargado
2025-08-26 14:16:57 | INFO     | rexus.modules.inventario.submodules | [SUBMODULOS INVENTARIO] __init__.py cargado (managers temporalmente deshabilitados)
2025-08-26 14:17:03 | INFO     | rexus           | Sistema de logging Rexus inicializado
2025-08-26 14:17:04 | INFO     | rexus.inventario.model | Submódulos especializados cargados
2025-08-26 14:17:04 | INFO     | rexus           | [STYLE] Tema oscuro detectado en Windows - aplicando correcciones criticas
2025-08-26 14:17:04 | INFO     | rexus           | [STYLE] Aplicando correcciones criticas automaticas para tema oscuro
2025-08-26 14:17:04 | INFO     | rexus           | [STYLE] [ART] Aplicando tema oscuro mejorado
2025-08-26 14:17:04 | INFO     | rexus           | [STYLE] [WARNING] No se pudo obtener instancia de QApplication
2025-08-26 14:17:04 | INFO     | rexus           | [STYLE] Aplicando correcciones criticas automaticas para tema oscuro
2025-08-26 14:17:04 | INFO     | rexus           | [STYLE] [ART] Aplicando tema oscuro mejorado
2025-08-26 14:17:04 | INFO     | rexus           | [STYLE]  Aplicando correcciones críticas de contraste
2025-08-26 14:17:04 | INFO     | rexus           | [STYLE] [OK] Correcciones automáticas aplicadas exitosamente
2025-08-26 14:17:04 | INFO     | rexus.vidrios.model | Sistema unificado de sanitización cargado
2025-08-26 14:17:05 | INFO     | rexus.modules.inventario.submodules | [SUBMODULOS INVENTARIO] __init__.py cargado (managers temporalmente deshabilitados)
2025-08-26 14:17:20 | INFO     | rexus           | Sistema de logging Rexus inicializado
2025-08-26 14:17:20 | WARNING  | rexus           | Submódulo contabilidad no disponible
2025-08-26 14:17:28 | INFO     | rexus           | Sistema de logging Rexus inicializado
2025-08-26 14:17:29 | INFO     | rexus.inventario.model | Submódulos especializados cargados
2025-08-26 14:17:29 | INFO     | rexus           | [STYLE] Tema oscuro detectado en Windows - aplicando correcciones criticas
2025-08-26 14:17:29 | INFO     | rexus           | [STYLE] Aplicando correcciones criticas automaticas para tema oscuro
2025-08-26 14:17:29 | INFO     | rexus           | [STYLE] [ART] Aplicando tema oscuro mejorado
2025-08-26 14:17:29 | INFO     | rexus           | [STYLE] [WARNING] No se pudo obtener instancia de QApplication
2025-08-26 14:17:29 | INFO     | rexus           | [STYLE] Aplicando correcciones criticas automaticas para tema oscuro
2025-08-26 14:17:29 | INFO     | rexus           | [STYLE] [ART] Aplicando tema oscuro mejorado
2025-08-26 14:17:29 | INFO     | rexus           | [STYLE]  Aplicando correcciones críticas de contraste
2025-08-26 14:17:29 | INFO     | rexus           | [STYLE] [OK] Correcciones automáticas aplicadas exitosamente
2025-08-26 14:17:29 | INFO     | rexus.vidrios.model | Sistema unificado de sanitización cargado
2025-08-26 14:17:30 | INFO     | rexus.modules.inventario.submodules | [SUBMODULOS INVENTARIO] __init__.py cargado (managers temporalmente deshabilitados)
2025-08-26 14:17:38 | INFO     | rexus           | Sistema de logging Rexus inicializado
2025-08-26 14:17:39 | INFO     | rexus           | Sistema de logging Rexus inicializado
2025-08-26 14:17:39 | WARNING  | rexus           | Submódulo contabilidad no disponible
2025-08-26 14:17:39 | INFO     | rexus.inventario.model | Submódulos especializados cargados
2025-08-26 14:17:40 | INFO     | rexus           | [STYLE] Tema oscuro detectado en Windows - aplicando correcciones criticas
2025-08-26 14:17:40 | INFO     | rexus           | [STYLE] Aplicando correcciones criticas automaticas para tema oscuro
2025-08-26 14:17:40 | INFO     | rexus           | [STYLE] [ART] Aplicando tema oscuro mejorado
2025-08-26 14:17:40 | INFO     | rexus           | [STYLE] [WARNING] No se pudo obtener instancia de QApplication
2025-08-26 14:17:40 | INFO     | rexus           | [STYLE] Aplicando correcciones criticas automaticas para tema oscuro
2025-08-26 14:17:40 | INFO     | rexus           | [STYLE] [ART] Aplicando tema oscuro mejorado
2025-08-26 14:17:40 | INFO     | rexus           | [STYLE]  Aplicando correcciones críticas de contraste
2025-08-26 14:17:40 | INFO     | rexus           | [STYLE] [OK] Correcciones automáticas aplicadas exitosamente
2025-08-26 14:17:40 | INFO     | rexus.vidrios.model | Sistema unificado de sanitización cargado
2025-08-26 14:17:40 | INFO     | rexus.modules.inventario.submodules | [SUBMODULOS INVENTARIO] __init__.py cargado (managers temporalmente deshabilitados)
2025-08-26 14:17:54 | INFO     | rexus           | Sistema de logging Rexus inicializado
2025-08-26 14:17:55 | INFO     | rexus.inventario.model | Submódulos especializados cargados
2025-08-26 14:17:55 | INFO     | rexus           | [STYLE] Tema oscuro detectado en Windows - aplicando correcciones criticas
2025-08-26 14:17:55 | INFO     | rexus           | [STYLE] Aplicando correcciones criticas automaticas para tema oscuro
2025-08-26 14:17:55 | INFO     | rexus           | [STYLE] [ART] Aplicando tema oscuro mejorado
2025-08-26 14:17:55 | INFO     | rexus           | [STYLE] [WARNING] No se pudo obtener instancia de QApplication
2025-08-26 14:17:55 | INFO     | rexus           | [STYLE] Aplicando correcciones criticas automaticas para tema oscuro
2025-08-26 14:17:55 | INFO     | rexus           | [STYLE] [ART] Aplicando tema oscuro mejorado
2025-08-26 14:17:55 | INFO     | rexus           | [STYLE]  Aplicando correcciones críticas de contraste
2025-08-26 14:17:55 | INFO     | rexus           | [STYLE] [OK] Correcciones automáticas aplicadas exitosamente
2025-08-26 14:17:55 | INFO     | rexus.vidrios.model | Sistema unificado de sanitización cargado
2025-08-26 14:17:56 | INFO     | rexus.modules.inventario.submodules | [SUBMODULOS INVENTARIO] __init__.py cargado (managers temporalmente deshabilitados)
2025-08-26 14:18:13 | INFO     | rexus           | Sistema de logging Rexus inicializado
2025-08-26 14:18:14 | INFO     | rexus.inventario.model | Submódulos especializados cargados
2025-08-26 14:18:14 | INFO     | rexus           | [STYLE] Tema oscuro detectado en Windows - aplicando correcciones criticas
2025-08-26 14:18:14 | INFO     | rexus           | [STYLE] Aplicando correcciones criticas automaticas para tema oscuro
2025-08-26 14:18:14 | INFO     | rexus           | [STYLE] [ART] Aplicando tema oscuro mejorado
2025-08-26 14:18:14 | INFO     | rexus           | [STYLE] [WARNING] No se pudo obtener instancia de QApplication
2025-08-26 14:18:14 | INFO     | rexus           | [STYLE] Aplicando correcciones criticas automaticas para tema oscuro
2025-08-26 14:18:14 | INFO     | rexus           | [STYLE] [ART] Aplicando tema oscuro mejorado
2025-08-26 14:18:14 | INFO     | rexus           | [STYLE]  Aplicando correcciones críticas de contraste
2025-08-26 14:18:14 | INFO     | rexus           | [STYLE] [OK] Correcciones automáticas aplicadas exitosamente
2025-08-26 14:18:14 | INFO     | rexus.vidrios.model | Sistema unificado de sanitización cargado
2025-08-26 14:18:15 | INFO     | rexus.modules.inventario.submodules | [SUBMODULOS INVENTARIO] __init__.py cargado (managers temporalmente deshabilitados)
2025-08-26 14:18:30 | INFO     | rexus           | Sistema de logging Rexus inicializado
2025-08-26 14:18:31 | INFO     | rexus.inventario.model | Submódulos especializados cargados
2025-08-26 14:18:31 | INFO     | rexus           | [STYLE] Tema oscuro detectado en Windows - aplicando correcciones criticas
2025-08-26 14:18:31 | INFO     | rexus           | [STYLE] Aplicando correcciones criticas automaticas para tema oscuro
2025-08-26 14:18:31 | INFO     | rexus           | [STYLE] [ART] Aplicando tema oscuro mejorado
2025-08-26 14:18:31 | INFO     | rexus           | [STYLE] [WARNING] No se pudo obtener instancia de QApplication
2025-08-26 14:18:31 | INFO     | rexus           | [STYLE] Aplicando correcciones criticas automaticas para tema oscuro
2025-08-26 14:18:31 | INFO     | rexus           | [STYLE] [ART] Aplicando tema oscuro mejorado
2025-08-26 14:18:31 | INFO     | rexus           | [STYLE]  Aplicando correcciones críticas de contraste
2025-08-26 14:18:31 | INFO     | rexus           | [STYLE] [OK] Correcciones automáticas aplicadas exitosamente
2025-08-26 14:18:31 | INFO     | rexus.vidrios.model | Sistema unificado de sanitización cargado
2025-08-26 14:18:31 | INFO     | rexus.modules.inventario.submodules | [SUBMODULOS INVENTARIO] __init__.py cargado (managers temporalmente deshabilitados)
2025-08-26 14:18:50 | INFO     | rexus           | Sistema de logging Rexus inicializado
2025-08-26 14:18:51 | INFO     | rexus.inventario.model | Submódulos especializados cargados
2025-08-26 14:18:51 | INFO     | rexus           | [STYLE] Tema oscuro detectado en Windows - aplicando correcciones criticas
2025-08-26 14:18:51 | INFO     | rexus           | [STYLE] Aplicando correcciones criticas automaticas para tema oscuro
2025-08-26 14:18:51 | INFO     | rexus           | [STYLE] [ART] Aplicando tema oscuro mejorado
2025-08-26 14:18:51 | INFO     | rexus           | [STYLE] [WARNING] No se pudo obtener instancia de QApplication
2025-08-26 14:18:51 | INFO     | rexus           | [STYLE] Aplicando correcciones criticas automaticas para tema oscuro
2025-08-26 14:18:51 | INFO     | rexus           | [STYLE] [ART] Aplicando tema oscuro mejorado
2025-08-26 14:18:51 | INFO     | rexus           | [STYLE]  Aplicando correcciones críticas de contraste
2025-08-26 14:18:51 | INFO     | rexus           | [STYLE] [OK] Correcciones automáticas aplicadas exitosamente
2025-08-26 14:18:51 | INFO     | rexus.vidrios.model | Sistema unificado de sanitización cargado
2025-08-26 14:18:51 | INFO     | rexus.modules.inventario.submodules | [SUBMODULOS INVENTARIO] __init__.py cargado (managers temporalmente deshabilitados)
2025-08-26 14:19:30 | INFO     | rexus           | Sistema de logging Rexus inicializado
2025-08-26 14:19:31 | INFO     | rexus.inventario.model | Submódulos especializados cargados
2025-08-26 14:19:31 | INFO     | rexus           | [STYLE] Tema oscuro detectado en Windows - aplicando correcciones criticas
2025-08-26 14:19:31 | INFO     | rexus           | [STYLE] Aplicando correcciones criticas automaticas para tema oscuro
2025-08-26 14:19:31 | INFO     | rexus           | [STYLE] [ART] Aplicando tema oscuro mejorado
2025-08-26 14:19:31 | INFO     | rexus           | [STYLE] [WARNING] No se pudo obtener instancia de QApplication
2025-08-26 14:19:31 | INFO     | rexus           | [STYLE] Aplicando correcciones criticas automaticas para tema oscuro
2025-08-26 14:19:31 | INFO     | rexus           | [STYLE] [ART] Aplicando tema oscuro mejorado
2025-08-26 14:19:31 | INFO     | rexus           | [STYLE]  Aplicando correcciones críticas de contraste
2025-08-26 14:19:31 | INFO     | rexus           | [STYLE] [OK] Correcciones automáticas aplicadas exitosamente
2025-08-26 14:19:31 | INFO     | rexus.vidrios.model | Sistema unificado de sanitización cargado
2025-08-26 14:19:32 | INFO     | rexus.modules.inventario.submodules | [SUBMODULOS INVENTARIO] __init__.py cargado (managers temporalmente deshabilitados)
2025-08-26 14:19:43 | INFO     | rexus           | Sistema de logging Rexus inicializado
2025-08-26 14:19:44 | INFO     | rexus.inventario.model | Submódulos especializados cargados
2025-08-26 14:19:44 | INFO     | rexus           | [STYLE] Tema oscuro detectado en Windows - aplicando correcciones criticas
2025-08-26 14:19:44 | INFO     | rexus           | [STYLE] Aplicando correcciones criticas automaticas para tema oscuro
2025-08-26 14:19:44 | INFO     | rexus           | [STYLE] [ART] Aplicando tema oscuro mejorado
2025-08-26 14:19:44 | INFO     | rexus           | [STYLE] [WARNING] No se pudo obtener instancia de QApplication
2025-08-26 14:19:44 | INFO     | rexus           | [STYLE] Aplicando correcciones criticas automaticas para tema oscuro
2025-08-26 14:19:44 | INFO     | rexus           | [STYLE] [ART] Aplicando tema oscuro mejorado
2025-08-26 14:19:44 | INFO     | rexus           | [STYLE]  Aplicando correcciones críticas de contraste
2025-08-26 14:19:44 | INFO     | rexus           | [STYLE] [OK] Correcciones automáticas aplicadas exitosamente
2025-08-26 14:19:44 | INFO     | rexus.vidrios.model | Sistema unificado de sanitización cargado
2025-08-26 14:19:45 | INFO     | rexus.modules.inventario.submodules | [SUBMODULOS INVENTARIO] __init__.py cargado (managers temporalmente deshabilitados)
2025-08-26 14:27:52 | INFO     | rexus           | Sistema de logging Rexus inicializado
2025-08-26 14:27:53 | INFO     | rexus.inventario.model | Submódulos especializados cargados
2025-08-26 14:27:54 | INFO     | rexus           | [STYLE] Tema oscuro detectado en Windows - aplicando correcciones criticas
2025-08-26 14:27:54 | INFO     | rexus           | [STYLE] Aplicando correcciones criticas automaticas para tema oscuro
2025-08-26 14:27:54 | INFO     | rexus           | [STYLE] [ART] Aplicando tema oscuro mejorado
2025-08-26 14:27:54 | INFO     | rexus           | [STYLE] [WARNING] No se pudo obtener instancia de QApplication
2025-08-26 14:27:54 | INFO     | rexus           | [STYLE] Aplicando correcciones criticas automaticas para tema oscuro
2025-08-26 14:27:54 | INFO     | rexus           | [STYLE] [ART] Aplicando tema oscuro mejorado
2025-08-26 14:27:54 | INFO     | rexus           | [STYLE]  Aplicando correcciones críticas de contraste
2025-08-26 14:27:54 | INFO     | rexus           | [STYLE] [OK] Correcciones automáticas aplicadas exitosamente
2025-08-26 14:27:54 | INFO     | rexus.vidrios.model | Sistema unificado de sanitización cargado
2025-08-26 14:27:55 | INFO     | rexus.modules.inventario.submodules | [SUBMODULOS INVENTARIO] __init__.py cargado (managers temporalmente deshabilitados)
2025-08-26 14:38:02 | INFO     | rexus           | Sistema de logging Rexus inicializado
2025-08-26 14:38:04 | INFO     | rexus.inventario.model | Submódulos especializados cargados
2025-08-26 14:38:04 | INFO     | rexus           | [STYLE] Tema oscuro detectado en Windows - aplicando correcciones criticas
2025-08-26 14:38:04 | INFO     | rexus           | [STYLE] Aplicando correcciones criticas automaticas para tema oscuro
2025-08-26 14:38:04 | INFO     | rexus           | [STYLE] [ART] Aplicando tema oscuro mejorado
2025-08-26 14:38:04 | INFO     | rexus           | [STYLE] [WARNING] No se pudo obtener instancia de QApplication
2025-08-26 14:38:04 | INFO     | rexus           | [STYLE] Aplicando correcciones criticas automaticas para tema oscuro
2025-08-26 14:38:04 | INFO     | rexus           | [STYLE] [ART] Aplicando tema oscuro mejorado
2025-08-26 14:38:04 | INFO     | rexus           | [STYLE]  Aplicando correcciones críticas de contraste
2025-08-26 14:38:04 | INFO     | rexus           | [STYLE] [OK] Correcciones automáticas aplicadas exitosamente
2025-08-26 14:38:04 | INFO     | rexus.vidrios.model | Sistema unificado de sanitización cargado
2025-08-26 14:38:05 | INFO     | rexus.modules.inventario.submodules | [SUBMODULOS INVENTARIO] __init__.py cargado (managers temporalmente deshabilitados)
2025-08-26 14:38:38 | INFO     | rexus           | Sistema de logging Rexus inicializado
2025-08-26 14:38:39 | INFO     | rexus.inventario.model | Submódulos especializados cargados
2025-08-26 14:38:40 | INFO     | rexus           | [STYLE] Tema oscuro detectado en Windows - aplicando correcciones criticas
2025-08-26 14:38:40 | INFO     | rexus           | [STYLE] Aplicando correcciones criticas automaticas para tema oscuro
2025-08-26 14:38:40 | INFO     | rexus           | [STYLE] [ART] Aplicando tema oscuro mejorado
2025-08-26 14:38:40 | INFO     | rexus           | [STYLE] [WARNING] No se pudo obtener instancia de QApplication
2025-08-26 14:38:40 | INFO     | rexus           | [STYLE] Aplicando correcciones criticas automaticas para tema oscuro
2025-08-26 14:38:40 | INFO     | rexus           | [STYLE] [ART] Aplicando tema oscuro mejorado
2025-08-26 14:38:40 | INFO     | rexus           | [STYLE]  Aplicando correcciones críticas de contraste
2025-08-26 14:38:40 | INFO     | rexus           | [STYLE] [OK] Correcciones automáticas aplicadas exitosamente
2025-08-26 14:38:40 | INFO     | rexus.vidrios.model | Sistema unificado de sanitización cargado
2025-08-26 14:38:41 | INFO     | rexus.modules.inventario.submodules | [SUBMODULOS INVENTARIO] __init__.py cargado (managers temporalmente deshabilitados)
2025-08-26 14:39:23 | INFO     | rexus           | Sistema de logging Rexus inicializado
2025-08-26 14:39:24 | INFO     | rexus.inventario.model | Submódulos especializados cargados
2025-08-26 14:39:24 | INFO     | rexus           | [STYLE] Tema oscuro detectado en Windows - aplicando correcciones criticas
2025-08-26 14:39:24 | INFO     | rexus           | [STYLE] Aplicando correcciones criticas automaticas para tema oscuro
2025-08-26 14:39:24 | INFO     | rexus           | [STYLE] [ART] Aplicando tema oscuro mejorado
2025-08-26 14:39:24 | INFO     | rexus           | [STYLE] [WARNING] No se pudo obtener instancia de QApplication
2025-08-26 14:39:24 | INFO     | rexus           | [STYLE] Aplicando correcciones criticas automaticas para tema oscuro
2025-08-26 14:39:24 | INFO     | rexus           | [STYLE] [ART] Aplicando tema oscuro mejorado
2025-08-26 14:39:24 | INFO     | rexus           | [STYLE]  Aplicando correcciones críticas de contraste
2025-08-26 14:39:24 | INFO     | rexus           | [STYLE] [OK] Correcciones automáticas aplicadas exitosamente
2025-08-26 14:39:24 | INFO     | rexus.vidrios.model | Sistema unificado de sanitización cargado
2025-08-26 14:39:25 | INFO     | rexus.modules.inventario.submodules | [SUBMODULOS INVENTARIO] __init__.py cargado (managers temporalmente deshabilitados)
2025-08-26 14:39:49 | INFO     | rexus           | Sistema de logging Rexus inicializado
2025-08-26 14:39:50 | INFO     | rexus.inventario.model | Submódulos especializados cargados
2025-08-26 14:39:51 | INFO     | rexus           | [STYLE] Tema oscuro detectado en Windows - aplicando correcciones criticas
2025-08-26 14:39:51 | INFO     | rexus           | [STYLE] Aplicando correcciones criticas automaticas para tema oscuro
2025-08-26 14:39:51 | INFO     | rexus           | [STYLE] [ART] Aplicando tema oscuro mejorado
2025-08-26 14:39:51 | INFO     | rexus           | [STYLE] [WARNING] No se pudo obtener instancia de QApplication
2025-08-26 14:39:51 | INFO     | rexus           | [STYLE] Aplicando correcciones criticas automaticas para tema oscuro
2025-08-26 14:39:51 | INFO     | rexus           | [STYLE] [ART] Aplicando tema oscuro mejorado
2025-08-26 14:39:51 | INFO     | rexus           | [STYLE]  Aplicando correcciones críticas de contraste
2025-08-26 14:39:51 | INFO     | rexus           | [STYLE] [OK] Correcciones automáticas aplicadas exitosamente
2025-08-26 14:39:51 | INFO     | rexus.vidrios.model | Sistema unificado de sanitización cargado
2025-08-26 14:39:52 | INFO     | rexus.modules.inventario.submodules | [SUBMODULOS INVENTARIO] __init__.py cargado (managers temporalmente deshabilitados)
2025-08-26 14:45:53 | INFO     | rexus           | Sistema de logging Rexus inicializado
2025-08-26 14:45:54 | INFO     | rexus.inventario.model | Submódulos especializados cargados
2025-08-26 14:45:54 | INFO     | rexus           | [STYLE] Tema oscuro detectado en Windows - aplicando correcciones criticas
2025-08-26 14:45:54 | INFO     | rexus           | [STYLE] Aplicando correcciones criticas automaticas para tema oscuro
2025-08-26 14:45:54 | INFO     | rexus           | [STYLE] [ART] Aplicando tema oscuro mejorado
2025-08-26 14:45:54 | INFO     | rexus           | [STYLE] [WARNING] No se pudo obtener instancia de QApplication
2025-08-26 14:45:54 | INFO     | rexus           | [STYLE] Aplicando correcciones criticas automaticas para tema oscuro
2025-08-26 14:45:54 | INFO     | rexus           | [STYLE] [ART] Aplicando tema oscuro mejorado
2025-08-26 14:45:54 | INFO     | rexus           | [STYLE]  Aplicando correcciones críticas de contraste
2025-08-26 14:45:54 | INFO     | rexus           | [STYLE] [OK] Correcciones automáticas aplicadas exitosamente
2025-08-26 14:45:54 | INFO     | rexus.vidrios.model | Sistema unificado de sanitización cargado
2025-08-26 14:45:55 | INFO     | rexus.modules.inventario.submodules | [SUBMODULOS INVENTARIO] __init__.py cargado (managers temporalmente deshabilitados)
2025-08-26 14:49:06 | INFO     | rexus           | Sistema de logging Rexus inicializado
2025-08-26 14:49:07 | INFO     | rexus.inventario.model | Submódulos especializados cargados
2025-08-26 14:49:07 | INFO     | rexus           | [STYLE] Tema oscuro detectado en Windows - aplicando correcciones criticas
2025-08-26 14:49:07 | INFO     | rexus           | [STYLE] Aplicando correcciones criticas automaticas para tema oscuro
2025-08-26 14:49:07 | INFO     | rexus           | [STYLE] [ART] Aplicando tema oscuro mejorado
2025-08-26 14:49:07 | INFO     | rexus           | [STYLE] [WARNING] No se pudo obtener instancia de QApplication
2025-08-26 14:49:07 | INFO     | rexus           | [STYLE] Aplicando correcciones criticas automaticas para tema oscuro
2025-08-26 14:49:07 | INFO     | rexus           | [STYLE] [ART] Aplicando tema oscuro mejorado
2025-08-26 14:49:07 | INFO     | rexus           | [STYLE]  Aplicando correcciones críticas de contraste
2025-08-26 14:49:07 | INFO     | rexus           | [STYLE] [OK] Correcciones automáticas aplicadas exitosamente
2025-08-26 14:49:07 | INFO     | rexus.vidrios.model | Sistema unificado de sanitización cargado
2025-08-26 14:49:08 | INFO     | rexus.modules.inventario.submodules | [SUBMODULOS INVENTARIO] __init__.py cargado (managers temporalmente deshabilitados)
2025-08-26 14:51:23 | INFO     | rexus           | Sistema de logging Rexus inicializado
2025-08-26 14:51:25 | INFO     | rexus.inventario.model | Submódulos especializados cargados
2025-08-26 14:51:25 | INFO     | rexus           | [STYLE] Tema oscuro detectado en Windows - aplicando correcciones criticas
2025-08-26 14:51:25 | INFO     | rexus           | [STYLE] Aplicando correcciones criticas automaticas para tema oscuro
2025-08-26 14:51:25 | INFO     | rexus           | [STYLE] [ART] Aplicando tema oscuro mejorado
2025-08-26 14:51:25 | INFO     | rexus           | [STYLE] [WARNING] No se pudo obtener instancia de QApplication
2025-08-26 14:51:25 | INFO     | rexus           | [STYLE] Aplicando correcciones criticas automaticas para tema oscuro
2025-08-26 14:51:25 | INFO     | rexus           | [STYLE] [ART] Aplicando tema oscuro mejorado
2025-08-26 14:51:25 | INFO     | rexus           | [STYLE]  Aplicando correcciones críticas de contraste
2025-08-26 14:51:25 | INFO     | rexus           | [STYLE] [OK] Correcciones automáticas aplicadas exitosamente
2025-08-26 14:51:25 | INFO     | rexus.vidrios.model | Sistema unificado de sanitización cargado
2025-08-26 14:51:26 | INFO     | rexus.modules.inventario.submodules | [SUBMODULOS INVENTARIO] __init__.py cargado (managers temporalmente deshabilitados)
2025-08-26 14:51:57 | INFO     | rexus           | Sistema de logging Rexus inicializado
2025-08-26 14:51:58 | INFO     | rexus.inventario.model | Submódulos especializados cargados
2025-08-26 14:51:58 | INFO     | rexus           | [STYLE] Tema oscuro detectado en Windows - aplicando correcciones criticas
2025-08-26 14:51:58 | INFO     | rexus           | [STYLE] Aplicando correcciones criticas automaticas para tema oscuro
2025-08-26 14:51:58 | INFO     | rexus           | [STYLE] [ART] Aplicando tema oscuro mejorado
2025-08-26 14:51:58 | INFO     | rexus           | [STYLE] [WARNING] No se pudo obtener instancia de QApplication
2025-08-26 14:51:58 | INFO     | rexus           | [STYLE] Aplicando correcciones criticas automaticas para tema oscuro
2025-08-26 14:51:58 | INFO     | rexus           | [STYLE] [ART] Aplicando tema oscuro mejorado
2025-08-26 14:51:58 | INFO     | rexus           | [STYLE]  Aplicando correcciones críticas de contraste
2025-08-26 14:51:58 | INFO     | rexus           | [STYLE] [OK] Correcciones automáticas aplicadas exitosamente
2025-08-26 14:51:58 | INFO     | rexus.vidrios.model | Sistema unificado de sanitización cargado
2025-08-26 14:51:59 | INFO     | rexus.modules.inventario.submodules | [SUBMODULOS INVENTARIO] __init__.py cargado (managers temporalmente deshabilitados)
2025-08-26 14:52:13 | INFO     | rexus           | Sistema de logging Rexus inicializado
2025-08-26 14:52:14 | INFO     | rexus.inventario.model | Submódulos especializados cargados
2025-08-26 14:52:14 | INFO     | rexus.modules.inventario.submodules | [SUBMODULOS INVENTARIO] __init__.py cargado (managers temporalmente deshabilitados)
2025-08-26 14:53:17 | INFO     | rexus           | Sistema de logging Rexus inicializado
2025-08-26 14:53:18 | INFO     | rexus.inventario.model | Submódulos especializados cargados
2025-08-26 14:53:18 | INFO     | rexus           | [STYLE] Tema oscuro detectado en Windows - aplicando correcciones criticas
2025-08-26 14:53:18 | INFO     | rexus           | [STYLE] Aplicando correcciones criticas automaticas para tema oscuro
2025-08-26 14:53:18 | INFO     | rexus           | [STYLE] [ART] Aplicando tema oscuro mejorado
2025-08-26 14:53:18 | INFO     | rexus           | [STYLE] [WARNING] No se pudo obtener instancia de QApplication
2025-08-26 14:53:18 | INFO     | rexus           | [STYLE] Aplicando correcciones criticas automaticas para tema oscuro
2025-08-26 14:53:18 | INFO     | rexus           | [STYLE] [ART] Aplicando tema oscuro mejorado
2025-08-26 14:53:18 | INFO     | rexus           | [STYLE]  Aplicando correcciones críticas de contraste
2025-08-26 14:53:18 | INFO     | rexus           | [STYLE] [OK] Correcciones automáticas aplicadas exitosamente
2025-08-26 14:53:18 | INFO     | rexus.vidrios.model | Sistema unificado de sanitización cargado
2025-08-26 14:53:19 | INFO     | rexus.modules.inventario.submodules | [SUBMODULOS INVENTARIO] __init__.py cargado (managers temporalmente deshabilitados)
2025-08-26 14:53:45 | INFO     | rexus           | Sistema de logging Rexus inicializado
2025-08-26 14:53:46 | INFO     | rexus.inventario.model | Submódulos especializados cargados
2025-08-26 14:53:46 | INFO     | rexus           | [STYLE] Tema oscuro detectado en Windows - aplicando correcciones criticas
2025-08-26 14:53:46 | INFO     | rexus           | [STYLE] Aplicando correcciones criticas automaticas para tema oscuro
2025-08-26 14:53:46 | INFO     | rexus           | [STYLE] [ART] Aplicando tema oscuro mejorado
2025-08-26 14:53:46 | INFO     | rexus           | [STYLE] [WARNING] No se pudo obtener instancia de QApplication
2025-08-26 14:53:46 | INFO     | rexus           | [STYLE] Aplicando correcciones criticas automaticas para tema oscuro
2025-08-26 14:53:46 | INFO     | rexus           | [STYLE] [ART] Aplicando tema oscuro mejorado
2025-08-26 14:53:46 | INFO     | rexus           | [STYLE]  Aplicando correcciones críticas de contraste
2025-08-26 14:53:46 | INFO     | rexus           | [STYLE] [OK] Correcciones automáticas aplicadas exitosamente
2025-08-26 14:53:46 | INFO     | rexus.vidrios.model | Sistema unificado de sanitización cargado
2025-08-26 14:53:47 | INFO     | rexus.modules.inventario.submodules | [SUBMODULOS INVENTARIO] __init__.py cargado (managers temporalmente deshabilitados)
2025-08-26 14:53:53 | INFO     | rexus           | Sistema de logging Rexus inicializado
2025-08-26 14:53:54 | INFO     | rexus.inventario.model | Submódulos especializados cargados
2025-08-26 14:53:54 | INFO     | rexus           | [STYLE] Tema oscuro detectado en Windows - aplicando correcciones criticas
2025-08-26 14:53:54 | INFO     | rexus           | [STYLE] Aplicando correcciones criticas automaticas para tema oscuro
2025-08-26 14:53:54 | INFO     | rexus           | [STYLE] [ART] Aplicando tema oscuro mejorado
2025-08-26 14:53:54 | INFO     | rexus           | [STYLE] [WARNING] No se pudo obtener instancia de QApplication
2025-08-26 14:53:54 | INFO     | rexus           | [STYLE] Aplicando correcciones criticas automaticas para tema oscuro
2025-08-26 14:53:54 | INFO     | rexus           | [STYLE] [ART] Aplicando tema oscuro mejorado
2025-08-26 14:53:54 | INFO     | rexus           | [STYLE]  Aplicando correcciones críticas de contraste
2025-08-26 14:53:54 | INFO     | rexus           | [STYLE] [OK] Correcciones automáticas aplicadas exitosamente
2025-08-26 14:53:54 | INFO     | rexus.vidrios.model | Sistema unificado de sanitización cargado
2025-08-26 14:53:55 | INFO     | rexus.modules.inventario.submodules | [SUBMODULOS INVENTARIO] __init__.py cargado (managers temporalmente deshabilitados)
2025-08-26 14:54:06 | INFO     | rexus           | Sistema de logging Rexus inicializado
2025-08-26 14:54:07 | INFO     | rexus.inventario.model | Submódulos especializados cargados
2025-08-26 14:54:07 | INFO     | rexus           | [STYLE] Tema oscuro detectado en Windows - aplicando correcciones criticas
2025-08-26 14:54:07 | INFO     | rexus           | [STYLE] Aplicando correcciones criticas automaticas para tema oscuro
2025-08-26 14:54:07 | INFO     | rexus           | [STYLE] [ART] Aplicando tema oscuro mejorado
2025-08-26 14:54:07 | INFO     | rexus           | [STYLE] [WARNING] No se pudo obtener instancia de QApplication
2025-08-26 14:54:07 | INFO     | rexus           | [STYLE] Aplicando correcciones criticas automaticas para tema oscuro
2025-08-26 14:54:07 | INFO     | rexus           | [STYLE] [ART] Aplicando tema oscuro mejorado
2025-08-26 14:54:07 | INFO     | rexus           | [STYLE]  Aplicando correcciones críticas de contraste
2025-08-26 14:54:07 | INFO     | rexus           | [STYLE] [OK] Correcciones automáticas aplicadas exitosamente
2025-08-26 14:54:07 | INFO     | rexus.vidrios.model | Sistema unificado de sanitización cargado
2025-08-26 14:54:08 | INFO     | rexus.modules.inventario.submodules | [SUBMODULOS INVENTARIO] __init__.py cargado (managers temporalmente deshabilitados)
2025-08-26 14:54:35 | INFO     | rexus           | Sistema de logging Rexus inicializado
2025-08-26 14:54:36 | INFO     | rexus.inventario.model | Submódulos especializados cargados
2025-08-26 14:54:36 | INFO     | rexus           | [STYLE] Tema oscuro detectado en Windows - aplicando correcciones criticas
2025-08-26 14:54:36 | INFO     | rexus           | [STYLE] Aplicando correcciones criticas automaticas para tema oscuro
2025-08-26 14:54:36 | INFO     | rexus           | [STYLE] [ART] Aplicando tema oscuro mejorado
2025-08-26 14:54:36 | INFO     | rexus           | [STYLE] [WARNING] No se pudo obtener instancia de QApplication
2025-08-26 14:54:36 | INFO     | rexus           | [STYLE] Aplicando correcciones criticas automaticas para tema oscuro
2025-08-26 14:54:36 | INFO     | rexus           | [STYLE] [ART] Aplicando tema oscuro mejorado
2025-08-26 14:54:36 | INFO     | rexus           | [STYLE]  Aplicando correcciones críticas de contraste
2025-08-26 14:54:36 | INFO     | rexus           | [STYLE] [OK] Correcciones automáticas aplicadas exitosamente
2025-08-26 14:54:36 | INFO     | rexus.vidrios.model | Sistema unificado de sanitización cargado
2025-08-26 14:54:37 | INFO     | rexus.modules.inventario.submodules | [SUBMODULOS INVENTARIO] __init__.py cargado (managers temporalmente deshabilitados)
2025-08-26 14:55:54 | INFO     | rexus           | Sistema de logging Rexus inicializado
2025-08-26 14:55:55 | INFO     | rexus.inventario.model | Submódulos especializados cargados
2025-08-26 14:55:55 | INFO     | rexus           | [STYLE] Tema oscuro detectado en Windows - aplicando correcciones criticas
2025-08-26 14:55:55 | INFO     | rexus           | [STYLE] Aplicando correcciones criticas automaticas para tema oscuro
2025-08-26 14:55:55 | INFO     | rexus           | [STYLE] [ART] Aplicando tema oscuro mejorado
2025-08-26 14:55:55 | INFO     | rexus           | [STYLE] [WARNING] No se pudo obtener instancia de QApplication
2025-08-26 14:55:55 | INFO     | rexus           | [STYLE] Aplicando correcciones criticas automaticas para tema oscuro
2025-08-26 14:55:55 | INFO     | rexus           | [STYLE] [ART] Aplicando tema oscuro mejorado
2025-08-26 14:55:55 | INFO     | rexus           | [STYLE]  Aplicando correcciones críticas de contraste
2025-08-26 14:55:55 | INFO     | rexus           | [STYLE] [OK] Correcciones automáticas aplicadas exitosamente
2025-08-26 14:55:55 | INFO     | rexus.vidrios.model | Sistema unificado de sanitización cargado
2025-08-26 14:55:56 | INFO     | rexus.modules.inventario.submodules | [SUBMODULOS INVENTARIO] __init__.py cargado (managers temporalmente deshabilitados)
2025-08-26 14:56:06 | INFO     | rexus           | Sistema de logging Rexus inicializado
2025-08-26 14:56:07 | INFO     | rexus.inventario.model | Submódulos especializados cargados
2025-08-26 14:56:07 | INFO     | rexus           | [STYLE] Tema oscuro detectado en Windows - aplicando correcciones criticas
2025-08-26 14:56:07 | INFO     | rexus           | [STYLE] Aplicando correcciones criticas automaticas para tema oscuro
2025-08-26 14:56:07 | INFO     | rexus           | [STYLE] [ART] Aplicando tema oscuro mejorado
2025-08-26 14:56:07 | INFO     | rexus           | [STYLE] [WARNING] No se pudo obtener instancia de QApplication
2025-08-26 14:56:07 | INFO     | rexus           | [STYLE] Aplicando correcciones criticas automaticas para tema oscuro
2025-08-26 14:56:07 | INFO     | rexus           | [STYLE] [ART] Aplicando tema oscuro mejorado
2025-08-26 14:56:07 | INFO     | rexus           | [STYLE]  Aplicando correcciones críticas de contraste
2025-08-26 14:56:07 | INFO     | rexus           | [STYLE] [OK] Correcciones automáticas aplicadas exitosamente
2025-08-26 14:56:07 | INFO     | rexus.vidrios.model | Sistema unificado de sanitización cargado
2025-08-26 14:56:08 | INFO     | rexus.modules.inventario.submodules | [SUBMODULOS INVENTARIO] __init__.py cargado (managers temporalmente deshabilitados)
2025-08-26 14:56:35 | INFO     | rexus           | Sistema de logging Rexus inicializado
2025-08-26 14:56:36 | INFO     | rexus.inventario.model | Submódulos especializados cargados
2025-08-26 14:56:36 | INFO     | rexus           | [STYLE] Tema oscuro detectado en Windows - aplicando correcciones criticas
2025-08-26 14:56:36 | INFO     | rexus           | [STYLE] Aplicando correcciones criticas automaticas para tema oscuro
2025-08-26 14:56:36 | INFO     | rexus           | [STYLE] [ART] Aplicando tema oscuro mejorado
2025-08-26 14:56:36 | INFO     | rexus           | [STYLE] [WARNING] No se pudo obtener instancia de QApplication
2025-08-26 14:56:36 | INFO     | rexus           | [STYLE] Aplicando correcciones criticas automaticas para tema oscuro
2025-08-26 14:56:36 | INFO     | rexus           | [STYLE] [ART] Aplicando tema oscuro mejorado
2025-08-26 14:56:36 | INFO     | rexus           | [STYLE]  Aplicando correcciones críticas de contraste
2025-08-26 14:56:36 | INFO     | rexus           | [STYLE] [OK] Correcciones automáticas aplicadas exitosamente
2025-08-26 14:56:36 | INFO     | rexus.vidrios.model | Sistema unificado de sanitización cargado
2025-08-26 14:56:37 | INFO     | rexus.modules.inventario.submodules | [SUBMODULOS INVENTARIO] __init__.py cargado (managers temporalmente deshabilitados)
2025-08-26 14:56:51 | INFO     | rexus           | Sistema de logging Rexus inicializado
2025-08-26 14:56:52 | INFO     | rexus.inventario.model | Submódulos especializados cargados
2025-08-26 14:56:52 | INFO     | rexus           | [STYLE] Tema oscuro detectado en Windows - aplicando correcciones criticas
2025-08-26 14:56:52 | INFO     | rexus           | [STYLE] Aplicando correcciones criticas automaticas para tema oscuro
2025-08-26 14:56:52 | INFO     | rexus           | [STYLE] [ART] Aplicando tema oscuro mejorado
2025-08-26 14:56:52 | INFO     | rexus           | [STYLE] [WARNING] No se pudo obtener instancia de QApplication
2025-08-26 14:56:52 | INFO     | rexus           | [STYLE] Aplicando correcciones criticas automaticas para tema oscuro
2025-08-26 14:56:52 | INFO     | rexus           | [STYLE] [ART] Aplicando tema oscuro mejorado
2025-08-26 14:56:52 | INFO     | rexus           | [STYLE]  Aplicando correcciones críticas de contraste
2025-08-26 14:56:52 | INFO     | rexus           | [STYLE] [OK] Correcciones automáticas aplicadas exitosamente
2025-08-26 14:56:52 | INFO     | rexus.vidrios.model | Sistema unificado de sanitización cargado
2025-08-26 14:56:53 | INFO     | rexus.modules.inventario.submodules | [SUBMODULOS INVENTARIO] __init__.py cargado (managers temporalmente deshabilitados)
2025-08-26 14:57:24 | INFO     | rexus           | Sistema de logging Rexus inicializado
2025-08-26 14:57:25 | INFO     | rexus           | Sistema de logging Rexus inicializado
2025-08-26 14:57:25 | INFO     | rexus.inventario.model | Submódulos especializados cargados
2025-08-26 14:57:25 | INFO     | rexus           | [STYLE] Tema oscuro detectado en Windows - aplicando correcciones criticas
2025-08-26 14:57:25 | INFO     | rexus           | [STYLE] Aplicando correcciones criticas automaticas para tema oscuro
2025-08-26 14:57:25 | INFO     | rexus           | [STYLE] [ART] Aplicando tema oscuro mejorado
2025-08-26 14:57:25 | INFO     | rexus           | [STYLE] [WARNING] No se pudo obtener instancia de QApplication
2025-08-26 14:57:25 | INFO     | rexus           | [STYLE] Aplicando correcciones criticas automaticas para tema oscuro
2025-08-26 14:57:25 | INFO     | rexus           | [STYLE] [ART] Aplicando tema oscuro mejorado
2025-08-26 14:57:25 | INFO     | rexus           | [STYLE]  Aplicando correcciones críticas de contraste
2025-08-26 14:57:25 | INFO     | rexus           | [STYLE] [OK] Correcciones automáticas aplicadas exitosamente
2025-08-26 14:57:25 | INFO     | rexus.vidrios.model | Sistema unificado de sanitización cargado
2025-08-26 14:57:27 | INFO     | rexus.modules.inventario.submodules | [SUBMODULOS INVENTARIO] __init__.py cargado (managers temporalmente deshabilitados)
2025-08-26 15:12:10 | INFO     | rexus           | Sistema de logging Rexus inicializado
2025-08-26 15:12:13 | INFO     | rexus.inventario.model | Submódulos especializados cargados
2025-08-26 15:12:14 | INFO     | rexus           | [STYLE] Tema oscuro detectado en Windows - aplicando correcciones criticas
2025-08-26 15:12:14 | INFO     | rexus           | [STYLE] Aplicando correcciones criticas automaticas para tema oscuro
2025-08-26 15:12:14 | INFO     | rexus           | [STYLE] [ART] Aplicando tema oscuro mejorado
2025-08-26 15:12:14 | INFO     | rexus           | [STYLE] [WARNING] No se pudo obtener instancia de QApplication
2025-08-26 15:12:14 | INFO     | rexus           | [STYLE] Aplicando correcciones criticas automaticas para tema oscuro
2025-08-26 15:12:14 | INFO     | rexus           | [STYLE] [ART] Aplicando tema oscuro mejorado
2025-08-26 15:12:14 | INFO     | rexus           | [STYLE]  Aplicando correcciones críticas de contraste
2025-08-26 15:12:14 | INFO     | rexus           | [STYLE] [OK] Correcciones automáticas aplicadas exitosamente
2025-08-26 15:12:14 | INFO     | rexus.vidrios.model | Sistema unificado de sanitización cargado
2025-08-26 15:12:15 | INFO     | rexus.modules.inventario.submodules | [SUBMODULOS INVENTARIO] __init__.py cargado (managers temporalmente deshabilitados)
2025-08-26 15:13:12 | INFO     | rexus           | Sistema de logging Rexus inicializado
2025-08-26 15:13:13 | INFO     | rexus.inventario.model | Submódulos especializados cargados
2025-08-26 15:13:13 | INFO     | rexus           | [STYLE] Tema oscuro detectado en Windows - aplicando correcciones criticas
2025-08-26 15:13:13 | INFO     | rexus           | [STYLE] Aplicando correcciones criticas automaticas para tema oscuro
2025-08-26 15:13:13 | INFO     | rexus           | [STYLE] [ART] Aplicando tema oscuro mejorado
2025-08-26 15:13:13 | INFO     | rexus           | [STYLE] [WARNING] No se pudo obtener instancia de QApplication
2025-08-26 15:13:13 | INFO     | rexus           | [STYLE] Aplicando correcciones criticas automaticas para tema oscuro
2025-08-26 15:13:13 | INFO     | rexus           | [STYLE] [ART] Aplicando tema oscuro mejorado
2025-08-26 15:13:13 | INFO     | rexus           | [STYLE]  Aplicando correcciones críticas de contraste
2025-08-26 15:13:13 | INFO     | rexus           | [STYLE] [OK] Correcciones automáticas aplicadas exitosamente
2025-08-26 15:13:13 | INFO     | rexus.vidrios.model | Sistema unificado de sanitización cargado
2025-08-26 15:13:14 | INFO     | rexus.modules.inventario.submodules | [SUBMODULOS INVENTARIO] __init__.py cargado (managers temporalmente deshabilitados)
2025-08-26 15:19:15 | INFO     | rexus           | Sistema de logging Rexus inicializado
2025-08-26 15:19:15 | INFO     | rexus           | Sistema de logging Rexus inicializado
2025-08-26 15:19:17 | INFO     | rexus.inventario.model | Submódulos especializados cargados
2025-08-26 15:19:18 | INFO     | rexus           | [STYLE] Tema oscuro detectado en Windows - aplicando correcciones criticas
2025-08-26 15:19:18 | INFO     | rexus           | [STYLE] Aplicando correcciones criticas automaticas para tema oscuro
2025-08-26 15:19:18 | INFO     | rexus           | [STYLE] [ART] Aplicando tema oscuro mejorado
2025-08-26 15:19:18 | INFO     | rexus           | [STYLE] [WARNING] No se pudo obtener instancia de QApplication
2025-08-26 15:19:18 | INFO     | rexus           | [STYLE] Aplicando correcciones criticas automaticas para tema oscuro
2025-08-26 15:19:18 | INFO     | rexus           | [STYLE] [ART] Aplicando tema oscuro mejorado
2025-08-26 15:19:18 | INFO     | rexus           | [STYLE]  Aplicando correcciones críticas de contraste
2025-08-26 15:19:18 | INFO     | rexus           | [STYLE] [OK] Correcciones automáticas aplicadas exitosamente
2025-08-26 15:19:18 | INFO     | rexus.vidrios.model | Sistema unificado de sanitización cargado
2025-08-26 15:19:20 | INFO     | rexus.modules.inventario.submodules | [SUBMODULOS INVENTARIO] __init__.py cargado (managers temporalmente deshabilitados)
2025-08-26 15:21:01 | INFO     | rexus           | Sistema de logging Rexus inicializado
2025-08-26 15:21:02 | INFO     | rexus.inventario.model | Submódulos especializados cargados
2025-08-26 15:21:02 | INFO     | rexus           | [STYLE] Tema oscuro detectado en Windows - aplicando correcciones criticas
2025-08-26 15:21:02 | INFO     | rexus           | [STYLE] Aplicando correcciones criticas automaticas para tema oscuro
2025-08-26 15:21:02 | INFO     | rexus           | [STYLE] [ART] Aplicando tema oscuro mejorado
2025-08-26 15:21:02 | INFO     | rexus           | [STYLE] [WARNING] No se pudo obtener instancia de QApplication
2025-08-26 15:21:02 | INFO     | rexus           | [STYLE] Aplicando correcciones criticas automaticas para tema oscuro
2025-08-26 15:21:02 | INFO     | rexus           | [STYLE] [ART] Aplicando tema oscuro mejorado
2025-08-26 15:21:02 | INFO     | rexus           | [STYLE]  Aplicando correcciones críticas de contraste
2025-08-26 15:21:02 | INFO     | rexus           | [STYLE] [OK] Correcciones automáticas aplicadas exitosamente
2025-08-26 15:21:02 | INFO     | rexus.vidrios.model | Sistema unificado de sanitización cargado
2025-08-26 15:21:03 | INFO     | rexus.modules.inventario.submodules | [SUBMODULOS INVENTARIO] __init__.py cargado (managers temporalmente deshabilitados)
2025-08-26 15:21:22 | INFO     | rexus           | Sistema de logging Rexus inicializado
2025-08-26 15:21:23 | INFO     | rexus.inventario.model | Submódulos especializados cargados
2025-08-26 15:21:23 | INFO     | rexus           | [STYLE] Tema oscuro detectado en Windows - aplicando correcciones criticas
2025-08-26 15:21:23 | INFO     | rexus           | [STYLE] Aplicando correcciones criticas automaticas para tema oscuro
2025-08-26 15:21:23 | INFO     | rexus           | [STYLE] [ART] Aplicando tema oscuro mejorado
2025-08-26 15:21:23 | INFO     | rexus           | [STYLE] [WARNING] No se pudo obtener instancia de QApplication
2025-08-26 15:21:23 | INFO     | rexus           | [STYLE] Aplicando correcciones criticas automaticas para tema oscuro
2025-08-26 15:21:23 | INFO     | rexus           | [STYLE] [ART] Aplicando tema oscuro mejorado
2025-08-26 15:21:23 | INFO     | rexus           | [STYLE]  Aplicando correcciones críticas de contraste
2025-08-26 15:21:23 | INFO     | rexus           | [STYLE] [OK] Correcciones automáticas aplicadas exitosamente
2025-08-26 15:21:23 | INFO     | rexus.vidrios.model | Sistema unificado de sanitización cargado
2025-08-26 15:21:24 | INFO     | rexus.modules.inventario.submodules | [SUBMODULOS INVENTARIO] __init__.py cargado (managers temporalmente deshabilitados)
2025-08-26 15:21:41 | INFO     | rexus           | Sistema de logging Rexus inicializado
2025-08-26 15:21:41 | INFO     | rexus.inventario.model | Submódulos especializados cargados
2025-08-26 15:21:41 | INFO     | rexus           | [STYLE] Tema oscuro detectado en Windows - aplicando correcciones criticas
2025-08-26 15:21:41 | INFO     | rexus           | [STYLE] Aplicando correcciones criticas automaticas para tema oscuro
2025-08-26 15:21:41 | INFO     | rexus           | [STYLE] [ART] Aplicando tema oscuro mejorado
2025-08-26 15:21:41 | INFO     | rexus           | [STYLE] [WARNING] No se pudo obtener instancia de QApplication
2025-08-26 15:21:41 | INFO     | rexus           | [STYLE] Aplicando correcciones criticas automaticas para tema oscuro
2025-08-26 15:21:41 | INFO     | rexus           | [STYLE] [ART] Aplicando tema oscuro mejorado
2025-08-26 15:21:41 | INFO     | rexus           | [STYLE]  Aplicando correcciones críticas de contraste
2025-08-26 15:21:41 | INFO     | rexus           | [STYLE] [OK] Correcciones automáticas aplicadas exitosamente
2025-08-26 15:21:41 | INFO     | rexus.vidrios.model | Sistema unificado de sanitización cargado
2025-08-26 15:21:42 | INFO     | rexus.modules.inventario.submodules | [SUBMODULOS INVENTARIO] __init__.py cargado (managers temporalmente deshabilitados)
2025-08-26 15:21:54 | INFO     | rexus           | Sistema de logging Rexus inicializado
2025-08-26 15:21:55 | INFO     | rexus.inventario.model | Submódulos especializados cargados
2025-08-26 15:21:55 | INFO     | rexus           | [STYLE] Tema oscuro detectado en Windows - aplicando correcciones criticas
2025-08-26 15:21:55 | INFO     | rexus           | [STYLE] Aplicando correcciones criticas automaticas para tema oscuro
2025-08-26 15:21:55 | INFO     | rexus           | [STYLE] [ART] Aplicando tema oscuro mejorado
2025-08-26 15:21:55 | INFO     | rexus           | [STYLE] [WARNING] No se pudo obtener instancia de QApplication
2025-08-26 15:21:55 | INFO     | rexus           | [STYLE] Aplicando correcciones criticas automaticas para tema oscuro
2025-08-26 15:21:55 | INFO     | rexus           | [STYLE] [ART] Aplicando tema oscuro mejorado
2025-08-26 15:21:55 | INFO     | rexus           | [STYLE]  Aplicando correcciones críticas de contraste
2025-08-26 15:21:55 | INFO     | rexus           | [STYLE] [OK] Correcciones automáticas aplicadas exitosamente
2025-08-26 15:21:55 | INFO     | rexus.vidrios.model | Sistema unificado de sanitización cargado
2025-08-26 15:21:56 | INFO     | rexus.modules.inventario.submodules | [SUBMODULOS INVENTARIO] __init__.py cargado (managers temporalmente deshabilitados)
2025-08-26 15:22:06 | INFO     | rexus           | Sistema de logging Rexus inicializado
2025-08-26 15:22:07 | INFO     | rexus.inventario.model | Submódulos especializados cargados
2025-08-26 15:22:07 | INFO     | rexus           | [STYLE] Tema oscuro detectado en Windows - aplicando correcciones criticas
2025-08-26 15:22:07 | INFO     | rexus           | [STYLE] Aplicando correcciones criticas automaticas para tema oscuro
2025-08-26 15:22:07 | INFO     | rexus           | [STYLE] [ART] Aplicando tema oscuro mejorado
2025-08-26 15:22:07 | INFO     | rexus           | [STYLE] [WARNING] No se pudo obtener instancia de QApplication
2025-08-26 15:22:07 | INFO     | rexus           | [STYLE] Aplicando correcciones criticas automaticas para tema oscuro
2025-08-26 15:22:07 | INFO     | rexus           | [STYLE] [ART] Aplicando tema oscuro mejorado
2025-08-26 15:22:07 | INFO     | rexus           | [STYLE]  Aplicando correcciones críticas de contraste
2025-08-26 15:22:07 | INFO     | rexus           | [STYLE] [OK] Correcciones automáticas aplicadas exitosamente
2025-08-26 15:22:07 | INFO     | rexus.vidrios.model | Sistema unificado de sanitización cargado
2025-08-26 15:22:08 | INFO     | rexus.modules.inventario.submodules | [SUBMODULOS INVENTARIO] __init__.py cargado (managers temporalmente deshabilitados)
2025-08-26 15:22:17 | INFO     | rexus           | Sistema de logging Rexus inicializado
2025-08-26 15:22:18 | INFO     | rexus.inventario.model | Submódulos especializados cargados
2025-08-26 15:22:19 | INFO     | rexus           | [STYLE] Tema oscuro detectado en Windows - aplicando correcciones criticas
2025-08-26 15:22:19 | INFO     | rexus           | [STYLE] Aplicando correcciones criticas automaticas para tema oscuro
2025-08-26 15:22:19 | INFO     | rexus           | [STYLE] [ART] Aplicando tema oscuro mejorado
2025-08-26 15:22:19 | INFO     | rexus           | [STYLE] [WARNING] No se pudo obtener instancia de QApplication
2025-08-26 15:22:19 | INFO     | rexus           | [STYLE] Aplicando correcciones criticas automaticas para tema oscuro
2025-08-26 15:22:19 | INFO     | rexus           | [STYLE] [ART] Aplicando tema oscuro mejorado
2025-08-26 15:22:19 | INFO     | rexus           | [STYLE]  Aplicando correcciones críticas de contraste
2025-08-26 15:22:19 | INFO     | rexus           | [STYLE] [OK] Correcciones automáticas aplicadas exitosamente
2025-08-26 15:22:19 | INFO     | rexus.vidrios.model | Sistema unificado de sanitización cargado
2025-08-26 15:22:20 | INFO     | rexus.modules.inventario.submodules | [SUBMODULOS INVENTARIO] __init__.py cargado (managers temporalmente deshabilitados)
2025-08-26 15:22:31 | INFO     | rexus           | Sistema de logging Rexus inicializado
2025-08-26 15:22:32 | INFO     | rexus.inventario.model | Submódulos especializados cargados
2025-08-26 15:22:32 | INFO     | rexus           | [STYLE] Tema oscuro detectado en Windows - aplicando correcciones criticas
2025-08-26 15:22:32 | INFO     | rexus           | [STYLE] Aplicando correcciones criticas automaticas para tema oscuro
2025-08-26 15:22:32 | INFO     | rexus           | [STYLE] [ART] Aplicando tema oscuro mejorado
2025-08-26 15:22:32 | INFO     | rexus           | [STYLE] [WARNING] No se pudo obtener instancia de QApplication
2025-08-26 15:22:32 | INFO     | rexus           | [STYLE] Aplicando correcciones criticas automaticas para tema oscuro
2025-08-26 15:22:32 | INFO     | rexus           | [STYLE] [ART] Aplicando tema oscuro mejorado
2025-08-26 15:22:32 | INFO     | rexus           | [STYLE]  Aplicando correcciones críticas de contraste
2025-08-26 15:22:32 | INFO     | rexus           | [STYLE] [OK] Correcciones automáticas aplicadas exitosamente
2025-08-26 15:22:32 | INFO     | rexus.vidrios.model | Sistema unificado de sanitización cargado
2025-08-26 15:22:32 | INFO     | rexus.modules.inventario.submodules | [SUBMODULOS INVENTARIO] __init__.py cargado (managers temporalmente deshabilitados)
2025-08-26 15:22:55 | INFO     | rexus           | Sistema de logging Rexus inicializado
2025-08-26 15:22:56 | INFO     | rexus.inventario.model | Submódulos especializados cargados
2025-08-26 15:22:56 | INFO     | rexus           | [STYLE] Tema oscuro detectado en Windows - aplicando correcciones criticas
2025-08-26 15:22:56 | INFO     | rexus           | [STYLE] Aplicando correcciones criticas automaticas para tema oscuro
2025-08-26 15:22:56 | INFO     | rexus           | [STYLE] [ART] Aplicando tema oscuro mejorado
2025-08-26 15:22:56 | INFO     | rexus           | [STYLE] [WARNING] No se pudo obtener instancia de QApplication
2025-08-26 15:22:56 | INFO     | rexus           | [STYLE] Aplicando correcciones criticas automaticas para tema oscuro
2025-08-26 15:22:56 | INFO     | rexus           | [STYLE] [ART] Aplicando tema oscuro mejorado
2025-08-26 15:22:56 | INFO     | rexus           | [STYLE]  Aplicando correcciones críticas de contraste
2025-08-26 15:22:56 | INFO     | rexus           | [STYLE] [OK] Correcciones automáticas aplicadas exitosamente
2025-08-26 15:22:56 | INFO     | rexus.vidrios.model | Sistema unificado de sanitización cargado
2025-08-26 15:22:57 | INFO     | rexus.modules.inventario.submodules | [SUBMODULOS INVENTARIO] __init__.py cargado (managers temporalmente deshabilitados)
2025-08-26 15:22:58 | INFO     | rexus           | Sistema de logging Rexus inicializado
2025-08-26 15:25:43 | INFO     | rexus           | Sistema de logging Rexus inicializado
2025-08-26 15:25:44 | INFO     | rexus.inventario.model | Submódulos especializados cargados
2025-08-26 15:25:44 | INFO     | rexus           | [STYLE] Tema oscuro detectado en Windows - aplicando correcciones criticas
2025-08-26 15:25:44 | INFO     | rexus           | [STYLE] Aplicando correcciones criticas automaticas para tema oscuro
2025-08-26 15:25:44 | INFO     | rexus           | [STYLE] [ART] Aplicando tema oscuro mejorado
2025-08-26 15:25:44 | INFO     | rexus           | [STYLE] [WARNING] No se pudo obtener instancia de QApplication
2025-08-26 15:25:44 | INFO     | rexus           | [STYLE] Aplicando correcciones criticas automaticas para tema oscuro
2025-08-26 15:25:44 | INFO     | rexus           | [STYLE] [ART] Aplicando tema oscuro mejorado
2025-08-26 15:25:44 | INFO     | rexus           | [STYLE]  Aplicando correcciones críticas de contraste
2025-08-26 15:25:44 | INFO     | rexus           | [STYLE] [OK] Correcciones automáticas aplicadas exitosamente
2025-08-26 15:25:44 | INFO     | rexus.vidrios.model | Sistema unificado de sanitización cargado
2025-08-26 15:25:45 | INFO     | rexus.modules.inventario.submodules | [SUBMODULOS INVENTARIO] __init__.py cargado (managers temporalmente deshabilitados)
2025-08-26 15:25:52 | INFO     | rexus           | Sistema de logging Rexus inicializado
2025-08-26 15:25:53 | INFO     | rexus.inventario.model | Submódulos especializados cargados
2025-08-26 15:25:53 | INFO     | rexus           | [STYLE] Tema oscuro detectado en Windows - aplicando correcciones criticas
2025-08-26 15:25:53 | INFO     | rexus           | [STYLE] Aplicando correcciones criticas automaticas para tema oscuro
2025-08-26 15:25:53 | INFO     | rexus           | [STYLE] [ART] Aplicando tema oscuro mejorado
2025-08-26 15:25:53 | INFO     | rexus           | [STYLE] [WARNING] No se pudo obtener instancia de QApplication
2025-08-26 15:25:53 | INFO     | rexus           | [STYLE] Aplicando correcciones criticas automaticas para tema oscuro
2025-08-26 15:25:53 | INFO     | rexus           | [STYLE] [ART] Aplicando tema oscuro mejorado
2025-08-26 15:25:53 | INFO     | rexus           | [STYLE]  Aplicando correcciones críticas de contraste
2025-08-26 15:25:53 | INFO     | rexus           | [STYLE] [OK] Correcciones automáticas aplicadas exitosamente
2025-08-26 15:25:53 | INFO     | rexus.vidrios.model | Sistema unificado de sanitización cargado
2025-08-26 15:25:54 | INFO     | rexus.modules.inventario.submodules | [SUBMODULOS INVENTARIO] __init__.py cargado (managers temporalmente deshabilitados)
2025-08-26 15:25:58 | INFO     | rexus           | Sistema de logging Rexus inicializado
2025-08-26 15:25:59 | INFO     | rexus.inventario.model | Submódulos especializados cargados
2025-08-26 15:25:59 | INFO     | rexus           | [STYLE] Tema oscuro detectado en Windows - aplicando correcciones criticas
2025-08-26 15:25:59 | INFO     | rexus           | [STYLE] Aplicando correcciones criticas automaticas para tema oscuro
2025-08-26 15:25:59 | INFO     | rexus           | [STYLE] [ART] Aplicando tema oscuro mejorado
2025-08-26 15:25:59 | INFO     | rexus           | [STYLE] [WARNING] No se pudo obtener instancia de QApplication
2025-08-26 15:25:59 | INFO     | rexus           | [STYLE] Aplicando correcciones criticas automaticas para tema oscuro
2025-08-26 15:25:59 | INFO     | rexus           | [STYLE] [ART] Aplicando tema oscuro mejorado
2025-08-26 15:25:59 | INFO     | rexus           | [STYLE]  Aplicando correcciones críticas de contraste
2025-08-26 15:25:59 | INFO     | rexus           | [STYLE] [OK] Correcciones automáticas aplicadas exitosamente
2025-08-26 15:25:59 | INFO     | rexus.vidrios.model | Sistema unificado de sanitización cargado
2025-08-26 15:26:00 | INFO     | rexus.modules.inventario.submodules | [SUBMODULOS INVENTARIO] __init__.py cargado (managers temporalmente deshabilitados)
2025-08-26 15:26:09 | INFO     | rexus           | Sistema de logging Rexus inicializado
2025-08-26 15:26:10 | INFO     | rexus.inventario.model | Submódulos especializados cargados
2025-08-26 15:26:10 | INFO     | rexus           | [STYLE] Tema oscuro detectado en Windows - aplicando correcciones criticas
2025-08-26 15:26:10 | INFO     | rexus           | [STYLE] Aplicando correcciones criticas automaticas para tema oscuro
2025-08-26 15:26:10 | INFO     | rexus           | [STYLE] [ART] Aplicando tema oscuro mejorado
2025-08-26 15:26:10 | INFO     | rexus           | [STYLE] [WARNING] No se pudo obtener instancia de QApplication
2025-08-26 15:26:10 | INFO     | rexus           | [STYLE] Aplicando correcciones criticas automaticas para tema oscuro
2025-08-26 15:26:10 | INFO     | rexus           | [STYLE] [ART] Aplicando tema oscuro mejorado
2025-08-26 15:26:10 | INFO     | rexus           | [STYLE]  Aplicando correcciones críticas de contraste
2025-08-26 15:26:10 | INFO     | rexus           | [STYLE] [OK] Correcciones automáticas aplicadas exitosamente
2025-08-26 15:26:10 | INFO     | rexus.vidrios.model | Sistema unificado de sanitización cargado
2025-08-26 15:26:11 | INFO     | rexus.modules.inventario.submodules | [SUBMODULOS INVENTARIO] __init__.py cargado (managers temporalmente deshabilitados)
2025-08-26 15:26:56 | INFO     | rexus           | Sistema de logging Rexus inicializado
2025-08-26 15:26:57 | INFO     | rexus.inventario.model | Submódulos especializados cargados
2025-08-26 15:26:57 | INFO     | rexus           | [STYLE] Tema oscuro detectado en Windows - aplicando correcciones criticas
2025-08-26 15:26:57 | INFO     | rexus           | [STYLE] Aplicando correcciones criticas automaticas para tema oscuro
2025-08-26 15:26:57 | INFO     | rexus           | [STYLE] [ART] Aplicando tema oscuro mejorado
2025-08-26 15:26:57 | INFO     | rexus           | [STYLE] [WARNING] No se pudo obtener instancia de QApplication
2025-08-26 15:26:57 | INFO     | rexus           | [STYLE] Aplicando correcciones criticas automaticas para tema oscuro
2025-08-26 15:26:57 | INFO     | rexus           | [STYLE] [ART] Aplicando tema oscuro mejorado
2025-08-26 15:26:57 | INFO     | rexus           | [STYLE]  Aplicando correcciones críticas de contraste
2025-08-26 15:26:57 | INFO     | rexus           | [STYLE] [OK] Correcciones automáticas aplicadas exitosamente
2025-08-26 15:26:57 | INFO     | rexus.vidrios.model | Sistema unificado de sanitización cargado
2025-08-26 15:26:58 | INFO     | rexus.modules.inventario.submodules | [SUBMODULOS INVENTARIO] __init__.py cargado (managers temporalmente deshabilitados)
2025-08-26 15:26:58 | INFO     | rexus           | Sistema de logging Rexus inicializado
2025-08-26 15:53:17 | INFO     | rexus           | Sistema de logging Rexus inicializado
2025-08-26 15:53:18 | INFO     | rexus.inventario.model | Submódulos especializados cargados
2025-08-26 15:53:18 | INFO     | rexus           | [STYLE] Tema oscuro detectado en Windows - aplicando correcciones criticas
2025-08-26 15:53:18 | INFO     | rexus           | [STYLE] Aplicando correcciones criticas automaticas para tema oscuro
2025-08-26 15:53:18 | INFO     | rexus           | [STYLE] [ART] Aplicando tema oscuro mejorado
2025-08-26 15:53:18 | INFO     | rexus           | [STYLE] [WARNING] No se pudo obtener instancia de QApplication
2025-08-26 15:53:18 | INFO     | rexus           | [STYLE] Aplicando correcciones criticas automaticas para tema oscuro
2025-08-26 15:53:18 | INFO     | rexus           | [STYLE] [ART] Aplicando tema oscuro mejorado
2025-08-26 15:53:18 | INFO     | rexus           | [STYLE]  Aplicando correcciones críticas de contraste
2025-08-26 15:53:18 | INFO     | rexus           | [STYLE] [OK] Correcciones automáticas aplicadas exitosamente
2025-08-26 15:53:18 | INFO     | rexus.vidrios.model | Sistema unificado de sanitización cargado
2025-08-26 15:53:19 | INFO     | rexus.modules.inventario.submodules | [SUBMODULOS INVENTARIO] __init__.py cargado (managers temporalmente deshabilitados)
2025-08-26 15:53:33 | INFO     | rexus           | Sistema de logging Rexus inicializado
2025-08-26 15:53:34 | INFO     | rexus.inventario.model | Submódulos especializados cargados
2025-08-26 15:53:35 | INFO     | rexus           | [STYLE] Tema oscuro detectado en Windows - aplicando correcciones criticas
2025-08-26 15:53:35 | INFO     | rexus           | [STYLE] Aplicando correcciones criticas automaticas para tema oscuro
2025-08-26 15:53:35 | INFO     | rexus           | [STYLE] [ART] Aplicando tema oscuro mejorado
2025-08-26 15:53:35 | INFO     | rexus           | [STYLE] [WARNING] No se pudo obtener instancia de QApplication
2025-08-26 15:53:35 | INFO     | rexus           | [STYLE] Aplicando correcciones criticas automaticas para tema oscuro
2025-08-26 15:53:35 | INFO     | rexus           | [STYLE] [ART] Aplicando tema oscuro mejorado
2025-08-26 15:53:35 | INFO     | rexus           | [STYLE]  Aplicando correcciones críticas de contraste
2025-08-26 15:53:35 | INFO     | rexus           | [STYLE] [OK] Correcciones automáticas aplicadas exitosamente
2025-08-26 15:53:35 | INFO     | rexus.vidrios.model | Sistema unificado de sanitización cargado
2025-08-26 15:53:35 | INFO     | rexus.modules.inventario.submodules | [SUBMODULOS INVENTARIO] __init__.py cargado (managers temporalmente deshabilitados)
2025-08-26 15:53:43 | INFO     | rexus           | Sistema de logging Rexus inicializado
2025-08-26 15:53:45 | INFO     | rexus.inventario.model | Submódulos especializados cargados
2025-08-26 15:53:45 | INFO     | rexus           | [STYLE] Tema oscuro detectado en Windows - aplicando correcciones criticas
2025-08-26 15:53:45 | INFO     | rexus           | [STYLE] Aplicando correcciones criticas automaticas para tema oscuro
2025-08-26 15:53:45 | INFO     | rexus           | [STYLE] [ART] Aplicando tema oscuro mejorado
2025-08-26 15:53:45 | INFO     | rexus           | [STYLE] [WARNING] No se pudo obtener instancia de QApplication
2025-08-26 15:53:45 | INFO     | rexus           | [STYLE] Aplicando correcciones criticas automaticas para tema oscuro
2025-08-26 15:53:45 | INFO     | rexus           | [STYLE] [ART] Aplicando tema oscuro mejorado
2025-08-26 15:53:45 | INFO     | rexus           | [STYLE]  Aplicando correcciones críticas de contraste
2025-08-26 15:53:45 | INFO     | rexus           | [STYLE] [OK] Correcciones automáticas aplicadas exitosamente
2025-08-26 15:53:45 | INFO     | rexus.vidrios.model | Sistema unificado de sanitización cargado
2025-08-26 15:53:46 | INFO     | rexus.modules.inventario.submodules | [SUBMODULOS INVENTARIO] __init__.py cargado (managers temporalmente deshabilitados)
2025-08-26 15:53:52 | INFO     | rexus           | Sistema de logging Rexus inicializado
2025-08-26 15:53:53 | INFO     | rexus.inventario.model | Submódulos especializados cargados
2025-08-26 15:53:53 | INFO     | rexus           | [STYLE] Tema oscuro detectado en Windows - aplicando correcciones criticas
2025-08-26 15:53:53 | INFO     | rexus           | [STYLE] Aplicando correcciones criticas automaticas para tema oscuro
2025-08-26 15:53:53 | INFO     | rexus           | [STYLE] [ART] Aplicando tema oscuro mejorado
2025-08-26 15:53:53 | INFO     | rexus           | [STYLE] [WARNING] No se pudo obtener instancia de QApplication
2025-08-26 15:53:53 | INFO     | rexus           | [STYLE] Aplicando correcciones criticas automaticas para tema oscuro
2025-08-26 15:53:53 | INFO     | rexus           | [STYLE] [ART] Aplicando tema oscuro mejorado
2025-08-26 15:53:53 | INFO     | rexus           | [STYLE]  Aplicando correcciones críticas de contraste
2025-08-26 15:53:53 | INFO     | rexus           | [STYLE] [OK] Correcciones automáticas aplicadas exitosamente
2025-08-26 15:53:53 | INFO     | rexus.vidrios.model | Sistema unificado de sanitización cargado
2025-08-26 15:53:54 | INFO     | rexus.modules.inventario.submodules | [SUBMODULOS INVENTARIO] __init__.py cargado (managers temporalmente deshabilitados)
2025-08-26 15:54:02 | INFO     | rexus           | Sistema de logging Rexus inicializado
2025-08-26 15:54:02 | INFO     | rexus.inventario.model | Submódulos especializados cargados
2025-08-26 15:54:02 | INFO     | rexus           | [STYLE] Tema oscuro detectado en Windows - aplicando correcciones criticas
2025-08-26 15:54:02 | INFO     | rexus           | [STYLE] Aplicando correcciones criticas automaticas para tema oscuro
2025-08-26 15:54:02 | INFO     | rexus           | [STYLE] [ART] Aplicando tema oscuro mejorado
2025-08-26 15:54:02 | INFO     | rexus           | [STYLE] [WARNING] No se pudo obtener instancia de QApplication
2025-08-26 15:54:02 | INFO     | rexus           | [STYLE] Aplicando correcciones criticas automaticas para tema oscuro
2025-08-26 15:54:02 | INFO     | rexus           | [STYLE] [ART] Aplicando tema oscuro mejorado
2025-08-26 15:54:02 | INFO     | rexus           | [STYLE]  Aplicando correcciones críticas de contraste
2025-08-26 15:54:02 | INFO     | rexus           | [STYLE] [OK] Correcciones automáticas aplicadas exitosamente
2025-08-26 15:54:02 | INFO     | rexus.vidrios.model | Sistema unificado de sanitización cargado
2025-08-26 15:54:03 | INFO     | rexus.modules.inventario.submodules | [SUBMODULOS INVENTARIO] __init__.py cargado (managers temporalmente deshabilitados)
2025-08-26 15:54:12 | INFO     | rexus           | Sistema de logging Rexus inicializado
2025-08-26 15:54:13 | INFO     | rexus.inventario.model | Submódulos especializados cargados
2025-08-26 15:54:13 | INFO     | rexus           | [STYLE] Tema oscuro detectado en Windows - aplicando correcciones criticas
2025-08-26 15:54:13 | INFO     | rexus           | [STYLE] Aplicando correcciones criticas automaticas para tema oscuro
2025-08-26 15:54:13 | INFO     | rexus           | [STYLE] [ART] Aplicando tema oscuro mejorado
2025-08-26 15:54:13 | INFO     | rexus           | [STYLE] [WARNING] No se pudo obtener instancia de QApplication
2025-08-26 15:54:13 | INFO     | rexus           | [STYLE] Aplicando correcciones criticas automaticas para tema oscuro
2025-08-26 15:54:13 | INFO     | rexus           | [STYLE] [ART] Aplicando tema oscuro mejorado
2025-08-26 15:54:13 | INFO     | rexus           | [STYLE]  Aplicando correcciones críticas de contraste
2025-08-26 15:54:13 | INFO     | rexus           | [STYLE] [OK] Correcciones automáticas aplicadas exitosamente
2025-08-26 15:54:13 | INFO     | rexus.vidrios.model | Sistema unificado de sanitización cargado
2025-08-26 15:54:13 | INFO     | rexus.modules.inventario.submodules | [SUBMODULOS INVENTARIO] __init__.py cargado (managers temporalmente deshabilitados)
2025-08-26 15:54:24 | INFO     | rexus           | Sistema de logging Rexus inicializado
2025-08-26 15:54:25 | INFO     | rexus.inventario.model | Submódulos especializados cargados
2025-08-26 15:54:25 | INFO     | rexus           | [STYLE] Tema oscuro detectado en Windows - aplicando correcciones criticas
2025-08-26 15:54:25 | INFO     | rexus           | [STYLE] Aplicando correcciones criticas automaticas para tema oscuro
2025-08-26 15:54:25 | INFO     | rexus           | [STYLE] [ART] Aplicando tema oscuro mejorado
2025-08-26 15:54:25 | INFO     | rexus           | [STYLE] [WARNING] No se pudo obtener instancia de QApplication
2025-08-26 15:54:25 | INFO     | rexus           | [STYLE] Aplicando correcciones criticas automaticas para tema oscuro
2025-08-26 15:54:25 | INFO     | rexus           | [STYLE] [ART] Aplicando tema oscuro mejorado
2025-08-26 15:54:25 | INFO     | rexus           | [STYLE]  Aplicando correcciones críticas de contraste
2025-08-26 15:54:25 | INFO     | rexus           | [STYLE] [OK] Correcciones automáticas aplicadas exitosamente
2025-08-26 15:54:25 | INFO     | rexus.vidrios.model | Sistema unificado de sanitización cargado
2025-08-26 15:54:26 | INFO     | rexus.modules.inventario.submodules | [SUBMODULOS INVENTARIO] __init__.py cargado (managers temporalmente deshabilitados)
2025-08-26 15:54:36 | INFO     | rexus           | Sistema de logging Rexus inicializado
2025-08-26 15:54:37 | INFO     | rexus.inventario.model | Submódulos especializados cargados
2025-08-26 15:54:37 | INFO     | rexus           | [STYLE] Tema oscuro detectado en Windows - aplicando correcciones criticas
2025-08-26 15:54:37 | INFO     | rexus           | [STYLE] Aplicando correcciones criticas automaticas para tema oscuro
2025-08-26 15:54:37 | INFO     | rexus           | [STYLE] [ART] Aplicando tema oscuro mejorado
2025-08-26 15:54:37 | INFO     | rexus           | [STYLE] [WARNING] No se pudo obtener instancia de QApplication
2025-08-26 15:54:37 | INFO     | rexus           | [STYLE] Aplicando correcciones criticas automaticas para tema oscuro
2025-08-26 15:54:37 | INFO     | rexus           | [STYLE] [ART] Aplicando tema oscuro mejorado
2025-08-26 15:54:37 | INFO     | rexus           | [STYLE]  Aplicando correcciones críticas de contraste
2025-08-26 15:54:37 | INFO     | rexus           | [STYLE] [OK] Correcciones automáticas aplicadas exitosamente
2025-08-26 15:54:37 | INFO     | rexus.vidrios.model | Sistema unificado de sanitización cargado
2025-08-26 15:54:37 | INFO     | rexus.modules.inventario.submodules | [SUBMODULOS INVENTARIO] __init__.py cargado (managers temporalmente deshabilitados)
2025-08-26 16:22:41 | INFO     | rexus           | Sistema de logging Rexus inicializado
2025-08-26 16:24:17 | INFO     | rexus           | Sistema de logging Rexus inicializado
2025-08-26 16:24:20 | INFO     | rexus.inventario.model | Submódulos especializados cargados
2025-08-26 16:24:20 | INFO     | rexus           | [STYLE] Tema oscuro detectado en Windows - aplicando correcciones criticas
2025-08-26 16:24:20 | INFO     | rexus           | [STYLE] Aplicando correcciones criticas automaticas para tema oscuro
2025-08-26 16:24:20 | INFO     | rexus           | [STYLE] [ART] Aplicando tema oscuro mejorado
2025-08-26 16:24:20 | INFO     | rexus           | [STYLE] [WARNING] No se pudo obtener instancia de QApplication
2025-08-26 16:24:21 | INFO     | rexus           | [STYLE] Aplicando correcciones criticas automaticas para tema oscuro
2025-08-26 16:24:21 | INFO     | rexus           | [STYLE] [ART] Aplicando tema oscuro mejorado
2025-08-26 16:24:21 | INFO     | rexus           | [STYLE]  Aplicando correcciones críticas de contraste
2025-08-26 16:24:21 | INFO     | rexus           | [STYLE] [OK] Correcciones automáticas aplicadas exitosamente
2025-08-26 16:24:21 | INFO     | rexus.vidrios.model | Sistema unificado de sanitización cargado
2025-08-26 16:24:22 | INFO     | rexus.modules.inventario.submodules | [SUBMODULOS INVENTARIO] __init__.py cargado (managers temporalmente deshabilitados)
2025-08-26 16:24:54 | INFO     | rexus           | Sistema de logging Rexus inicializado
2025-08-26 16:24:55 | INFO     | rexus.inventario.model | Submódulos especializados cargados
2025-08-26 16:24:55 | INFO     | rexus           | [STYLE] Tema oscuro detectado en Windows - aplicando correcciones criticas
2025-08-26 16:24:55 | INFO     | rexus           | [STYLE] Aplicando correcciones criticas automaticas para tema oscuro
2025-08-26 16:24:55 | INFO     | rexus           | [STYLE] [ART] Aplicando tema oscuro mejorado
2025-08-26 16:24:55 | INFO     | rexus           | [STYLE] [WARNING] No se pudo obtener instancia de QApplication
2025-08-26 16:24:55 | INFO     | rexus           | [STYLE] Aplicando correcciones criticas automaticas para tema oscuro
2025-08-26 16:24:55 | INFO     | rexus           | [STYLE] [ART] Aplicando tema oscuro mejorado
2025-08-26 16:24:55 | INFO     | rexus           | [STYLE]  Aplicando correcciones críticas de contraste
2025-08-26 16:24:55 | INFO     | rexus           | [STYLE] [OK] Correcciones automáticas aplicadas exitosamente
2025-08-26 16:24:55 | INFO     | rexus.vidrios.model | Sistema unificado de sanitización cargado
2025-08-26 16:24:56 | INFO     | rexus.modules.inventario.submodules | [SUBMODULOS INVENTARIO] __init__.py cargado (managers temporalmente deshabilitados)
2025-08-26 16:25:20 | INFO     | rexus           | Sistema de logging Rexus inicializado
2025-08-26 16:25:21 | INFO     | rexus.inventario.model | Submódulos especializados cargados
2025-08-26 16:25:21 | INFO     | rexus           | [STYLE] Tema oscuro detectado en Windows - aplicando correcciones criticas
2025-08-26 16:25:21 | INFO     | rexus           | [STYLE] Aplicando correcciones criticas automaticas para tema oscuro
2025-08-26 16:25:21 | INFO     | rexus           | [STYLE] [ART] Aplicando tema oscuro mejorado
2025-08-26 16:25:21 | INFO     | rexus           | [STYLE] [WARNING] No se pudo obtener instancia de QApplication
2025-08-26 16:25:21 | INFO     | rexus           | [STYLE] Aplicando correcciones criticas automaticas para tema oscuro
2025-08-26 16:25:21 | INFO     | rexus           | [STYLE] [ART] Aplicando tema oscuro mejorado
2025-08-26 16:25:21 | INFO     | rexus           | [STYLE]  Aplicando correcciones críticas de contraste
2025-08-26 16:25:21 | INFO     | rexus           | [STYLE] [OK] Correcciones automáticas aplicadas exitosamente
2025-08-26 16:25:21 | INFO     | rexus.vidrios.model | Sistema unificado de sanitización cargado
2025-08-26 16:25:22 | INFO     | rexus.modules.inventario.submodules | [SUBMODULOS INVENTARIO] __init__.py cargado (managers temporalmente deshabilitados)
2025-08-26 16:25:43 | INFO     | rexus           | Sistema de logging Rexus inicializado
2025-08-26 16:25:44 | INFO     | rexus.inventario.model | Submódulos especializados cargados
2025-08-26 16:25:44 | INFO     | rexus           | [STYLE] Tema oscuro detectado en Windows - aplicando correcciones criticas
2025-08-26 16:25:44 | INFO     | rexus           | [STYLE] Aplicando correcciones criticas automaticas para tema oscuro
2025-08-26 16:25:44 | INFO     | rexus           | [STYLE] [ART] Aplicando tema oscuro mejorado
2025-08-26 16:25:44 | INFO     | rexus           | [STYLE] [WARNING] No se pudo obtener instancia de QApplication
2025-08-26 16:25:44 | INFO     | rexus           | [STYLE] Aplicando correcciones criticas automaticas para tema oscuro
2025-08-26 16:25:44 | INFO     | rexus           | [STYLE] [ART] Aplicando tema oscuro mejorado
2025-08-26 16:25:44 | INFO     | rexus           | [STYLE]  Aplicando correcciones críticas de contraste
2025-08-26 16:25:44 | INFO     | rexus           | [STYLE] [OK] Correcciones automáticas aplicadas exitosamente
2025-08-26 16:25:44 | INFO     | rexus.vidrios.model | Sistema unificado de sanitización cargado
2025-08-26 16:25:45 | INFO     | rexus.modules.inventario.submodules | [SUBMODULOS INVENTARIO] __init__.py cargado (managers temporalmente deshabilitados)
2025-08-26 16:25:58 | INFO     | rexus           | Sistema de logging Rexus inicializado
2025-08-26 16:25:59 | INFO     | rexus.inventario.model | Submódulos especializados cargados
2025-08-26 16:25:59 | INFO     | rexus           | [STYLE] Tema oscuro detectado en Windows - aplicando correcciones criticas
2025-08-26 16:25:59 | INFO     | rexus           | [STYLE] Aplicando correcciones criticas automaticas para tema oscuro
2025-08-26 16:25:59 | INFO     | rexus           | [STYLE] [ART] Aplicando tema oscuro mejorado
2025-08-26 16:25:59 | INFO     | rexus           | [STYLE] [WARNING] No se pudo obtener instancia de QApplication
2025-08-26 16:25:59 | INFO     | rexus           | [STYLE] Aplicando correcciones criticas automaticas para tema oscuro
2025-08-26 16:25:59 | INFO     | rexus           | [STYLE] [ART] Aplicando tema oscuro mejorado
2025-08-26 16:25:59 | INFO     | rexus           | [STYLE]  Aplicando correcciones críticas de contraste
2025-08-26 16:25:59 | INFO     | rexus           | [STYLE] [OK] Correcciones automáticas aplicadas exitosamente
2025-08-26 16:25:59 | INFO     | rexus.vidrios.model | Sistema unificado de sanitización cargado
2025-08-26 16:26:00 | INFO     | rexus.modules.inventario.submodules | [SUBMODULOS INVENTARIO] __init__.py cargado (managers temporalmente deshabilitados)
2025-08-26 16:26:53 | INFO     | rexus           | Sistema de logging Rexus inicializado
2025-08-26 16:26:53 | INFO     | rexus.inventario.model | Submódulos especializados cargados
2025-08-26 16:26:53 | INFO     | rexus           | [STYLE] Tema oscuro detectado en Windows - aplicando correcciones criticas
2025-08-26 16:26:53 | INFO     | rexus           | [STYLE] Aplicando correcciones criticas automaticas para tema oscuro
2025-08-26 16:26:53 | INFO     | rexus           | [STYLE] [ART] Aplicando tema oscuro mejorado
2025-08-26 16:26:53 | INFO     | rexus           | [STYLE] [WARNING] No se pudo obtener instancia de QApplication
2025-08-26 16:26:53 | INFO     | rexus           | [STYLE] Aplicando correcciones criticas automaticas para tema oscuro
2025-08-26 16:26:53 | INFO     | rexus           | [STYLE] [ART] Aplicando tema oscuro mejorado
2025-08-26 16:26:53 | INFO     | rexus           | [STYLE]  Aplicando correcciones críticas de contraste
2025-08-26 16:26:53 | INFO     | rexus           | [STYLE] [OK] Correcciones automáticas aplicadas exitosamente
2025-08-26 16:26:53 | INFO     | rexus.vidrios.model | Sistema unificado de sanitización cargado
2025-08-26 16:26:54 | INFO     | rexus.modules.inventario.submodules | [SUBMODULOS INVENTARIO] __init__.py cargado (managers temporalmente deshabilitados)
2025-08-26 16:27:03 | INFO     | rexus           | Sistema de logging Rexus inicializado
2025-08-26 16:27:04 | INFO     | rexus.inventario.model | Submódulos especializados cargados
2025-08-26 16:27:04 | INFO     | rexus           | [STYLE] Tema oscuro detectado en Windows - aplicando correcciones criticas
2025-08-26 16:27:04 | INFO     | rexus           | [STYLE] Aplicando correcciones criticas automaticas para tema oscuro
2025-08-26 16:27:04 | INFO     | rexus           | [STYLE] [ART] Aplicando tema oscuro mejorado
2025-08-26 16:27:04 | INFO     | rexus           | [STYLE] [WARNING] No se pudo obtener instancia de QApplication
2025-08-26 16:27:04 | INFO     | rexus           | [STYLE] Aplicando correcciones criticas automaticas para tema oscuro
2025-08-26 16:27:04 | INFO     | rexus           | [STYLE] [ART] Aplicando tema oscuro mejorado
2025-08-26 16:27:04 | INFO     | rexus           | [STYLE]  Aplicando correcciones críticas de contraste
2025-08-26 16:27:04 | INFO     | rexus           | [STYLE] [OK] Correcciones automáticas aplicadas exitosamente
2025-08-26 16:27:04 | INFO     | rexus.vidrios.model | Sistema unificado de sanitización cargado
2025-08-26 16:27:05 | INFO     | rexus.modules.inventario.submodules | [SUBMODULOS INVENTARIO] __init__.py cargado (managers temporalmente deshabilitados)
2025-08-26 16:27:09 | INFO     | rexus           | Sistema de logging Rexus inicializado
2025-08-26 16:27:09 | INFO     | rexus.inventario.model | Submódulos especializados cargados
2025-08-26 16:27:09 | INFO     | rexus           | [STYLE] Tema oscuro detectado en Windows - aplicando correcciones criticas
2025-08-26 16:27:09 | INFO     | rexus           | [STYLE] Aplicando correcciones criticas automaticas para tema oscuro
2025-08-26 16:27:09 | INFO     | rexus           | [STYLE] [ART] Aplicando tema oscuro mejorado
2025-08-26 16:27:09 | INFO     | rexus           | [STYLE] [WARNING] No se pudo obtener instancia de QApplication
2025-08-26 16:27:09 | INFO     | rexus           | [STYLE] Aplicando correcciones criticas automaticas para tema oscuro
2025-08-26 16:27:09 | INFO     | rexus           | [STYLE] [ART] Aplicando tema oscuro mejorado
2025-08-26 16:27:09 | INFO     | rexus           | [STYLE]  Aplicando correcciones críticas de contraste
2025-08-26 16:27:09 | INFO     | rexus           | [STYLE] [OK] Correcciones automáticas aplicadas exitosamente
2025-08-26 16:27:09 | INFO     | rexus.vidrios.model | Sistema unificado de sanitización cargado
2025-08-26 16:27:10 | INFO     | rexus.modules.inventario.submodules | [SUBMODULOS INVENTARIO] __init__.py cargado (managers temporalmente deshabilitados)
2025-08-26 16:28:10 | INFO     | rexus           | Sistema de logging Rexus inicializado
2025-08-26 16:28:11 | INFO     | rexus.inventario.model | Submódulos especializados cargados
2025-08-26 16:28:11 | INFO     | rexus           | [STYLE] Tema oscuro detectado en Windows - aplicando correcciones criticas
2025-08-26 16:28:11 | INFO     | rexus           | [STYLE] Aplicando correcciones criticas automaticas para tema oscuro
2025-08-26 16:28:11 | INFO     | rexus           | [STYLE] [ART] Aplicando tema oscuro mejorado
2025-08-26 16:28:11 | INFO     | rexus           | [STYLE] [WARNING] No se pudo obtener instancia de QApplication
2025-08-26 16:28:11 | INFO     | rexus           | [STYLE] Aplicando correcciones criticas automaticas para tema oscuro
2025-08-26 16:28:11 | INFO     | rexus           | [STYLE] [ART] Aplicando tema oscuro mejorado
2025-08-26 16:28:11 | INFO     | rexus           | [STYLE]  Aplicando correcciones críticas de contraste
2025-08-26 16:28:11 | INFO     | rexus           | [STYLE] [OK] Correcciones automáticas aplicadas exitosamente
2025-08-26 16:28:11 | INFO     | rexus.vidrios.model | Sistema unificado de sanitización cargado
2025-08-26 16:28:12 | INFO     | rexus.modules.inventario.submodules | [SUBMODULOS INVENTARIO] __init__.py cargado (managers temporalmente deshabilitados)
2025-08-26 16:28:41 | INFO     | rexus           | Sistema de logging Rexus inicializado
2025-08-26 16:29:05 | INFO     | rexus           | Sistema de logging Rexus inicializado
2025-08-26 16:29:06 | INFO     | rexus.inventario.model | Submódulos especializados cargados
2025-08-26 16:29:06 | INFO     | rexus           | [STYLE] Tema oscuro detectado en Windows - aplicando correcciones criticas
2025-08-26 16:29:06 | INFO     | rexus           | [STYLE] Aplicando correcciones criticas automaticas para tema oscuro
2025-08-26 16:29:06 | INFO     | rexus           | [STYLE] [ART] Aplicando tema oscuro mejorado
2025-08-26 16:29:06 | INFO     | rexus           | [STYLE] [WARNING] No se pudo obtener instancia de QApplication
2025-08-26 16:29:06 | INFO     | rexus           | [STYLE] Aplicando correcciones criticas automaticas para tema oscuro
2025-08-26 16:29:06 | INFO     | rexus           | [STYLE] [ART] Aplicando tema oscuro mejorado
2025-08-26 16:29:06 | INFO     | rexus           | [STYLE]  Aplicando correcciones críticas de contraste
2025-08-26 16:29:06 | INFO     | rexus           | [STYLE] [OK] Correcciones automáticas aplicadas exitosamente
2025-08-26 16:29:06 | INFO     | rexus.vidrios.model | Sistema unificado de sanitización cargado
2025-08-26 16:29:06 | INFO     | rexus.modules.inventario.submodules | [SUBMODULOS INVENTARIO] __init__.py cargado (managers temporalmente deshabilitados)
2025-08-26 16:29:29 | INFO     | rexus           | Sistema de logging Rexus inicializado
2025-08-26 16:29:30 | INFO     | rexus.inventario.model | Submódulos especializados cargados
2025-08-26 16:29:30 | INFO     | rexus           | [STYLE] Tema oscuro detectado en Windows - aplicando correcciones criticas
2025-08-26 16:29:30 | INFO     | rexus           | [STYLE] Aplicando correcciones criticas automaticas para tema oscuro
2025-08-26 16:29:30 | INFO     | rexus           | [STYLE] [ART] Aplicando tema oscuro mejorado
2025-08-26 16:29:30 | INFO     | rexus           | [STYLE] [WARNING] No se pudo obtener instancia de QApplication
2025-08-26 16:29:30 | INFO     | rexus           | [STYLE] Aplicando correcciones criticas automaticas para tema oscuro
2025-08-26 16:29:30 | INFO     | rexus           | [STYLE] [ART] Aplicando tema oscuro mejorado
2025-08-26 16:29:30 | INFO     | rexus           | [STYLE]  Aplicando correcciones críticas de contraste
2025-08-26 16:29:30 | INFO     | rexus           | [STYLE] [OK] Correcciones automáticas aplicadas exitosamente
2025-08-26 16:29:30 | INFO     | rexus.vidrios.model | Sistema unificado de sanitización cargado
2025-08-26 16:29:30 | INFO     | rexus           | Sistema de logging Rexus inicializado
2025-08-26 16:29:31 | INFO     | rexus.modules.inventario.submodules | [SUBMODULOS INVENTARIO] __init__.py cargado (managers temporalmente deshabilitados)
2025-08-26 16:32:46 | INFO     | rexus           | Sistema de logging Rexus inicializado
2025-08-26 16:32:47 | INFO     | rexus.inventario.model | Submódulos especializados cargados
2025-08-26 16:32:47 | INFO     | rexus           | [STYLE] Tema oscuro detectado en Windows - aplicando correcciones criticas
2025-08-26 16:32:47 | INFO     | rexus           | [STYLE] Aplicando correcciones criticas automaticas para tema oscuro
2025-08-26 16:32:47 | INFO     | rexus           | [STYLE] [ART] Aplicando tema oscuro mejorado
2025-08-26 16:32:47 | INFO     | rexus           | [STYLE] [WARNING] No se pudo obtener instancia de QApplication
2025-08-26 16:32:47 | INFO     | rexus           | [STYLE] Aplicando correcciones criticas automaticas para tema oscuro
2025-08-26 16:32:47 | INFO     | rexus           | [STYLE] [ART] Aplicando tema oscuro mejorado
2025-08-26 16:32:47 | INFO     | rexus           | [STYLE]  Aplicando correcciones críticas de contraste
2025-08-26 16:32:47 | INFO     | rexus           | [STYLE] [OK] Correcciones automáticas aplicadas exitosamente
2025-08-26 16:32:47 | INFO     | rexus.vidrios.model | Sistema unificado de sanitización cargado
2025-08-26 16:32:48 | INFO     | rexus.modules.inventario.submodules | [SUBMODULOS INVENTARIO] __init__.py cargado (managers temporalmente deshabilitados)
2025-08-26 16:33:02 | INFO     | rexus           | Sistema de logging Rexus inicializado
2025-08-26 16:33:03 | INFO     | rexus.inventario.model | Submódulos especializados cargados
2025-08-26 16:33:03 | INFO     | rexus           | [STYLE] Tema oscuro detectado en Windows - aplicando correcciones criticas
2025-08-26 16:33:03 | INFO     | rexus           | [STYLE] Aplicando correcciones criticas automaticas para tema oscuro
2025-08-26 16:33:03 | INFO     | rexus           | [STYLE] [ART] Aplicando tema oscuro mejorado
2025-08-26 16:33:03 | INFO     | rexus           | [STYLE] [WARNING] No se pudo obtener instancia de QApplication
2025-08-26 16:33:03 | INFO     | rexus           | [STYLE] Aplicando correcciones criticas automaticas para tema oscuro
2025-08-26 16:33:03 | INFO     | rexus           | [STYLE] [ART] Aplicando tema oscuro mejorado
2025-08-26 16:33:03 | INFO     | rexus           | [STYLE]  Aplicando correcciones críticas de contraste
2025-08-26 16:33:03 | INFO     | rexus           | [STYLE] [OK] Correcciones automáticas aplicadas exitosamente
2025-08-26 16:33:03 | INFO     | rexus.vidrios.model | Sistema unificado de sanitización cargado
2025-08-26 16:33:03 | INFO     | rexus.modules.inventario.submodules | [SUBMODULOS INVENTARIO] __init__.py cargado (managers temporalmente deshabilitados)
2025-08-26 16:33:12 | INFO     | rexus           | Sistema de logging Rexus inicializado
2025-08-26 16:33:14 | INFO     | rexus.inventario.model | Submódulos especializados cargados
2025-08-26 16:33:14 | INFO     | rexus           | [STYLE] Tema oscuro detectado en Windows - aplicando correcciones criticas
2025-08-26 16:33:14 | INFO     | rexus           | [STYLE] Aplicando correcciones criticas automaticas para tema oscuro
2025-08-26 16:33:14 | INFO     | rexus           | [STYLE] [ART] Aplicando tema oscuro mejorado
2025-08-26 16:33:14 | INFO     | rexus           | [STYLE] [WARNING] No se pudo obtener instancia de QApplication
2025-08-26 16:33:14 | INFO     | rexus           | [STYLE] Aplicando correcciones criticas automaticas para tema oscuro
2025-08-26 16:33:14 | INFO     | rexus           | [STYLE] [ART] Aplicando tema oscuro mejorado
2025-08-26 16:33:14 | INFO     | rexus           | [STYLE]  Aplicando correcciones críticas de contraste
2025-08-26 16:33:14 | INFO     | rexus           | [STYLE] [OK] Correcciones automáticas aplicadas exitosamente
2025-08-26 16:33:14 | INFO     | rexus.vidrios.model | Sistema unificado de sanitización cargado
2025-08-26 16:33:15 | INFO     | rexus.modules.inventario.submodules | [SUBMODULOS INVENTARIO] __init__.py cargado (managers temporalmente deshabilitados)
2025-08-26 16:33:33 | INFO     | rexus           | Sistema de logging Rexus inicializado
2025-08-26 16:33:34 | INFO     | rexus.inventario.model | Submódulos especializados cargados
2025-08-26 16:33:34 | INFO     | rexus           | [STYLE] Tema oscuro detectado en Windows - aplicando correcciones criticas
2025-08-26 16:33:34 | INFO     | rexus           | [STYLE] Aplicando correcciones criticas automaticas para tema oscuro
2025-08-26 16:33:34 | INFO     | rexus           | [STYLE] [ART] Aplicando tema oscuro mejorado
2025-08-26 16:33:34 | INFO     | rexus           | [STYLE] [WARNING] No se pudo obtener instancia de QApplication
2025-08-26 16:33:34 | INFO     | rexus           | [STYLE] Aplicando correcciones criticas automaticas para tema oscuro
2025-08-26 16:33:34 | INFO     | rexus           | [STYLE] [ART] Aplicando tema oscuro mejorado
2025-08-26 16:33:34 | INFO     | rexus           | [STYLE]  Aplicando correcciones críticas de contraste
2025-08-26 16:33:34 | INFO     | rexus           | [STYLE] [OK] Correcciones automáticas aplicadas exitosamente
2025-08-26 16:33:34 | INFO     | rexus.vidrios.model | Sistema unificado de sanitización cargado
2025-08-26 16:33:35 | INFO     | rexus.modules.inventario.submodules | [SUBMODULOS INVENTARIO] __init__.py cargado (managers temporalmente deshabilitados)
2025-08-26 16:33:59 | INFO     | rexus           | Sistema de logging Rexus inicializado
2025-08-26 16:34:01 | INFO     | rexus.inventario.model | Submódulos especializados cargados
2025-08-26 16:34:01 | INFO     | rexus           | [STYLE] Tema oscuro detectado en Windows - aplicando correcciones criticas
2025-08-26 16:34:01 | INFO     | rexus           | [STYLE] Aplicando correcciones criticas automaticas para tema oscuro
2025-08-26 16:34:01 | INFO     | rexus           | [STYLE] [ART] Aplicando tema oscuro mejorado
2025-08-26 16:34:01 | INFO     | rexus           | [STYLE] [WARNING] No se pudo obtener instancia de QApplication
2025-08-26 16:34:01 | INFO     | rexus           | [STYLE] Aplicando correcciones criticas automaticas para tema oscuro
2025-08-26 16:34:01 | INFO     | rexus           | [STYLE] [ART] Aplicando tema oscuro mejorado
2025-08-26 16:34:01 | INFO     | rexus           | [STYLE]  Aplicando correcciones críticas de contraste
2025-08-26 16:34:01 | INFO     | rexus           | [STYLE] [OK] Correcciones automáticas aplicadas exitosamente
2025-08-26 16:34:01 | INFO     | rexus.vidrios.model | Sistema unificado de sanitización cargado
2025-08-26 16:34:02 | INFO     | rexus.modules.inventario.submodules | [SUBMODULOS INVENTARIO] __init__.py cargado (managers temporalmente deshabilitados)
2025-08-26 16:34:41 | INFO     | rexus           | Sistema de logging Rexus inicializado
2025-08-26 16:34:42 | INFO     | rexus.inventario.model | Submódulos especializados cargados
2025-08-26 16:34:42 | INFO     | rexus           | [STYLE] Tema oscuro detectado en Windows - aplicando correcciones criticas
2025-08-26 16:34:42 | INFO     | rexus           | [STYLE] Aplicando correcciones criticas automaticas para tema oscuro
2025-08-26 16:34:42 | INFO     | rexus           | [STYLE] [ART] Aplicando tema oscuro mejorado
2025-08-26 16:34:42 | INFO     | rexus           | [STYLE] [WARNING] No se pudo obtener instancia de QApplication
2025-08-26 16:34:42 | INFO     | rexus           | [STYLE] Aplicando correcciones criticas automaticas para tema oscuro
2025-08-26 16:34:42 | INFO     | rexus           | [STYLE] [ART] Aplicando tema oscuro mejorado
2025-08-26 16:34:42 | INFO     | rexus           | [STYLE]  Aplicando correcciones críticas de contraste
2025-08-26 16:34:42 | INFO     | rexus           | [STYLE] [OK] Correcciones automáticas aplicadas exitosamente
2025-08-26 16:34:42 | INFO     | rexus.vidrios.model | Sistema unificado de sanitización cargado
2025-08-26 16:34:43 | INFO     | rexus.modules.inventario.submodules | [SUBMODULOS INVENTARIO] __init__.py cargado (managers temporalmente deshabilitados)
2025-08-26 16:34:53 | INFO     | rexus           | Sistema de logging Rexus inicializado
2025-08-26 16:34:53 | INFO     | rexus.inventario.model | Submódulos especializados cargados
2025-08-26 16:34:54 | INFO     | rexus           | [STYLE] Tema oscuro detectado en Windows - aplicando correcciones criticas
2025-08-26 16:34:54 | INFO     | rexus           | [STYLE] Aplicando correcciones criticas automaticas para tema oscuro
2025-08-26 16:34:54 | INFO     | rexus           | [STYLE] [ART] Aplicando tema oscuro mejorado
2025-08-26 16:34:54 | INFO     | rexus           | [STYLE] [WARNING] No se pudo obtener instancia de QApplication
2025-08-26 16:34:54 | INFO     | rexus           | [STYLE] Aplicando correcciones criticas automaticas para tema oscuro
2025-08-26 16:34:54 | INFO     | rexus           | [STYLE] [ART] Aplicando tema oscuro mejorado
2025-08-26 16:34:54 | INFO     | rexus           | [STYLE]  Aplicando correcciones críticas de contraste
2025-08-26 16:34:54 | INFO     | rexus           | [STYLE] [OK] Correcciones automáticas aplicadas exitosamente
2025-08-26 16:34:54 | INFO     | rexus.vidrios.model | Sistema unificado de sanitización cargado
2025-08-26 16:34:54 | INFO     | rexus.modules.inventario.submodules | [SUBMODULOS INVENTARIO] __init__.py cargado (managers temporalmente deshabilitados)
2025-08-26 16:35:04 | INFO     | rexus           | Sistema de logging Rexus inicializado
2025-08-26 16:35:05 | INFO     | rexus.inventario.model | Submódulos especializados cargados
2025-08-26 16:35:05 | INFO     | rexus           | [STYLE] Tema oscuro detectado en Windows - aplicando correcciones criticas
2025-08-26 16:35:05 | INFO     | rexus           | [STYLE] Aplicando correcciones criticas automaticas para tema oscuro
2025-08-26 16:35:05 | INFO     | rexus           | [STYLE] [ART] Aplicando tema oscuro mejorado
2025-08-26 16:35:05 | INFO     | rexus           | [STYLE] [WARNING] No se pudo obtener instancia de QApplication
2025-08-26 16:35:05 | INFO     | rexus           | [STYLE] Aplicando correcciones criticas automaticas para tema oscuro
2025-08-26 16:35:05 | INFO     | rexus           | [STYLE] [ART] Aplicando tema oscuro mejorado
2025-08-26 16:35:05 | INFO     | rexus           | [STYLE]  Aplicando correcciones críticas de contraste
2025-08-26 16:35:05 | INFO     | rexus           | [STYLE] [OK] Correcciones automáticas aplicadas exitosamente
2025-08-26 16:35:05 | INFO     | rexus.vidrios.model | Sistema unificado de sanitización cargado
2025-08-26 16:35:06 | INFO     | rexus.modules.inventario.submodules | [SUBMODULOS INVENTARIO] __init__.py cargado (managers temporalmente deshabilitados)
2025-08-26 16:35:16 | INFO     | rexus           | Sistema de logging Rexus inicializado
2025-08-26 16:35:17 | INFO     | rexus.inventario.model | Submódulos especializados cargados
2025-08-26 16:35:17 | INFO     | rexus           | [STYLE] Tema oscuro detectado en Windows - aplicando correcciones criticas
2025-08-26 16:35:17 | INFO     | rexus           | [STYLE] Aplicando correcciones criticas automaticas para tema oscuro
2025-08-26 16:35:17 | INFO     | rexus           | [STYLE] [ART] Aplicando tema oscuro mejorado
2025-08-26 16:35:17 | INFO     | rexus           | [STYLE] [WARNING] No se pudo obtener instancia de QApplication
2025-08-26 16:35:17 | INFO     | rexus           | [STYLE] Aplicando correcciones criticas automaticas para tema oscuro
2025-08-26 16:35:17 | INFO     | rexus           | [STYLE] [ART] Aplicando tema oscuro mejorado
2025-08-26 16:35:17 | INFO     | rexus           | [STYLE]  Aplicando correcciones críticas de contraste
2025-08-26 16:35:17 | INFO     | rexus           | [STYLE] [OK] Correcciones automáticas aplicadas exitosamente
2025-08-26 16:35:17 | INFO     | rexus.vidrios.model | Sistema unificado de sanitización cargado
2025-08-26 16:35:17 | INFO     | rexus.modules.inventario.submodules | [SUBMODULOS INVENTARIO] __init__.py cargado (managers temporalmente deshabilitados)
2025-08-26 16:35:25 | INFO     | rexus           | Sistema de logging Rexus inicializado
2025-08-26 16:35:27 | INFO     | rexus.inventario.model | Submódulos especializados cargados
2025-08-26 16:35:27 | INFO     | rexus           | [STYLE] Tema oscuro detectado en Windows - aplicando correcciones criticas
2025-08-26 16:35:27 | INFO     | rexus           | [STYLE] Aplicando correcciones criticas automaticas para tema oscuro
2025-08-26 16:35:27 | INFO     | rexus           | [STYLE] [ART] Aplicando tema oscuro mejorado
2025-08-26 16:35:27 | INFO     | rexus           | [STYLE] [WARNING] No se pudo obtener instancia de QApplication
2025-08-26 16:35:27 | INFO     | rexus           | [STYLE] Aplicando correcciones criticas automaticas para tema oscuro
2025-08-26 16:35:27 | INFO     | rexus           | [STYLE] [ART] Aplicando tema oscuro mejorado
2025-08-26 16:35:27 | INFO     | rexus           | [STYLE]  Aplicando correcciones críticas de contraste
2025-08-26 16:35:27 | INFO     | rexus           | [STYLE] [OK] Correcciones automáticas aplicadas exitosamente
2025-08-26 16:35:27 | INFO     | rexus.vidrios.model | Sistema unificado de sanitización cargado
2025-08-26 16:35:28 | INFO     | rexus.modules.inventario.submodules | [SUBMODULOS INVENTARIO] __init__.py cargado (managers temporalmente deshabilitados)
2025-08-26 16:35:33 | INFO     | rexus           | Sistema de logging Rexus inicializado
2025-08-26 16:35:34 | INFO     | rexus.inventario.model | Submódulos especializados cargados
2025-08-26 16:35:34 | INFO     | rexus           | [STYLE] Tema oscuro detectado en Windows - aplicando correcciones criticas
2025-08-26 16:35:34 | INFO     | rexus           | [STYLE] Aplicando correcciones criticas automaticas para tema oscuro
2025-08-26 16:35:34 | INFO     | rexus           | [STYLE] [ART] Aplicando tema oscuro mejorado
2025-08-26 16:35:34 | INFO     | rexus           | [STYLE] [WARNING] No se pudo obtener instancia de QApplication
2025-08-26 16:35:34 | INFO     | rexus           | [STYLE] Aplicando correcciones criticas automaticas para tema oscuro
2025-08-26 16:35:34 | INFO     | rexus           | [STYLE] [ART] Aplicando tema oscuro mejorado
2025-08-26 16:35:34 | INFO     | rexus           | [STYLE]  Aplicando correcciones críticas de contraste
2025-08-26 16:35:34 | INFO     | rexus           | [STYLE] [OK] Correcciones automáticas aplicadas exitosamente
2025-08-26 16:35:34 | INFO     | rexus.vidrios.model | Sistema unificado de sanitización cargado
2025-08-26 16:35:35 | INFO     | rexus.modules.inventario.submodules | [SUBMODULOS INVENTARIO] __init__.py cargado (managers temporalmente deshabilitados)
2025-08-26 16:35:45 | INFO     | rexus           | Sistema de logging Rexus inicializado
2025-08-26 16:35:46 | INFO     | rexus.inventario.model | Submódulos especializados cargados
2025-08-26 16:35:46 | INFO     | rexus           | [STYLE] Tema oscuro detectado en Windows - aplicando correcciones criticas
2025-08-26 16:35:46 | INFO     | rexus           | [STYLE] Aplicando correcciones criticas automaticas para tema oscuro
2025-08-26 16:35:46 | INFO     | rexus           | [STYLE] [ART] Aplicando tema oscuro mejorado
2025-08-26 16:35:46 | INFO     | rexus           | [STYLE] [WARNING] No se pudo obtener instancia de QApplication
2025-08-26 16:35:46 | INFO     | rexus           | [STYLE] Aplicando correcciones criticas automaticas para tema oscuro
2025-08-26 16:35:46 | INFO     | rexus           | [STYLE] [ART] Aplicando tema oscuro mejorado
2025-08-26 16:35:46 | INFO     | rexus           | [STYLE]  Aplicando correcciones críticas de contraste
2025-08-26 16:35:46 | INFO     | rexus           | [STYLE] [OK] Correcciones automáticas aplicadas exitosamente
2025-08-26 16:35:46 | INFO     | rexus.vidrios.model | Sistema unificado de sanitización cargado
2025-08-26 16:35:47 | INFO     | rexus.modules.inventario.submodules | [SUBMODULOS INVENTARIO] __init__.py cargado (managers temporalmente deshabilitados)
2025-08-26 16:35:56 | INFO     | rexus           | Sistema de logging Rexus inicializado
2025-08-26 16:35:57 | INFO     | rexus.inventario.model | Submódulos especializados cargados
2025-08-26 16:35:57 | INFO     | rexus           | [STYLE] Tema oscuro detectado en Windows - aplicando correcciones criticas
2025-08-26 16:35:57 | INFO     | rexus           | [STYLE] Aplicando correcciones criticas automaticas para tema oscuro
2025-08-26 16:35:57 | INFO     | rexus           | [STYLE] [ART] Aplicando tema oscuro mejorado
2025-08-26 16:35:57 | INFO     | rexus           | [STYLE] [WARNING] No se pudo obtener instancia de QApplication
2025-08-26 16:35:57 | INFO     | rexus           | [STYLE] Aplicando correcciones criticas automaticas para tema oscuro
2025-08-26 16:35:57 | INFO     | rexus           | [STYLE] [ART] Aplicando tema oscuro mejorado
2025-08-26 16:35:57 | INFO     | rexus           | [STYLE]  Aplicando correcciones críticas de contraste
2025-08-26 16:35:57 | INFO     | rexus           | [STYLE] [OK] Correcciones automáticas aplicadas exitosamente
2025-08-26 16:35:57 | INFO     | rexus.vidrios.model | Sistema unificado de sanitización cargado
2025-08-26 16:35:58 | INFO     | rexus.modules.inventario.submodules | [SUBMODULOS INVENTARIO] __init__.py cargado (managers temporalmente deshabilitados)
2025-08-26 16:36:12 | INFO     | rexus           | Sistema de logging Rexus inicializado
2025-08-26 16:36:13 | INFO     | rexus.inventario.model | Submódulos especializados cargados
2025-08-26 16:36:13 | INFO     | rexus           | [STYLE] Tema oscuro detectado en Windows - aplicando correcciones criticas
2025-08-26 16:36:13 | INFO     | rexus           | [STYLE] Aplicando correcciones criticas automaticas para tema oscuro
2025-08-26 16:36:13 | INFO     | rexus           | [STYLE] [ART] Aplicando tema oscuro mejorado
2025-08-26 16:36:13 | INFO     | rexus           | [STYLE] [WARNING] No se pudo obtener instancia de QApplication
2025-08-26 16:36:13 | INFO     | rexus           | [STYLE] Aplicando correcciones criticas automaticas para tema oscuro
2025-08-26 16:36:13 | INFO     | rexus           | [STYLE] [ART] Aplicando tema oscuro mejorado
2025-08-26 16:36:13 | INFO     | rexus           | [STYLE]  Aplicando correcciones críticas de contraste
2025-08-26 16:36:13 | INFO     | rexus           | [STYLE] [OK] Correcciones automáticas aplicadas exitosamente
2025-08-26 16:36:13 | INFO     | rexus.vidrios.model | Sistema unificado de sanitización cargado
2025-08-26 16:36:14 | INFO     | rexus.modules.inventario.submodules | [SUBMODULOS INVENTARIO] __init__.py cargado (managers temporalmente deshabilitados)
2025-08-26 16:36:49 | INFO     | rexus           | Sistema de logging Rexus inicializado
2025-08-26 16:36:50 | INFO     | rexus.inventario.model | Submódulos especializados cargados
2025-08-26 16:36:50 | INFO     | rexus           | [STYLE] Tema oscuro detectado en Windows - aplicando correcciones criticas
2025-08-26 16:36:50 | INFO     | rexus           | [STYLE] Aplicando correcciones criticas automaticas para tema oscuro
2025-08-26 16:36:50 | INFO     | rexus           | [STYLE] [ART] Aplicando tema oscuro mejorado
2025-08-26 16:36:50 | INFO     | rexus           | [STYLE] [WARNING] No se pudo obtener instancia de QApplication
2025-08-26 16:36:50 | INFO     | rexus           | [STYLE] Aplicando correcciones criticas automaticas para tema oscuro
2025-08-26 16:36:50 | INFO     | rexus           | [STYLE] [ART] Aplicando tema oscuro mejorado
2025-08-26 16:36:50 | INFO     | rexus           | [STYLE]  Aplicando correcciones críticas de contraste
2025-08-26 16:36:50 | INFO     | rexus           | [STYLE] [OK] Correcciones automáticas aplicadas exitosamente
2025-08-26 16:36:50 | INFO     | rexus.vidrios.model | Sistema unificado de sanitización cargado
2025-08-26 16:36:51 | INFO     | rexus.modules.inventario.submodules | [SUBMODULOS INVENTARIO] __init__.py cargado (managers temporalmente deshabilitados)
2025-08-26 16:37:02 | INFO     | rexus           | Sistema de logging Rexus inicializado
2025-08-26 16:37:03 | INFO     | rexus.inventario.model | Submódulos especializados cargados
2025-08-26 16:37:03 | INFO     | rexus           | [STYLE] Tema oscuro detectado en Windows - aplicando correcciones criticas
2025-08-26 16:37:03 | INFO     | rexus           | [STYLE] Aplicando correcciones criticas automaticas para tema oscuro
2025-08-26 16:37:03 | INFO     | rexus           | [STYLE] [ART] Aplicando tema oscuro mejorado
2025-08-26 16:37:03 | INFO     | rexus           | [STYLE] [WARNING] No se pudo obtener instancia de QApplication
2025-08-26 16:37:03 | INFO     | rexus           | [STYLE] Aplicando correcciones criticas automaticas para tema oscuro
2025-08-26 16:37:03 | INFO     | rexus           | [STYLE] [ART] Aplicando tema oscuro mejorado
2025-08-26 16:37:03 | INFO     | rexus           | [STYLE]  Aplicando correcciones críticas de contraste
2025-08-26 16:37:03 | INFO     | rexus           | [STYLE] [OK] Correcciones automáticas aplicadas exitosamente
2025-08-26 16:37:03 | INFO     | rexus.vidrios.model | Sistema unificado de sanitización cargado
2025-08-26 16:37:04 | INFO     | rexus.modules.inventario.submodules | [SUBMODULOS INVENTARIO] __init__.py cargado (managers temporalmente deshabilitados)
2025-08-26 16:37:15 | INFO     | rexus           | Sistema de logging Rexus inicializado
2025-08-26 16:37:16 | INFO     | rexus.inventario.model | Submódulos especializados cargados
2025-08-26 16:37:16 | INFO     | rexus           | [STYLE] Tema oscuro detectado en Windows - aplicando correcciones criticas
2025-08-26 16:37:16 | INFO     | rexus           | [STYLE] Aplicando correcciones criticas automaticas para tema oscuro
2025-08-26 16:37:16 | INFO     | rexus           | [STYLE] [ART] Aplicando tema oscuro mejorado
2025-08-26 16:37:16 | INFO     | rexus           | [STYLE] [WARNING] No se pudo obtener instancia de QApplication
2025-08-26 16:37:16 | INFO     | rexus           | [STYLE] Aplicando correcciones criticas automaticas para tema oscuro
2025-08-26 16:37:16 | INFO     | rexus           | [STYLE] [ART] Aplicando tema oscuro mejorado
2025-08-26 16:37:16 | INFO     | rexus           | [STYLE]  Aplicando correcciones críticas de contraste
2025-08-26 16:37:16 | INFO     | rexus           | [STYLE] [OK] Correcciones automáticas aplicadas exitosamente
2025-08-26 16:37:16 | INFO     | rexus.vidrios.model | Sistema unificado de sanitización cargado
2025-08-26 16:37:17 | INFO     | rexus.modules.inventario.submodules | [SUBMODULOS INVENTARIO] __init__.py cargado (managers temporalmente deshabilitados)
2025-08-26 16:37:36 | INFO     | rexus           | Sistema de logging Rexus inicializado
2025-08-26 16:37:37 | INFO     | rexus.inventario.model | Submódulos especializados cargados
2025-08-26 16:37:37 | INFO     | rexus           | [STYLE] Tema oscuro detectado en Windows - aplicando correcciones criticas
2025-08-26 16:37:37 | INFO     | rexus           | [STYLE] Aplicando correcciones criticas automaticas para tema oscuro
2025-08-26 16:37:37 | INFO     | rexus           | [STYLE] [ART] Aplicando tema oscuro mejorado
2025-08-26 16:37:37 | INFO     | rexus           | [STYLE] [WARNING] No se pudo obtener instancia de QApplication
2025-08-26 16:37:37 | INFO     | rexus           | [STYLE] Aplicando correcciones criticas automaticas para tema oscuro
2025-08-26 16:37:37 | INFO     | rexus           | [STYLE] [ART] Aplicando tema oscuro mejorado
2025-08-26 16:37:37 | INFO     | rexus           | [STYLE]  Aplicando correcciones críticas de contraste
2025-08-26 16:37:37 | INFO     | rexus           | [STYLE] [OK] Correcciones automáticas aplicadas exitosamente
2025-08-26 16:37:37 | INFO     | rexus.vidrios.model | Sistema unificado de sanitización cargado
2025-08-26 16:37:38 | INFO     | rexus.modules.inventario.submodules | [SUBMODULOS INVENTARIO] __init__.py cargado (managers temporalmente deshabilitados)
2025-08-26 16:38:53 | INFO     | rexus           | Sistema de logging Rexus inicializado
2025-08-26 16:38:54 | INFO     | rexus.inventario.model | Submódulos especializados cargados
2025-08-26 16:38:54 | INFO     | rexus           | [STYLE] Tema oscuro detectado en Windows - aplicando correcciones criticas
2025-08-26 16:38:54 | INFO     | rexus           | [STYLE] Aplicando correcciones criticas automaticas para tema oscuro
2025-08-26 16:38:54 | INFO     | rexus           | [STYLE] [ART] Aplicando tema oscuro mejorado
2025-08-26 16:38:54 | INFO     | rexus           | [STYLE] [WARNING] No se pudo obtener instancia de QApplication
2025-08-26 16:38:54 | INFO     | rexus           | [STYLE] Aplicando correcciones criticas automaticas para tema oscuro
2025-08-26 16:38:54 | INFO     | rexus           | [STYLE] [ART] Aplicando tema oscuro mejorado
2025-08-26 16:38:54 | INFO     | rexus           | [STYLE]  Aplicando correcciones críticas de contraste
2025-08-26 16:38:54 | INFO     | rexus           | [STYLE] [OK] Correcciones automáticas aplicadas exitosamente
2025-08-26 16:38:54 | INFO     | rexus.vidrios.model | Sistema unificado de sanitización cargado
2025-08-26 16:38:55 | INFO     | rexus.modules.inventario.submodules | [SUBMODULOS INVENTARIO] __init__.py cargado (managers temporalmente deshabilitados)
2025-08-26 16:39:04 | INFO     | rexus           | Sistema de logging Rexus inicializado
2025-08-26 16:42:22 | INFO     | rexus           | Sistema de logging Rexus inicializado
2025-08-26 16:42:25 | INFO     | rexus.inventario.model | Submódulos especializados cargados
2025-08-26 16:42:26 | INFO     | rexus           | [STYLE] Tema oscuro detectado en Windows - aplicando correcciones criticas
2025-08-26 16:42:26 | INFO     | rexus           | [STYLE] Aplicando correcciones criticas automaticas para tema oscuro
2025-08-26 16:42:26 | INFO     | rexus           | [STYLE] [ART] Aplicando tema oscuro mejorado
2025-08-26 16:42:26 | INFO     | rexus           | [STYLE] [WARNING] No se pudo obtener instancia de QApplication
2025-08-26 16:42:26 | INFO     | rexus           | [STYLE] Aplicando correcciones criticas automaticas para tema oscuro
2025-08-26 16:42:26 | INFO     | rexus           | [STYLE] [ART] Aplicando tema oscuro mejorado
2025-08-26 16:42:26 | INFO     | rexus           | [STYLE]  Aplicando correcciones críticas de contraste
2025-08-26 16:42:26 | INFO     | rexus           | [STYLE] [OK] Correcciones automáticas aplicadas exitosamente
2025-08-26 16:42:26 | INFO     | rexus.vidrios.model | Sistema unificado de sanitización cargado
2025-08-26 16:42:27 | INFO     | rexus.modules.inventario.submodules | [SUBMODULOS INVENTARIO] __init__.py cargado (managers temporalmente deshabilitados)
2025-08-26 16:43:04 | INFO     | rexus           | Sistema de logging Rexus inicializado
2025-08-26 16:43:07 | INFO     | rexus.inventario.model | Submódulos especializados cargados
2025-08-26 16:43:07 | INFO     | rexus           | [STYLE] Tema oscuro detectado en Windows - aplicando correcciones criticas
2025-08-26 16:43:07 | INFO     | rexus           | [STYLE] Aplicando correcciones criticas automaticas para tema oscuro
2025-08-26 16:43:07 | INFO     | rexus           | [STYLE] [ART] Aplicando tema oscuro mejorado
2025-08-26 16:43:07 | INFO     | rexus           | [STYLE] [WARNING] No se pudo obtener instancia de QApplication
2025-08-26 16:43:07 | INFO     | rexus           | [STYLE] Aplicando correcciones criticas automaticas para tema oscuro
2025-08-26 16:43:07 | INFO     | rexus           | [STYLE] [ART] Aplicando tema oscuro mejorado
2025-08-26 16:43:07 | INFO     | rexus           | [STYLE]  Aplicando correcciones críticas de contraste
2025-08-26 16:43:07 | INFO     | rexus           | [STYLE] [OK] Correcciones automáticas aplicadas exitosamente
2025-08-26 16:43:07 | INFO     | rexus.vidrios.model | Sistema unificado de sanitización cargado
2025-08-26 16:43:09 | INFO     | rexus.modules.inventario.submodules | [SUBMODULOS INVENTARIO] __init__.py cargado (managers temporalmente deshabilitados)
2025-08-26 16:48:49 | INFO     | rexus           | Sistema de logging Rexus inicializado
2025-08-26 16:48:51 | INFO     | rexus.inventario.model | Submódulos especializados cargados
2025-08-26 16:48:51 | INFO     | rexus           | [STYLE] Tema oscuro detectado en Windows - aplicando correcciones criticas
2025-08-26 16:48:51 | INFO     | rexus           | [STYLE] Aplicando correcciones criticas automaticas para tema oscuro
2025-08-26 16:48:51 | INFO     | rexus           | [STYLE] [ART] Aplicando tema oscuro mejorado
2025-08-26 16:48:51 | INFO     | rexus           | [STYLE] [WARNING] No se pudo obtener instancia de QApplication
2025-08-26 16:48:51 | INFO     | rexus           | [STYLE] Aplicando correcciones criticas automaticas para tema oscuro
2025-08-26 16:48:51 | INFO     | rexus           | [STYLE] [ART] Aplicando tema oscuro mejorado
2025-08-26 16:48:51 | INFO     | rexus           | [STYLE]  Aplicando correcciones críticas de contraste
2025-08-26 16:48:51 | INFO     | rexus           | [STYLE] [OK] Correcciones automáticas aplicadas exitosamente
2025-08-26 16:48:52 | INFO     | rexus.vidrios.model | Sistema unificado de sanitización cargado
2025-08-26 16:48:53 | INFO     | rexus.modules.inventario.submodules | [SUBMODULOS INVENTARIO] __init__.py cargado (managers temporalmente deshabilitados)
2025-08-26 16:50:06 | INFO     | rexus           | Sistema de logging Rexus inicializado
2025-08-26 16:50:07 | INFO     | rexus.inventario.model | Submódulos especializados cargados
2025-08-26 16:50:07 | INFO     | rexus           | [STYLE] Tema oscuro detectado en Windows - aplicando correcciones criticas
2025-08-26 16:50:07 | INFO     | rexus           | [STYLE] Aplicando correcciones criticas automaticas para tema oscuro
2025-08-26 16:50:07 | INFO     | rexus           | [STYLE] [ART] Aplicando tema oscuro mejorado
2025-08-26 16:50:07 | INFO     | rexus           | [STYLE] [WARNING] No se pudo obtener instancia de QApplication
2025-08-26 16:50:07 | INFO     | rexus           | [STYLE] Aplicando correcciones criticas automaticas para tema oscuro
2025-08-26 16:50:07 | INFO     | rexus           | [STYLE] [ART] Aplicando tema oscuro mejorado
2025-08-26 16:50:07 | INFO     | rexus           | [STYLE]  Aplicando correcciones críticas de contraste
2025-08-26 16:50:07 | INFO     | rexus           | [STYLE] [OK] Correcciones automáticas aplicadas exitosamente
2025-08-26 16:50:07 | INFO     | rexus.vidrios.model | Sistema unificado de sanitización cargado
2025-08-26 16:50:08 | INFO     | rexus.modules.inventario.submodules | [SUBMODULOS INVENTARIO] __init__.py cargado (managers temporalmente deshabilitados)
2025-08-26 16:50:24 | INFO     | rexus           | Sistema de logging Rexus inicializado
2025-08-26 16:50:25 | INFO     | rexus.inventario.model | Submódulos especializados cargados
2025-08-26 16:50:25 | INFO     | rexus           | [STYLE] Tema oscuro detectado en Windows - aplicando correcciones criticas
2025-08-26 16:50:25 | INFO     | rexus           | [STYLE] Aplicando correcciones criticas automaticas para tema oscuro
2025-08-26 16:50:25 | INFO     | rexus           | [STYLE] [ART] Aplicando tema oscuro mejorado
2025-08-26 16:50:25 | INFO     | rexus           | [STYLE] [WARNING] No se pudo obtener instancia de QApplication
2025-08-26 16:50:25 | INFO     | rexus           | [STYLE] Aplicando correcciones criticas automaticas para tema oscuro
2025-08-26 16:50:25 | INFO     | rexus           | [STYLE] [ART] Aplicando tema oscuro mejorado
2025-08-26 16:50:25 | INFO     | rexus           | [STYLE]  Aplicando correcciones críticas de contraste
2025-08-26 16:50:25 | INFO     | rexus           | [STYLE] [OK] Correcciones automáticas aplicadas exitosamente
2025-08-26 16:50:25 | INFO     | rexus.vidrios.model | Sistema unificado de sanitización cargado
2025-08-26 16:50:26 | INFO     | rexus.modules.inventario.submodules | [SUBMODULOS INVENTARIO] __init__.py cargado (managers temporalmente deshabilitados)
2025-08-26 16:57:49 | INFO     | rexus           | Sistema de logging Rexus inicializado
2025-08-26 16:57:51 | INFO     | rexus.inventario.model | Submódulos especializados cargados
2025-08-26 16:57:51 | INFO     | rexus           | [STYLE] Tema oscuro detectado en Windows - aplicando correcciones criticas
2025-08-26 16:57:51 | INFO     | rexus           | [STYLE] Aplicando correcciones criticas automaticas para tema oscuro
2025-08-26 16:57:51 | INFO     | rexus           | [STYLE] [ART] Aplicando tema oscuro mejorado
2025-08-26 16:57:51 | INFO     | rexus           | [STYLE] [WARNING] No se pudo obtener instancia de QApplication
2025-08-26 16:57:51 | INFO     | rexus           | [STYLE] Aplicando correcciones criticas automaticas para tema oscuro
2025-08-26 16:57:51 | INFO     | rexus           | [STYLE] [ART] Aplicando tema oscuro mejorado
2025-08-26 16:57:51 | INFO     | rexus           | [STYLE]  Aplicando correcciones críticas de contraste
2025-08-26 16:57:51 | INFO     | rexus           | [STYLE] [OK] Correcciones automáticas aplicadas exitosamente
2025-08-26 16:57:51 | INFO     | rexus.vidrios.model | Sistema unificado de sanitización cargado
2025-08-26 16:57:52 | INFO     | rexus.modules.inventario.submodules | [SUBMODULOS INVENTARIO] __init__.py cargado (managers temporalmente deshabilitados)
2025-08-26 16:59:21 | INFO     | rexus           | Sistema de logging Rexus inicializado
2025-08-26 16:59:23 | INFO     | rexus.inventario.model | Submódulos especializados cargados
2025-08-26 16:59:23 | INFO     | rexus           | [STYLE] Tema oscuro detectado en Windows - aplicando correcciones criticas
2025-08-26 16:59:23 | INFO     | rexus           | [STYLE] Aplicando correcciones criticas automaticas para tema oscuro
2025-08-26 16:59:23 | INFO     | rexus           | [STYLE] [ART] Aplicando tema oscuro mejorado
2025-08-26 16:59:23 | INFO     | rexus           | [STYLE] [WARNING] No se pudo obtener instancia de QApplication
2025-08-26 16:59:23 | INFO     | rexus           | [STYLE] Aplicando correcciones criticas automaticas para tema oscuro
2025-08-26 16:59:23 | INFO     | rexus           | [STYLE] [ART] Aplicando tema oscuro mejorado
2025-08-26 16:59:23 | INFO     | rexus           | [STYLE]  Aplicando correcciones críticas de contraste
2025-08-26 16:59:23 | INFO     | rexus           | [STYLE] [OK] Correcciones automáticas aplicadas exitosamente
2025-08-26 16:59:23 | INFO     | rexus.vidrios.model | Sistema unificado de sanitización cargado
2025-08-26 16:59:24 | INFO     | rexus.modules.inventario.submodules | [SUBMODULOS INVENTARIO] __init__.py cargado (managers temporalmente deshabilitados)
2025-08-26 17:10:31 | INFO     | rexus           | Sistema de logging Rexus inicializado
2025-08-26 17:10:32 | INFO     | rexus.inventario.model | Submódulos especializados cargados
2025-08-26 17:10:32 | INFO     | rexus           | [STYLE] Tema oscuro detectado en Windows - aplicando correcciones criticas
2025-08-26 17:10:32 | INFO     | rexus           | [STYLE] Aplicando correcciones criticas automaticas para tema oscuro
2025-08-26 17:10:32 | INFO     | rexus           | [STYLE] [ART] Aplicando tema oscuro mejorado
2025-08-26 17:10:32 | INFO     | rexus           | [STYLE] [WARNING] No se pudo obtener instancia de QApplication
2025-08-26 17:10:32 | INFO     | rexus           | [STYLE] Aplicando correcciones criticas automaticas para tema oscuro
2025-08-26 17:10:32 | INFO     | rexus           | [STYLE] [ART] Aplicando tema oscuro mejorado
2025-08-26 17:10:32 | INFO     | rexus           | [STYLE]  Aplicando correcciones críticas de contraste
2025-08-26 17:10:32 | INFO     | rexus           | [STYLE] [OK] Correcciones automáticas aplicadas exitosamente
2025-08-26 17:10:32 | INFO     | rexus.vidrios.model | Sistema unificado de sanitización cargado
2025-08-26 17:10:33 | INFO     | rexus.modules.inventario.submodules | [SUBMODULOS INVENTARIO] __init__.py cargado (managers temporalmente deshabilitados)
2025-08-26 17:11:30 | INFO     | rexus           | Sistema de logging Rexus inicializado
2025-08-26 17:11:32 | INFO     | rexus.inventario.model | Submódulos especializados cargados
2025-08-26 17:11:32 | INFO     | rexus           | [STYLE] Tema oscuro detectado en Windows - aplicando correcciones criticas
2025-08-26 17:11:32 | INFO     | rexus           | [STYLE] Aplicando correcciones criticas automaticas para tema oscuro
2025-08-26 17:11:32 | INFO     | rexus           | [STYLE] [ART] Aplicando tema oscuro mejorado
2025-08-26 17:11:32 | INFO     | rexus           | [STYLE] [WARNING] No se pudo obtener instancia de QApplication
2025-08-26 17:11:32 | INFO     | rexus           | [STYLE] Aplicando correcciones criticas automaticas para tema oscuro
2025-08-26 17:11:32 | INFO     | rexus           | [STYLE] [ART] Aplicando tema oscuro mejorado
2025-08-26 17:11:32 | INFO     | rexus           | [STYLE]  Aplicando correcciones críticas de contraste
2025-08-26 17:11:32 | INFO     | rexus           | [STYLE] [OK] Correcciones automáticas aplicadas exitosamente
2025-08-26 17:11:32 | INFO     | rexus.vidrios.model | Sistema unificado de sanitización cargado
2025-08-26 17:11:33 | INFO     | rexus.modules.inventario.submodules | [SUBMODULOS INVENTARIO] __init__.py cargado (managers temporalmente deshabilitados)
2025-08-26 17:11:39 | INFO     | rexus           | Sistema de logging Rexus inicializado
2025-08-26 17:11:40 | INFO     | rexus.inventario.model | Submódulos especializados cargados
2025-08-26 17:11:40 | INFO     | rexus           | [STYLE] Tema oscuro detectado en Windows - aplicando correcciones criticas
2025-08-26 17:11:40 | INFO     | rexus           | [STYLE] Aplicando correcciones criticas automaticas para tema oscuro
2025-08-26 17:11:40 | INFO     | rexus           | [STYLE] [ART] Aplicando tema oscuro mejorado
2025-08-26 17:11:40 | INFO     | rexus           | [STYLE] [WARNING] No se pudo obtener instancia de QApplication
2025-08-26 17:11:40 | INFO     | rexus           | [STYLE] Aplicando correcciones criticas automaticas para tema oscuro
2025-08-26 17:11:40 | INFO     | rexus           | [STYLE] [ART] Aplicando tema oscuro mejorado
2025-08-26 17:11:40 | INFO     | rexus           | [STYLE]  Aplicando correcciones críticas de contraste
2025-08-26 17:11:40 | INFO     | rexus           | [STYLE] [OK] Correcciones automáticas aplicadas exitosamente
2025-08-26 17:11:40 | INFO     | rexus.vidrios.model | Sistema unificado de sanitización cargado
2025-08-26 17:11:40 | INFO     | rexus.modules.inventario.submodules | [SUBMODULOS INVENTARIO] __init__.py cargado (managers temporalmente deshabilitados)
2025-08-26 17:12:01 | INFO     | rexus           | Sistema de logging Rexus inicializado
2025-08-26 17:12:02 | INFO     | rexus.inventario.model | Submódulos especializados cargados
2025-08-26 17:12:02 | INFO     | rexus           | [STYLE] Tema oscuro detectado en Windows - aplicando correcciones criticas
2025-08-26 17:12:02 | INFO     | rexus           | [STYLE] Aplicando correcciones criticas automaticas para tema oscuro
2025-08-26 17:12:02 | INFO     | rexus           | [STYLE] [ART] Aplicando tema oscuro mejorado
2025-08-26 17:12:02 | INFO     | rexus           | [STYLE] [WARNING] No se pudo obtener instancia de QApplication
2025-08-26 17:12:02 | INFO     | rexus           | [STYLE] Aplicando correcciones criticas automaticas para tema oscuro
2025-08-26 17:12:02 | INFO     | rexus           | [STYLE] [ART] Aplicando tema oscuro mejorado
2025-08-26 17:12:02 | INFO     | rexus           | [STYLE]  Aplicando correcciones críticas de contraste
2025-08-26 17:12:02 | INFO     | rexus           | [STYLE] [OK] Correcciones automáticas aplicadas exitosamente
2025-08-26 17:12:02 | INFO     | rexus.vidrios.model | Sistema unificado de sanitización cargado
2025-08-26 17:12:02 | INFO     | rexus.modules.inventario.submodules | [SUBMODULOS INVENTARIO] __init__.py cargado (managers temporalmente deshabilitados)
2025-08-26 17:12:10 | INFO     | rexus           | Sistema de logging Rexus inicializado
2025-08-26 17:12:11 | INFO     | rexus.inventario.model | Submódulos especializados cargados
2025-08-26 17:12:11 | INFO     | rexus           | [STYLE] Tema oscuro detectado en Windows - aplicando correcciones criticas
2025-08-26 17:12:11 | INFO     | rexus           | [STYLE] Aplicando correcciones criticas automaticas para tema oscuro
2025-08-26 17:12:11 | INFO     | rexus           | [STYLE] [ART] Aplicando tema oscuro mejorado
2025-08-26 17:12:11 | INFO     | rexus           | [STYLE] [WARNING] No se pudo obtener instancia de QApplication
2025-08-26 17:12:11 | INFO     | rexus           | [STYLE] Aplicando correcciones criticas automaticas para tema oscuro
2025-08-26 17:12:11 | INFO     | rexus           | [STYLE] [ART] Aplicando tema oscuro mejorado
2025-08-26 17:12:11 | INFO     | rexus           | [STYLE]  Aplicando correcciones críticas de contraste
2025-08-26 17:12:11 | INFO     | rexus           | [STYLE] [OK] Correcciones automáticas aplicadas exitosamente
2025-08-26 17:12:11 | INFO     | rexus.vidrios.model | Sistema unificado de sanitización cargado
2025-08-26 17:12:12 | INFO     | rexus.modules.inventario.submodules | [SUBMODULOS INVENTARIO] __init__.py cargado (managers temporalmente deshabilitados)
2025-08-26 17:12:56 | INFO     | rexus           | Sistema de logging Rexus inicializado
2025-08-26 17:12:57 | INFO     | rexus.inventario.model | Submódulos especializados cargados
2025-08-26 17:12:57 | INFO     | rexus           | [STYLE] Tema oscuro detectado en Windows - aplicando correcciones criticas
2025-08-26 17:12:57 | INFO     | rexus           | [STYLE] Aplicando correcciones criticas automaticas para tema oscuro
2025-08-26 17:12:57 | INFO     | rexus           | [STYLE] [ART] Aplicando tema oscuro mejorado
2025-08-26 17:12:57 | INFO     | rexus           | [STYLE] [WARNING] No se pudo obtener instancia de QApplication
2025-08-26 17:12:57 | INFO     | rexus           | [STYLE] Aplicando correcciones criticas automaticas para tema oscuro
2025-08-26 17:12:57 | INFO     | rexus           | [STYLE] [ART] Aplicando tema oscuro mejorado
2025-08-26 17:12:57 | INFO     | rexus           | [STYLE]  Aplicando correcciones críticas de contraste
2025-08-26 17:12:57 | INFO     | rexus           | [STYLE] [OK] Correcciones automáticas aplicadas exitosamente
2025-08-26 17:12:57 | INFO     | rexus.vidrios.model | Sistema unificado de sanitización cargado
2025-08-26 17:12:57 | INFO     | rexus.modules.inventario.submodules | [SUBMODULOS INVENTARIO] __init__.py cargado (managers temporalmente deshabilitados)
2025-08-26 17:13:07 | INFO     | rexus           | Sistema de logging Rexus inicializado
2025-08-26 17:13:08 | INFO     | rexus.inventario.model | Submódulos especializados cargados
2025-08-26 17:13:08 | INFO     | rexus           | [STYLE] Tema oscuro detectado en Windows - aplicando correcciones criticas
2025-08-26 17:13:08 | INFO     | rexus           | [STYLE] Aplicando correcciones criticas automaticas para tema oscuro
2025-08-26 17:13:08 | INFO     | rexus           | [STYLE] [ART] Aplicando tema oscuro mejorado
2025-08-26 17:13:08 | INFO     | rexus           | [STYLE] [WARNING] No se pudo obtener instancia de QApplication
2025-08-26 17:13:08 | INFO     | rexus           | [STYLE] Aplicando correcciones criticas automaticas para tema oscuro
2025-08-26 17:13:08 | INFO     | rexus           | [STYLE] [ART] Aplicando tema oscuro mejorado
2025-08-26 17:13:08 | INFO     | rexus           | [STYLE]  Aplicando correcciones críticas de contraste
2025-08-26 17:13:08 | INFO     | rexus           | [STYLE] [OK] Correcciones automáticas aplicadas exitosamente
2025-08-26 17:13:08 | INFO     | rexus.vidrios.model | Sistema unificado de sanitización cargado
2025-08-26 17:13:08 | INFO     | rexus.modules.inventario.submodules | [SUBMODULOS INVENTARIO] __init__.py cargado (managers temporalmente deshabilitados)
2025-08-26 17:13:29 | INFO     | rexus           | Sistema de logging Rexus inicializado
2025-08-26 17:13:30 | INFO     | rexus.inventario.model | Submódulos especializados cargados
2025-08-26 17:13:30 | INFO     | rexus           | [STYLE] Tema oscuro detectado en Windows - aplicando correcciones criticas
2025-08-26 17:13:30 | INFO     | rexus           | [STYLE] Aplicando correcciones criticas automaticas para tema oscuro
2025-08-26 17:13:30 | INFO     | rexus           | [STYLE] [ART] Aplicando tema oscuro mejorado
2025-08-26 17:13:30 | INFO     | rexus           | [STYLE] [WARNING] No se pudo obtener instancia de QApplication
2025-08-26 17:13:30 | INFO     | rexus           | [STYLE] Aplicando correcciones criticas automaticas para tema oscuro
2025-08-26 17:13:30 | INFO     | rexus           | [STYLE] [ART] Aplicando tema oscuro mejorado
2025-08-26 17:13:30 | INFO     | rexus           | [STYLE]  Aplicando correcciones críticas de contraste
2025-08-26 17:13:30 | INFO     | rexus           | [STYLE] [OK] Correcciones automáticas aplicadas exitosamente
2025-08-26 17:13:30 | INFO     | rexus.vidrios.model | Sistema unificado de sanitización cargado
2025-08-26 17:13:31 | INFO     | rexus.modules.inventario.submodules | [SUBMODULOS INVENTARIO] __init__.py cargado (managers temporalmente deshabilitados)
2025-08-26 17:13:56 | INFO     | rexus           | Sistema de logging Rexus inicializado
2025-08-26 17:13:56 | INFO     | rexus.inventario.model | Submódulos especializados cargados
2025-08-26 17:13:57 | INFO     | rexus           | [STYLE] Tema oscuro detectado en Windows - aplicando correcciones criticas
2025-08-26 17:13:57 | INFO     | rexus           | [STYLE] Aplicando correcciones criticas automaticas para tema oscuro
2025-08-26 17:13:57 | INFO     | rexus           | [STYLE] [ART] Aplicando tema oscuro mejorado
2025-08-26 17:13:57 | INFO     | rexus           | [STYLE] [WARNING] No se pudo obtener instancia de QApplication
2025-08-26 17:13:57 | INFO     | rexus           | [STYLE] Aplicando correcciones criticas automaticas para tema oscuro
2025-08-26 17:13:57 | INFO     | rexus           | [STYLE] [ART] Aplicando tema oscuro mejorado
2025-08-26 17:13:57 | INFO     | rexus           | [STYLE]  Aplicando correcciones críticas de contraste
2025-08-26 17:13:57 | INFO     | rexus           | [STYLE] [OK] Correcciones automáticas aplicadas exitosamente
2025-08-26 17:13:57 | INFO     | rexus.vidrios.model | Sistema unificado de sanitización cargado
2025-08-26 17:13:57 | INFO     | rexus.modules.inventario.submodules | [SUBMODULOS INVENTARIO] __init__.py cargado (managers temporalmente deshabilitados)
2025-08-26 17:14:08 | INFO     | rexus           | Sistema de logging Rexus inicializado
2025-08-26 17:14:08 | INFO     | rexus.inventario.model | Submódulos especializados cargados
2025-08-26 17:14:08 | INFO     | rexus           | [STYLE] Tema oscuro detectado en Windows - aplicando correcciones criticas
2025-08-26 17:14:08 | INFO     | rexus           | [STYLE] Aplicando correcciones criticas automaticas para tema oscuro
2025-08-26 17:14:08 | INFO     | rexus           | [STYLE] [ART] Aplicando tema oscuro mejorado
2025-08-26 17:14:08 | INFO     | rexus           | [STYLE] [WARNING] No se pudo obtener instancia de QApplication
2025-08-26 17:14:08 | INFO     | rexus           | [STYLE] Aplicando correcciones criticas automaticas para tema oscuro
2025-08-26 17:14:08 | INFO     | rexus           | [STYLE] [ART] Aplicando tema oscuro mejorado
2025-08-26 17:14:08 | INFO     | rexus           | [STYLE]  Aplicando correcciones críticas de contraste
2025-08-26 17:14:08 | INFO     | rexus           | [STYLE] [OK] Correcciones automáticas aplicadas exitosamente
2025-08-26 17:14:08 | INFO     | rexus.vidrios.model | Sistema unificado de sanitización cargado
2025-08-26 17:14:09 | INFO     | rexus.modules.inventario.submodules | [SUBMODULOS INVENTARIO] __init__.py cargado (managers temporalmente deshabilitados)
2025-08-26 17:14:22 | INFO     | rexus           | Sistema de logging Rexus inicializado
2025-08-26 17:14:23 | INFO     | rexus.inventario.model | Submódulos especializados cargados
2025-08-26 17:14:24 | INFO     | rexus           | [STYLE] Tema oscuro detectado en Windows - aplicando correcciones criticas
2025-08-26 17:14:24 | INFO     | rexus           | [STYLE] Aplicando correcciones criticas automaticas para tema oscuro
2025-08-26 17:14:24 | INFO     | rexus           | [STYLE] [ART] Aplicando tema oscuro mejorado
2025-08-26 17:14:24 | INFO     | rexus           | [STYLE] [WARNING] No se pudo obtener instancia de QApplication
2025-08-26 17:14:24 | INFO     | rexus           | [STYLE] Aplicando correcciones criticas automaticas para tema oscuro
2025-08-26 17:14:24 | INFO     | rexus           | [STYLE] [ART] Aplicando tema oscuro mejorado
2025-08-26 17:14:24 | INFO     | rexus           | [STYLE]  Aplicando correcciones críticas de contraste
2025-08-26 17:14:24 | INFO     | rexus           | [STYLE] [OK] Correcciones automáticas aplicadas exitosamente
2025-08-26 17:14:24 | INFO     | rexus.vidrios.model | Sistema unificado de sanitización cargado
2025-08-26 17:14:25 | INFO     | rexus.modules.inventario.submodules | [SUBMODULOS INVENTARIO] __init__.py cargado (managers temporalmente deshabilitados)
2025-08-26 17:15:06 | INFO     | rexus           | Sistema de logging Rexus inicializado
2025-08-26 17:15:06 | INFO     | rexus.inventario.model | Submódulos especializados cargados
2025-08-26 17:15:06 | INFO     | rexus           | [STYLE] Tema oscuro detectado en Windows - aplicando correcciones criticas
2025-08-26 17:15:06 | INFO     | rexus           | [STYLE] Aplicando correcciones criticas automaticas para tema oscuro
2025-08-26 17:15:06 | INFO     | rexus           | [STYLE] [ART] Aplicando tema oscuro mejorado
2025-08-26 17:15:06 | INFO     | rexus           | [STYLE] [WARNING] No se pudo obtener instancia de QApplication
2025-08-26 17:15:06 | INFO     | rexus           | [STYLE] Aplicando correcciones criticas automaticas para tema oscuro
2025-08-26 17:15:06 | INFO     | rexus           | [STYLE] [ART] Aplicando tema oscuro mejorado
2025-08-26 17:15:06 | INFO     | rexus           | [STYLE]  Aplicando correcciones críticas de contraste
2025-08-26 17:15:06 | INFO     | rexus           | [STYLE] [OK] Correcciones automáticas aplicadas exitosamente
2025-08-26 17:15:06 | INFO     | rexus.vidrios.model | Sistema unificado de sanitización cargado
2025-08-26 17:15:07 | INFO     | rexus.modules.inventario.submodules | [SUBMODULOS INVENTARIO] __init__.py cargado (managers temporalmente deshabilitados)
2025-08-26 17:16:29 | INFO     | rexus           | Sistema de logging Rexus inicializado
2025-08-26 17:16:30 | INFO     | rexus.inventario.model | Submódulos especializados cargados
2025-08-26 17:16:30 | INFO     | rexus           | [STYLE] Tema oscuro detectado en Windows - aplicando correcciones criticas
2025-08-26 17:16:30 | INFO     | rexus           | [STYLE] Aplicando correcciones criticas automaticas para tema oscuro
2025-08-26 17:16:30 | INFO     | rexus           | [STYLE] [ART] Aplicando tema oscuro mejorado
2025-08-26 17:16:30 | INFO     | rexus           | [STYLE] [WARNING] No se pudo obtener instancia de QApplication
2025-08-26 17:16:30 | INFO     | rexus           | [STYLE] Aplicando correcciones criticas automaticas para tema oscuro
2025-08-26 17:16:30 | INFO     | rexus           | [STYLE] [ART] Aplicando tema oscuro mejorado
2025-08-26 17:16:30 | INFO     | rexus           | [STYLE]  Aplicando correcciones críticas de contraste
2025-08-26 17:16:30 | INFO     | rexus           | [STYLE] [OK] Correcciones automáticas aplicadas exitosamente
2025-08-26 17:16:30 | INFO     | rexus.vidrios.model | Sistema unificado de sanitización cargado
2025-08-26 17:16:31 | INFO     | rexus.modules.inventario.submodules | [SUBMODULOS INVENTARIO] __init__.py cargado (managers temporalmente deshabilitados)
2025-08-26 17:19:51 | INFO     | rexus           | Sistema de logging Rexus inicializado
2025-08-26 17:19:53 | INFO     | rexus.inventario.model | Submódulos especializados cargados
2025-08-26 17:19:53 | INFO     | rexus           | [STYLE] Tema oscuro detectado en Windows - aplicando correcciones criticas
2025-08-26 17:19:53 | INFO     | rexus           | [STYLE] Aplicando correcciones criticas automaticas para tema oscuro
2025-08-26 17:19:53 | INFO     | rexus           | [STYLE] [ART] Aplicando tema oscuro mejorado
2025-08-26 17:19:53 | INFO     | rexus           | [STYLE] [WARNING] No se pudo obtener instancia de QApplication
2025-08-26 17:19:53 | INFO     | rexus           | [STYLE] Aplicando correcciones criticas automaticas para tema oscuro
2025-08-26 17:19:53 | INFO     | rexus           | [STYLE] [ART] Aplicando tema oscuro mejorado
2025-08-26 17:19:53 | INFO     | rexus           | [STYLE]  Aplicando correcciones críticas de contraste
2025-08-26 17:19:53 | INFO     | rexus           | [STYLE] [OK] Correcciones automáticas aplicadas exitosamente
2025-08-26 17:19:53 | INFO     | rexus.vidrios.model | Sistema unificado de sanitización cargado
2025-08-26 17:19:53 | INFO     | rexus.modules.inventario.submodules | [SUBMODULOS INVENTARIO] __init__.py cargado (managers temporalmente deshabilitados)
2025-08-26 17:20:00 | INFO     | rexus           | Sistema de logging Rexus inicializado
2025-08-26 17:20:01 | INFO     | rexus.inventario.model | Submódulos especializados cargados
2025-08-26 17:20:01 | INFO     | rexus           | [STYLE] Tema oscuro detectado en Windows - aplicando correcciones criticas
2025-08-26 17:20:01 | INFO     | rexus           | [STYLE] Aplicando correcciones criticas automaticas para tema oscuro
2025-08-26 17:20:01 | INFO     | rexus           | [STYLE] [ART] Aplicando tema oscuro mejorado
2025-08-26 17:20:01 | INFO     | rexus           | [STYLE] [WARNING] No se pudo obtener instancia de QApplication
2025-08-26 17:20:01 | INFO     | rexus           | [STYLE] Aplicando correcciones criticas automaticas para tema oscuro
2025-08-26 17:20:01 | INFO     | rexus           | [STYLE] [ART] Aplicando tema oscuro mejorado
2025-08-26 17:20:01 | INFO     | rexus           | [STYLE]  Aplicando correcciones críticas de contraste
2025-08-26 17:20:01 | INFO     | rexus           | [STYLE] [OK] Correcciones automáticas aplicadas exitosamente
2025-08-26 17:20:01 | INFO     | rexus.vidrios.model | Sistema unificado de sanitización cargado
2025-08-26 17:20:02 | INFO     | rexus.modules.inventario.submodules | [SUBMODULOS INVENTARIO] __init__.py cargado (managers temporalmente deshabilitados)
2025-08-26 17:21:01 | INFO     | rexus           | Sistema de logging Rexus inicializado
2025-08-26 17:21:02 | INFO     | rexus.inventario.model | Submódulos especializados cargados
2025-08-26 17:21:02 | INFO     | rexus           | [STYLE] Tema oscuro detectado en Windows - aplicando correcciones criticas
2025-08-26 17:21:02 | INFO     | rexus           | [STYLE] Aplicando correcciones criticas automaticas para tema oscuro
2025-08-26 17:21:02 | INFO     | rexus           | [STYLE] [ART] Aplicando tema oscuro mejorado
2025-08-26 17:21:02 | INFO     | rexus           | [STYLE] [WARNING] No se pudo obtener instancia de QApplication
2025-08-26 17:21:02 | INFO     | rexus           | [STYLE] Aplicando correcciones criticas automaticas para tema oscuro
2025-08-26 17:21:02 | INFO     | rexus           | [STYLE] [ART] Aplicando tema oscuro mejorado
2025-08-26 17:21:02 | INFO     | rexus           | [STYLE]  Aplicando correcciones críticas de contraste
2025-08-26 17:21:02 | INFO     | rexus           | [STYLE] [OK] Correcciones automáticas aplicadas exitosamente
2025-08-26 17:21:02 | INFO     | rexus.vidrios.model | Sistema unificado de sanitización cargado
2025-08-26 17:21:02 | INFO     | rexus.modules.inventario.submodules | [SUBMODULOS INVENTARIO] __init__.py cargado (managers temporalmente deshabilitados)
2025-08-26 17:21:40 | INFO     | rexus           | Sistema de logging Rexus inicializado
2025-08-26 17:21:41 | INFO     | rexus.inventario.model | Submódulos especializados cargados
2025-08-26 17:21:41 | INFO     | rexus           | [STYLE] Tema oscuro detectado en Windows - aplicando correcciones criticas
2025-08-26 17:21:41 | INFO     | rexus           | [STYLE] Aplicando correcciones criticas automaticas para tema oscuro
2025-08-26 17:21:41 | INFO     | rexus           | [STYLE] [ART] Aplicando tema oscuro mejorado
2025-08-26 17:21:41 | INFO     | rexus           | [STYLE] [WARNING] No se pudo obtener instancia de QApplication
2025-08-26 17:21:41 | INFO     | rexus           | [STYLE] Aplicando correcciones criticas automaticas para tema oscuro
2025-08-26 17:21:41 | INFO     | rexus           | [STYLE] [ART] Aplicando tema oscuro mejorado
2025-08-26 17:21:41 | INFO     | rexus           | [STYLE]  Aplicando correcciones críticas de contraste
2025-08-26 17:21:41 | INFO     | rexus           | [STYLE] [OK] Correcciones automáticas aplicadas exitosamente
2025-08-26 17:21:41 | INFO     | rexus.vidrios.model | Sistema unificado de sanitización cargado
2025-08-26 17:21:41 | INFO     | rexus.modules.inventario.submodules | [SUBMODULOS INVENTARIO] __init__.py cargado (managers temporalmente deshabilitados)
2025-08-26 17:26:49 | INFO     | rexus           | Sistema de logging Rexus inicializado
2025-08-26 17:26:50 | INFO     | rexus.inventario.model | Submódulos especializados cargados
2025-08-26 17:26:50 | INFO     | rexus           | [STYLE] Tema oscuro detectado en Windows - aplicando correcciones criticas
2025-08-26 17:26:50 | INFO     | rexus           | [STYLE] Aplicando correcciones criticas automaticas para tema oscuro
2025-08-26 17:26:50 | INFO     | rexus           | [STYLE] [ART] Aplicando tema oscuro mejorado
2025-08-26 17:26:50 | INFO     | rexus           | [STYLE] [WARNING] No se pudo obtener instancia de QApplication
2025-08-26 17:26:50 | INFO     | rexus           | [STYLE] Aplicando correcciones criticas automaticas para tema oscuro
2025-08-26 17:26:50 | INFO     | rexus           | [STYLE] [ART] Aplicando tema oscuro mejorado
2025-08-26 17:26:50 | INFO     | rexus           | [STYLE]  Aplicando correcciones críticas de contraste
2025-08-26 17:26:50 | INFO     | rexus           | [STYLE] [OK] Correcciones automáticas aplicadas exitosamente
2025-08-26 17:26:50 | INFO     | rexus.vidrios.model | Sistema unificado de sanitización cargado
2025-08-26 17:26:51 | INFO     | rexus.modules.inventario.submodules | [SUBMODULOS INVENTARIO] __init__.py cargado (managers temporalmente deshabilitados)
2025-08-26 17:27:06 | INFO     | rexus           | Sistema de logging Rexus inicializado
2025-08-26 17:27:07 | INFO     | rexus.inventario.model | Submódulos especializados cargados
2025-08-26 17:27:07 | INFO     | rexus           | [STYLE] Tema oscuro detectado en Windows - aplicando correcciones criticas
2025-08-26 17:27:07 | INFO     | rexus           | [STYLE] Aplicando correcciones criticas automaticas para tema oscuro
2025-08-26 17:27:07 | INFO     | rexus           | [STYLE] [ART] Aplicando tema oscuro mejorado
2025-08-26 17:27:07 | INFO     | rexus           | [STYLE] [WARNING] No se pudo obtener instancia de QApplication
2025-08-26 17:27:07 | INFO     | rexus           | [STYLE] Aplicando correcciones criticas automaticas para tema oscuro
2025-08-26 17:27:07 | INFO     | rexus           | [STYLE] [ART] Aplicando tema oscuro mejorado
2025-08-26 17:27:07 | INFO     | rexus           | [STYLE]  Aplicando correcciones críticas de contraste
2025-08-26 17:27:07 | INFO     | rexus           | [STYLE] [OK] Correcciones automáticas aplicadas exitosamente
2025-08-26 17:27:07 | INFO     | rexus.vidrios.model | Sistema unificado de sanitización cargado
2025-08-26 17:27:08 | INFO     | rexus.modules.inventario.submodules | [SUBMODULOS INVENTARIO] __init__.py cargado (managers temporalmente deshabilitados)
2025-08-26 17:31:54 | INFO     | rexus           | Sistema de logging Rexus inicializado
2025-08-26 17:31:55 | INFO     | rexus.inventario.model | Submódulos especializados cargados
2025-08-26 17:31:55 | INFO     | rexus           | [STYLE] Tema oscuro detectado en Windows - aplicando correcciones criticas
2025-08-26 17:31:55 | INFO     | rexus           | [STYLE] Aplicando correcciones criticas automaticas para tema oscuro
2025-08-26 17:31:55 | INFO     | rexus           | [STYLE] [ART] Aplicando tema oscuro mejorado
2025-08-26 17:31:55 | INFO     | rexus           | [STYLE] [WARNING] No se pudo obtener instancia de QApplication
2025-08-26 17:31:55 | INFO     | rexus           | [STYLE] Aplicando correcciones criticas automaticas para tema oscuro
2025-08-26 17:31:55 | INFO     | rexus           | [STYLE] [ART] Aplicando tema oscuro mejorado
2025-08-26 17:31:55 | INFO     | rexus           | [STYLE]  Aplicando correcciones críticas de contraste
2025-08-26 17:31:55 | INFO     | rexus           | [STYLE] [OK] Correcciones automáticas aplicadas exitosamente
2025-08-26 17:31:55 | INFO     | rexus.vidrios.model | Sistema unificado de sanitización cargado
2025-08-26 17:31:56 | INFO     | rexus.modules.inventario.submodules | [SUBMODULOS INVENTARIO] __init__.py cargado (managers temporalmente deshabilitados)
2025-08-26 17:32:03 | INFO     | rexus           | Sistema de logging Rexus inicializado
2025-08-26 17:32:04 | INFO     | rexus.inventario.model | Submódulos especializados cargados
2025-08-26 17:32:04 | INFO     | rexus           | [STYLE] Tema oscuro detectado en Windows - aplicando correcciones criticas
2025-08-26 17:32:04 | INFO     | rexus           | [STYLE] Aplicando correcciones criticas automaticas para tema oscuro
2025-08-26 17:32:04 | INFO     | rexus           | [STYLE] [ART] Aplicando tema oscuro mejorado
2025-08-26 17:32:04 | INFO     | rexus           | [STYLE] [WARNING] No se pudo obtener instancia de QApplication
2025-08-26 17:32:04 | INFO     | rexus           | [STYLE] Aplicando correcciones criticas automaticas para tema oscuro
2025-08-26 17:32:04 | INFO     | rexus           | [STYLE] [ART] Aplicando tema oscuro mejorado
2025-08-26 17:32:04 | INFO     | rexus           | [STYLE]  Aplicando correcciones críticas de contraste
2025-08-26 17:32:04 | INFO     | rexus           | [STYLE] [OK] Correcciones automáticas aplicadas exitosamente
2025-08-26 17:32:04 | INFO     | rexus.vidrios.model | Sistema unificado de sanitización cargado
2025-08-26 17:32:05 | INFO     | rexus.modules.inventario.submodules | [SUBMODULOS INVENTARIO] __init__.py cargado (managers temporalmente deshabilitados)
2025-08-26 17:33:32 | INFO     | rexus           | Sistema de logging Rexus inicializado
2025-08-26 17:33:33 | INFO     | rexus.inventario.model | Submódulos especializados cargados
2025-08-26 17:33:33 | INFO     | rexus           | [STYLE] Tema oscuro detectado en Windows - aplicando correcciones criticas
2025-08-26 17:33:33 | INFO     | rexus           | [STYLE] Aplicando correcciones criticas automaticas para tema oscuro
2025-08-26 17:33:33 | INFO     | rexus           | [STYLE] [ART] Aplicando tema oscuro mejorado
2025-08-26 17:33:33 | INFO     | rexus           | [STYLE] [WARNING] No se pudo obtener instancia de QApplication
2025-08-26 17:33:33 | INFO     | rexus           | [STYLE] Aplicando correcciones criticas automaticas para tema oscuro
2025-08-26 17:33:33 | INFO     | rexus           | [STYLE] [ART] Aplicando tema oscuro mejorado
2025-08-26 17:33:33 | INFO     | rexus           | [STYLE]  Aplicando correcciones críticas de contraste
2025-08-26 17:33:33 | INFO     | rexus           | [STYLE] [OK] Correcciones automáticas aplicadas exitosamente
2025-08-26 17:33:33 | INFO     | rexus.vidrios.model | Sistema unificado de sanitización cargado
2025-08-26 17:33:34 | INFO     | rexus.modules.inventario.submodules | [SUBMODULOS INVENTARIO] __init__.py cargado (managers temporalmente deshabilitados)
2025-08-26 17:33:54 | INFO     | rexus           | Sistema de logging Rexus inicializado
2025-08-26 17:33:55 | INFO     | rexus.inventario.model | Submódulos especializados cargados
2025-08-26 17:33:55 | INFO     | rexus           | [STYLE] Tema oscuro detectado en Windows - aplicando correcciones criticas
2025-08-26 17:33:55 | INFO     | rexus           | [STYLE] Aplicando correcciones criticas automaticas para tema oscuro
2025-08-26 17:33:55 | INFO     | rexus           | [STYLE] [ART] Aplicando tema oscuro mejorado
2025-08-26 17:33:55 | INFO     | rexus           | [STYLE] [WARNING] No se pudo obtener instancia de QApplication
2025-08-26 17:33:55 | INFO     | rexus           | [STYLE] Aplicando correcciones criticas automaticas para tema oscuro
2025-08-26 17:33:55 | INFO     | rexus           | [STYLE] [ART] Aplicando tema oscuro mejorado
2025-08-26 17:33:55 | INFO     | rexus           | [STYLE]  Aplicando correcciones críticas de contraste
2025-08-26 17:33:55 | INFO     | rexus           | [STYLE] [OK] Correcciones automáticas aplicadas exitosamente
2025-08-26 17:33:55 | INFO     | rexus.vidrios.model | Sistema unificado de sanitización cargado
2025-08-26 17:33:56 | INFO     | rexus.modules.inventario.submodules | [SUBMODULOS INVENTARIO] __init__.py cargado (managers temporalmente deshabilitados)
2025-08-26 17:34:12 | INFO     | rexus           | Sistema de logging Rexus inicializado
2025-08-26 17:34:13 | INFO     | rexus.inventario.model | Submódulos especializados cargados
2025-08-26 17:34:13 | INFO     | rexus           | [STYLE] Tema oscuro detectado en Windows - aplicando correcciones criticas
2025-08-26 17:34:13 | INFO     | rexus           | [STYLE] Aplicando correcciones criticas automaticas para tema oscuro
2025-08-26 17:34:13 | INFO     | rexus           | [STYLE] [ART] Aplicando tema oscuro mejorado
2025-08-26 17:34:13 | INFO     | rexus           | [STYLE] [WARNING] No se pudo obtener instancia de QApplication
2025-08-26 17:34:13 | INFO     | rexus           | [STYLE] Aplicando correcciones criticas automaticas para tema oscuro
2025-08-26 17:34:13 | INFO     | rexus           | [STYLE] [ART] Aplicando tema oscuro mejorado
2025-08-26 17:34:13 | INFO     | rexus           | [STYLE]  Aplicando correcciones críticas de contraste
2025-08-26 17:34:13 | INFO     | rexus           | [STYLE] [OK] Correcciones automáticas aplicadas exitosamente
2025-08-26 17:34:13 | INFO     | rexus.vidrios.model | Sistema unificado de sanitización cargado
2025-08-26 17:34:14 | INFO     | rexus.modules.inventario.submodules | [SUBMODULOS INVENTARIO] __init__.py cargado (managers temporalmente deshabilitados)
2025-08-26 17:34:29 | INFO     | rexus           | Sistema de logging Rexus inicializado
2025-08-26 17:34:30 | INFO     | rexus.inventario.model | Submódulos especializados cargados
2025-08-26 17:34:30 | INFO     | rexus           | [STYLE] Tema oscuro detectado en Windows - aplicando correcciones criticas
2025-08-26 17:34:30 | INFO     | rexus           | [STYLE] Aplicando correcciones criticas automaticas para tema oscuro
2025-08-26 17:34:30 | INFO     | rexus           | [STYLE] [ART] Aplicando tema oscuro mejorado
2025-08-26 17:34:30 | INFO     | rexus           | [STYLE] [WARNING] No se pudo obtener instancia de QApplication
2025-08-26 17:34:30 | INFO     | rexus           | [STYLE] Aplicando correcciones criticas automaticas para tema oscuro
2025-08-26 17:34:30 | INFO     | rexus           | [STYLE] [ART] Aplicando tema oscuro mejorado
2025-08-26 17:34:30 | INFO     | rexus           | [STYLE]  Aplicando correcciones críticas de contraste
2025-08-26 17:34:30 | INFO     | rexus           | [STYLE] [OK] Correcciones automáticas aplicadas exitosamente
2025-08-26 17:34:30 | INFO     | rexus.vidrios.model | Sistema unificado de sanitización cargado
2025-08-26 17:34:31 | INFO     | rexus.modules.inventario.submodules | [SUBMODULOS INVENTARIO] __init__.py cargado (managers temporalmente deshabilitados)
2025-08-26 17:35:12 | INFO     | rexus           | Sistema de logging Rexus inicializado
2025-08-26 17:35:13 | INFO     | rexus.inventario.model | Submódulos especializados cargados
2025-08-26 17:35:13 | INFO     | rexus           | [STYLE] Tema oscuro detectado en Windows - aplicando correcciones criticas
2025-08-26 17:35:13 | INFO     | rexus           | [STYLE] Aplicando correcciones criticas automaticas para tema oscuro
2025-08-26 17:35:13 | INFO     | rexus           | [STYLE] [ART] Aplicando tema oscuro mejorado
2025-08-26 17:35:13 | INFO     | rexus           | [STYLE] [WARNING] No se pudo obtener instancia de QApplication
2025-08-26 17:35:13 | INFO     | rexus           | [STYLE] Aplicando correcciones criticas automaticas para tema oscuro
2025-08-26 17:35:13 | INFO     | rexus           | [STYLE] [ART] Aplicando tema oscuro mejorado
2025-08-26 17:35:13 | INFO     | rexus           | [STYLE]  Aplicando correcciones críticas de contraste
2025-08-26 17:35:13 | INFO     | rexus           | [STYLE] [OK] Correcciones automáticas aplicadas exitosamente
2025-08-26 17:35:13 | INFO     | rexus.vidrios.model | Sistema unificado de sanitización cargado
2025-08-26 17:35:13 | INFO     | rexus.modules.inventario.submodules | [SUBMODULOS INVENTARIO] __init__.py cargado (managers temporalmente deshabilitados)
2025-08-26 17:35:22 | INFO     | rexus           | Sistema de logging Rexus inicializado
2025-08-26 17:35:22 | INFO     | rexus.inventario.model | Submódulos especializados cargados
2025-08-26 17:35:22 | INFO     | rexus           | [STYLE] Tema oscuro detectado en Windows - aplicando correcciones criticas
2025-08-26 17:35:22 | INFO     | rexus           | [STYLE] Aplicando correcciones criticas automaticas para tema oscuro
2025-08-26 17:35:22 | INFO     | rexus           | [STYLE] [ART] Aplicando tema oscuro mejorado
2025-08-26 17:35:22 | INFO     | rexus           | [STYLE] [WARNING] No se pudo obtener instancia de QApplication
2025-08-26 17:35:22 | INFO     | rexus           | [STYLE] Aplicando correcciones criticas automaticas para tema oscuro
2025-08-26 17:35:22 | INFO     | rexus           | [STYLE] [ART] Aplicando tema oscuro mejorado
2025-08-26 17:35:22 | INFO     | rexus           | [STYLE]  Aplicando correcciones críticas de contraste
2025-08-26 17:35:22 | INFO     | rexus           | [STYLE] [OK] Correcciones automáticas aplicadas exitosamente
2025-08-26 17:35:22 | INFO     | rexus.vidrios.model | Sistema unificado de sanitización cargado
2025-08-26 17:35:23 | INFO     | rexus.modules.inventario.submodules | [SUBMODULOS INVENTARIO] __init__.py cargado (managers temporalmente deshabilitados)
2025-08-26 17:35:38 | INFO     | rexus           | Sistema de logging Rexus inicializado
2025-08-26 17:35:39 | INFO     | rexus.inventario.model | Submódulos especializados cargados
2025-08-26 17:35:39 | INFO     | rexus           | [STYLE] Tema oscuro detectado en Windows - aplicando correcciones criticas
2025-08-26 17:35:39 | INFO     | rexus           | [STYLE] Aplicando correcciones criticas automaticas para tema oscuro
2025-08-26 17:35:39 | INFO     | rexus           | [STYLE] [ART] Aplicando tema oscuro mejorado
2025-08-26 17:35:39 | INFO     | rexus           | [STYLE] [WARNING] No se pudo obtener instancia de QApplication
2025-08-26 17:35:39 | INFO     | rexus           | [STYLE] Aplicando correcciones criticas automaticas para tema oscuro
2025-08-26 17:35:39 | INFO     | rexus           | [STYLE] [ART] Aplicando tema oscuro mejorado
2025-08-26 17:35:39 | INFO     | rexus           | [STYLE]  Aplicando correcciones críticas de contraste
2025-08-26 17:35:39 | INFO     | rexus           | [STYLE] [OK] Correcciones automáticas aplicadas exitosamente
2025-08-26 17:35:39 | INFO     | rexus.vidrios.model | Sistema unificado de sanitización cargado
2025-08-26 17:35:40 | INFO     | rexus.modules.inventario.submodules | [SUBMODULOS INVENTARIO] __init__.py cargado (managers temporalmente deshabilitados)
2025-08-26 17:37:09 | INFO     | rexus           | Sistema de logging Rexus inicializado
2025-08-26 17:37:10 | INFO     | rexus.inventario.model | Submódulos especializados cargados
2025-08-26 17:37:10 | INFO     | rexus           | [STYLE] Tema oscuro detectado en Windows - aplicando correcciones criticas
2025-08-26 17:37:10 | INFO     | rexus           | [STYLE] Aplicando correcciones criticas automaticas para tema oscuro
2025-08-26 17:37:10 | INFO     | rexus           | [STYLE] [ART] Aplicando tema oscuro mejorado
2025-08-26 17:37:10 | INFO     | rexus           | [STYLE] [WARNING] No se pudo obtener instancia de QApplication
2025-08-26 17:37:10 | INFO     | rexus           | [STYLE] Aplicando correcciones criticas automaticas para tema oscuro
2025-08-26 17:37:10 | INFO     | rexus           | [STYLE] [ART] Aplicando tema oscuro mejorado
2025-08-26 17:37:10 | INFO     | rexus           | [STYLE]  Aplicando correcciones críticas de contraste
2025-08-26 17:37:10 | INFO     | rexus           | [STYLE] [OK] Correcciones automáticas aplicadas exitosamente
2025-08-26 17:37:10 | INFO     | rexus.vidrios.model | Sistema unificado de sanitización cargado
2025-08-26 17:37:11 | INFO     | rexus.modules.inventario.submodules | [SUBMODULOS INVENTARIO] __init__.py cargado (managers temporalmente deshabilitados)
2025-08-26 17:38:00 | INFO     | rexus           | Sistema de logging Rexus inicializado
2025-08-26 17:38:00 | INFO     | rexus.inventario.model | Submódulos especializados cargados
2025-08-26 17:38:01 | INFO     | rexus           | [STYLE] Tema oscuro detectado en Windows - aplicando correcciones criticas
2025-08-26 17:38:01 | INFO     | rexus           | [STYLE] Aplicando correcciones criticas automaticas para tema oscuro
2025-08-26 17:38:01 | INFO     | rexus           | [STYLE] [ART] Aplicando tema oscuro mejorado
2025-08-26 17:38:01 | INFO     | rexus           | [STYLE] [WARNING] No se pudo obtener instancia de QApplication
2025-08-26 17:38:01 | INFO     | rexus           | [STYLE] Aplicando correcciones criticas automaticas para tema oscuro
2025-08-26 17:38:01 | INFO     | rexus           | [STYLE] [ART] Aplicando tema oscuro mejorado
2025-08-26 17:38:01 | INFO     | rexus           | [STYLE]  Aplicando correcciones críticas de contraste
2025-08-26 17:38:01 | INFO     | rexus           | [STYLE] [OK] Correcciones automáticas aplicadas exitosamente
2025-08-26 17:38:01 | INFO     | rexus.vidrios.model | Sistema unificado de sanitización cargado
2025-08-26 17:38:01 | INFO     | rexus.modules.inventario.submodules | [SUBMODULOS INVENTARIO] __init__.py cargado (managers temporalmente deshabilitados)
2025-08-26 17:38:22 | INFO     | rexus           | Sistema de logging Rexus inicializado
2025-08-26 17:38:23 | INFO     | rexus.inventario.model | Submódulos especializados cargados
2025-08-26 17:38:23 | INFO     | rexus           | [STYLE] Tema oscuro detectado en Windows - aplicando correcciones criticas
2025-08-26 17:38:23 | INFO     | rexus           | [STYLE] Aplicando correcciones criticas automaticas para tema oscuro
2025-08-26 17:38:23 | INFO     | rexus           | [STYLE] [ART] Aplicando tema oscuro mejorado
2025-08-26 17:38:23 | INFO     | rexus           | [STYLE] [WARNING] No se pudo obtener instancia de QApplication
2025-08-26 17:38:23 | INFO     | rexus           | [STYLE] Aplicando correcciones criticas automaticas para tema oscuro
2025-08-26 17:38:23 | INFO     | rexus           | [STYLE] [ART] Aplicando tema oscuro mejorado
2025-08-26 17:38:23 | INFO     | rexus           | [STYLE]  Aplicando correcciones críticas de contraste
2025-08-26 17:38:23 | INFO     | rexus           | [STYLE] [OK] Correcciones automáticas aplicadas exitosamente
2025-08-26 17:38:23 | INFO     | rexus.vidrios.model | Sistema unificado de sanitización cargado
2025-08-26 17:38:24 | INFO     | rexus.modules.inventario.submodules | [SUBMODULOS INVENTARIO] __init__.py cargado (managers temporalmente deshabilitados)
2025-08-26 17:43:59 | INFO     | rexus           | Sistema de logging Rexus inicializado
2025-08-26 17:44:01 | INFO     | rexus.inventario.model | Submódulos especializados cargados
2025-08-26 17:44:01 | INFO     | rexus           | [STYLE] Tema oscuro detectado en Windows - aplicando correcciones criticas
2025-08-26 17:44:01 | INFO     | rexus           | [STYLE] Aplicando correcciones criticas automaticas para tema oscuro
2025-08-26 17:44:01 | INFO     | rexus           | [STYLE] [ART] Aplicando tema oscuro mejorado
2025-08-26 17:44:01 | INFO     | rexus           | [STYLE] [WARNING] No se pudo obtener instancia de QApplication
2025-08-26 17:44:01 | INFO     | rexus           | [STYLE] Aplicando correcciones criticas automaticas para tema oscuro
2025-08-26 17:44:01 | INFO     | rexus           | [STYLE] [ART] Aplicando tema oscuro mejorado
2025-08-26 17:44:01 | INFO     | rexus           | [STYLE]  Aplicando correcciones críticas de contraste
2025-08-26 17:44:01 | INFO     | rexus           | [STYLE] [OK] Correcciones automáticas aplicadas exitosamente
2025-08-26 17:44:01 | INFO     | rexus.vidrios.model | Sistema unificado de sanitización cargado
2025-08-26 17:44:02 | INFO     | rexus.modules.inventario.submodules | [SUBMODULOS INVENTARIO] __init__.py cargado (managers temporalmente deshabilitados)
2025-08-26 17:44:35 | INFO     | rexus           | Sistema de logging Rexus inicializado
2025-08-26 17:47:19 | INFO     | rexus           | Sistema de logging Rexus inicializado
2025-08-26 17:47:20 | INFO     | rexus.inventario.model | Submódulos especializados cargados
2025-08-26 17:47:21 | INFO     | rexus           | [STYLE] Tema oscuro detectado en Windows - aplicando correcciones criticas
2025-08-26 17:47:21 | INFO     | rexus           | [STYLE] Aplicando correcciones criticas automaticas para tema oscuro
2025-08-26 17:47:21 | INFO     | rexus           | [STYLE] [ART] Aplicando tema oscuro mejorado
2025-08-26 17:47:21 | INFO     | rexus           | [STYLE] [WARNING] No se pudo obtener instancia de QApplication
2025-08-26 17:47:21 | INFO     | rexus           | [STYLE] Aplicando correcciones criticas automaticas para tema oscuro
2025-08-26 17:47:21 | INFO     | rexus           | [STYLE] [ART] Aplicando tema oscuro mejorado
2025-08-26 17:47:21 | INFO     | rexus           | [STYLE]  Aplicando correcciones críticas de contraste
2025-08-26 17:47:21 | INFO     | rexus           | [STYLE] [OK] Correcciones automáticas aplicadas exitosamente
2025-08-26 17:47:21 | INFO     | rexus.vidrios.model | Sistema unificado de sanitización cargado
2025-08-26 17:47:21 | INFO     | rexus.modules.inventario.submodules | [SUBMODULOS INVENTARIO] __init__.py cargado (managers temporalmente deshabilitados)
2025-08-26 17:47:37 | INFO     | rexus           | Sistema de logging Rexus inicializado
2025-08-26 17:47:37 | INFO     | rexus.inventario.model | Submódulos especializados cargados
2025-08-26 17:47:37 | INFO     | rexus           | [STYLE] Tema oscuro detectado en Windows - aplicando correcciones criticas
2025-08-26 17:47:37 | INFO     | rexus           | [STYLE] Aplicando correcciones criticas automaticas para tema oscuro
2025-08-26 17:47:37 | INFO     | rexus           | [STYLE] [ART] Aplicando tema oscuro mejorado
2025-08-26 17:47:37 | INFO     | rexus           | [STYLE] [WARNING] No se pudo obtener instancia de QApplication
2025-08-26 17:47:37 | INFO     | rexus           | [STYLE] Aplicando correcciones criticas automaticas para tema oscuro
2025-08-26 17:47:37 | INFO     | rexus           | [STYLE] [ART] Aplicando tema oscuro mejorado
2025-08-26 17:47:37 | INFO     | rexus           | [STYLE]  Aplicando correcciones críticas de contraste
2025-08-26 17:47:37 | INFO     | rexus           | [STYLE] [OK] Correcciones automáticas aplicadas exitosamente
2025-08-26 17:47:37 | INFO     | rexus.vidrios.model | Sistema unificado de sanitización cargado
2025-08-26 17:47:38 | INFO     | rexus.modules.inventario.submodules | [SUBMODULOS INVENTARIO] __init__.py cargado (managers temporalmente deshabilitados)
2025-08-26 17:49:19 | INFO     | rexus           | Sistema de logging Rexus inicializado
2025-08-26 17:49:20 | INFO     | rexus.inventario.model | Submódulos especializados cargados
2025-08-26 17:49:20 | INFO     | rexus           | [STYLE] Tema oscuro detectado en Windows - aplicando correcciones criticas
2025-08-26 17:49:20 | INFO     | rexus           | [STYLE] Aplicando correcciones criticas automaticas para tema oscuro
2025-08-26 17:49:20 | INFO     | rexus           | [STYLE] [ART] Aplicando tema oscuro mejorado
2025-08-26 17:49:20 | INFO     | rexus           | [STYLE] [WARNING] No se pudo obtener instancia de QApplication
2025-08-26 17:49:20 | INFO     | rexus           | [STYLE] Aplicando correcciones criticas automaticas para tema oscuro
2025-08-26 17:49:20 | INFO     | rexus           | [STYLE] [ART] Aplicando tema oscuro mejorado
2025-08-26 17:49:20 | INFO     | rexus           | [STYLE]  Aplicando correcciones críticas de contraste
2025-08-26 17:49:20 | INFO     | rexus           | [STYLE] [OK] Correcciones automáticas aplicadas exitosamente
2025-08-26 17:49:20 | INFO     | rexus.vidrios.model | Sistema unificado de sanitización cargado
2025-08-26 17:49:21 | INFO     | rexus.modules.inventario.submodules | [SUBMODULOS INVENTARIO] __init__.py cargado (managers temporalmente deshabilitados)
2025-08-26 17:49:30 | INFO     | rexus           | Sistema de logging Rexus inicializado
2025-08-26 17:49:31 | INFO     | rexus.inventario.model | Submódulos especializados cargados
2025-08-26 17:49:31 | INFO     | rexus           | [STYLE] Tema oscuro detectado en Windows - aplicando correcciones criticas
2025-08-26 17:49:31 | INFO     | rexus           | [STYLE] Aplicando correcciones criticas automaticas para tema oscuro
2025-08-26 17:49:31 | INFO     | rexus           | [STYLE] [ART] Aplicando tema oscuro mejorado
2025-08-26 17:49:31 | INFO     | rexus           | [STYLE] [WARNING] No se pudo obtener instancia de QApplication
2025-08-26 17:49:31 | INFO     | rexus           | [STYLE] Aplicando correcciones criticas automaticas para tema oscuro
2025-08-26 17:49:31 | INFO     | rexus           | [STYLE] [ART] Aplicando tema oscuro mejorado
2025-08-26 17:49:31 | INFO     | rexus           | [STYLE]  Aplicando correcciones críticas de contraste
2025-08-26 17:49:31 | INFO     | rexus           | [STYLE] [OK] Correcciones automáticas aplicadas exitosamente
2025-08-26 17:49:31 | INFO     | rexus.vidrios.model | Sistema unificado de sanitización cargado
2025-08-26 17:49:32 | INFO     | rexus.modules.inventario.submodules | [SUBMODULOS INVENTARIO] __init__.py cargado (managers temporalmente deshabilitados)
2025-08-26 17:49:38 | INFO     | rexus           | Sistema de logging Rexus inicializado
2025-08-26 17:49:39 | INFO     | rexus.inventario.model | Submódulos especializados cargados
2025-08-26 17:49:40 | INFO     | rexus           | [STYLE] Tema oscuro detectado en Windows - aplicando correcciones criticas
2025-08-26 17:49:40 | INFO     | rexus           | [STYLE] Aplicando correcciones criticas automaticas para tema oscuro
2025-08-26 17:49:40 | INFO     | rexus           | [STYLE] [ART] Aplicando tema oscuro mejorado
2025-08-26 17:49:40 | INFO     | rexus           | [STYLE] [WARNING] No se pudo obtener instancia de QApplication
2025-08-26 17:49:40 | INFO     | rexus           | [STYLE] Aplicando correcciones criticas automaticas para tema oscuro
2025-08-26 17:49:40 | INFO     | rexus           | [STYLE] [ART] Aplicando tema oscuro mejorado
2025-08-26 17:49:40 | INFO     | rexus           | [STYLE]  Aplicando correcciones críticas de contraste
2025-08-26 17:49:40 | INFO     | rexus           | [STYLE] [OK] Correcciones automáticas aplicadas exitosamente
2025-08-26 17:49:40 | INFO     | rexus.vidrios.model | Sistema unificado de sanitización cargado
2025-08-26 17:49:40 | INFO     | rexus.modules.inventario.submodules | [SUBMODULOS INVENTARIO] __init__.py cargado (managers temporalmente deshabilitados)
2025-08-26 17:49:46 | INFO     | rexus           | Sistema de logging Rexus inicializado
2025-08-26 17:49:47 | INFO     | rexus.inventario.model | Submódulos especializados cargados
2025-08-26 17:49:47 | INFO     | rexus           | [STYLE] Tema oscuro detectado en Windows - aplicando correcciones criticas
2025-08-26 17:49:47 | INFO     | rexus           | [STYLE] Aplicando correcciones criticas automaticas para tema oscuro
2025-08-26 17:49:47 | INFO     | rexus           | [STYLE] [ART] Aplicando tema oscuro mejorado
2025-08-26 17:49:47 | INFO     | rexus           | [STYLE] [WARNING] No se pudo obtener instancia de QApplication
2025-08-26 17:49:47 | INFO     | rexus           | [STYLE] Aplicando correcciones criticas automaticas para tema oscuro
2025-08-26 17:49:47 | INFO     | rexus           | [STYLE] [ART] Aplicando tema oscuro mejorado
2025-08-26 17:49:47 | INFO     | rexus           | [STYLE]  Aplicando correcciones críticas de contraste
2025-08-26 17:49:47 | INFO     | rexus           | [STYLE] [OK] Correcciones automáticas aplicadas exitosamente
2025-08-26 17:49:47 | INFO     | rexus.vidrios.model | Sistema unificado de sanitización cargado
2025-08-26 17:49:48 | INFO     | rexus.modules.inventario.submodules | [SUBMODULOS INVENTARIO] __init__.py cargado (managers temporalmente deshabilitados)
2025-08-26 17:50:00 | INFO     | rexus           | Sistema de logging Rexus inicializado
2025-08-26 17:50:01 | INFO     | rexus.inventario.model | Submódulos especializados cargados
2025-08-26 17:50:01 | INFO     | rexus           | [STYLE] Tema oscuro detectado en Windows - aplicando correcciones criticas
2025-08-26 17:50:01 | INFO     | rexus           | [STYLE] Aplicando correcciones criticas automaticas para tema oscuro
2025-08-26 17:50:01 | INFO     | rexus           | [STYLE] [ART] Aplicando tema oscuro mejorado
2025-08-26 17:50:01 | INFO     | rexus           | [STYLE] [WARNING] No se pudo obtener instancia de QApplication
2025-08-26 17:50:01 | INFO     | rexus           | [STYLE] Aplicando correcciones criticas automaticas para tema oscuro
2025-08-26 17:50:01 | INFO     | rexus           | [STYLE] [ART] Aplicando tema oscuro mejorado
2025-08-26 17:50:01 | INFO     | rexus           | [STYLE]  Aplicando correcciones críticas de contraste
2025-08-26 17:50:01 | INFO     | rexus           | [STYLE] [OK] Correcciones automáticas aplicadas exitosamente
2025-08-26 17:50:01 | INFO     | rexus.vidrios.model | Sistema unificado de sanitización cargado
2025-08-26 17:50:01 | INFO     | rexus.modules.inventario.submodules | [SUBMODULOS INVENTARIO] __init__.py cargado (managers temporalmente deshabilitados)
2025-08-26 17:50:11 | INFO     | rexus           | Sistema de logging Rexus inicializado
2025-08-26 17:50:12 | INFO     | rexus.inventario.model | Submódulos especializados cargados
2025-08-26 17:50:13 | INFO     | rexus           | [STYLE] Tema oscuro detectado en Windows - aplicando correcciones criticas
2025-08-26 17:50:13 | INFO     | rexus           | [STYLE] Aplicando correcciones criticas automaticas para tema oscuro
2025-08-26 17:50:13 | INFO     | rexus           | [STYLE] [ART] Aplicando tema oscuro mejorado
2025-08-26 17:50:13 | INFO     | rexus           | [STYLE] [WARNING] No se pudo obtener instancia de QApplication
2025-08-26 17:50:13 | INFO     | rexus           | [STYLE] Aplicando correcciones criticas automaticas para tema oscuro
2025-08-26 17:50:13 | INFO     | rexus           | [STYLE] [ART] Aplicando tema oscuro mejorado
2025-08-26 17:50:13 | INFO     | rexus           | [STYLE]  Aplicando correcciones críticas de contraste
2025-08-26 17:50:13 | INFO     | rexus           | [STYLE] [OK] Correcciones automáticas aplicadas exitosamente
2025-08-26 17:50:13 | INFO     | rexus.vidrios.model | Sistema unificado de sanitización cargado
2025-08-26 17:50:13 | INFO     | rexus.modules.inventario.submodules | [SUBMODULOS INVENTARIO] __init__.py cargado (managers temporalmente deshabilitados)
2025-08-26 17:50:23 | INFO     | rexus           | Sistema de logging Rexus inicializado
2025-08-26 17:50:25 | INFO     | rexus.inventario.model | Submódulos especializados cargados
2025-08-26 17:50:25 | INFO     | rexus           | [STYLE] Tema oscuro detectado en Windows - aplicando correcciones criticas
2025-08-26 17:50:25 | INFO     | rexus           | [STYLE] Aplicando correcciones criticas automaticas para tema oscuro
2025-08-26 17:50:25 | INFO     | rexus           | [STYLE] [ART] Aplicando tema oscuro mejorado
2025-08-26 17:50:25 | INFO     | rexus           | [STYLE] [WARNING] No se pudo obtener instancia de QApplication
2025-08-26 17:50:25 | INFO     | rexus           | [STYLE] Aplicando correcciones criticas automaticas para tema oscuro
2025-08-26 17:50:25 | INFO     | rexus           | [STYLE] [ART] Aplicando tema oscuro mejorado
2025-08-26 17:50:25 | INFO     | rexus           | [STYLE]  Aplicando correcciones críticas de contraste
2025-08-26 17:50:25 | INFO     | rexus           | [STYLE] [OK] Correcciones automáticas aplicadas exitosamente
2025-08-26 17:50:25 | INFO     | rexus.vidrios.model | Sistema unificado de sanitización cargado
2025-08-26 17:50:27 | INFO     | rexus.modules.inventario.submodules | [SUBMODULOS INVENTARIO] __init__.py cargado (managers temporalmente deshabilitados)
2025-08-26 17:50:37 | INFO     | rexus           | Sistema de logging Rexus inicializado
2025-08-26 17:50:37 | INFO     | rexus.inventario.model | Submódulos especializados cargados
2025-08-26 17:50:37 | INFO     | rexus           | [STYLE] Tema oscuro detectado en Windows - aplicando correcciones criticas
2025-08-26 17:50:37 | INFO     | rexus           | [STYLE] Aplicando correcciones criticas automaticas para tema oscuro
2025-08-26 17:50:37 | INFO     | rexus           | [STYLE] [ART] Aplicando tema oscuro mejorado
2025-08-26 17:50:37 | INFO     | rexus           | [STYLE] [WARNING] No se pudo obtener instancia de QApplication
2025-08-26 17:50:37 | INFO     | rexus           | [STYLE] Aplicando correcciones criticas automaticas para tema oscuro
2025-08-26 17:50:37 | INFO     | rexus           | [STYLE] [ART] Aplicando tema oscuro mejorado
2025-08-26 17:50:37 | INFO     | rexus           | [STYLE]  Aplicando correcciones críticas de contraste
2025-08-26 17:50:37 | INFO     | rexus           | [STYLE] [OK] Correcciones automáticas aplicadas exitosamente
2025-08-26 17:50:37 | INFO     | rexus.vidrios.model | Sistema unificado de sanitización cargado
2025-08-26 17:50:38 | INFO     | rexus.modules.inventario.submodules | [SUBMODULOS INVENTARIO] __init__.py cargado (managers temporalmente deshabilitados)
2025-08-26 17:50:53 | INFO     | rexus           | Sistema de logging Rexus inicializado
2025-08-26 17:50:54 | INFO     | rexus.inventario.model | Submódulos especializados cargados
2025-08-26 17:50:54 | INFO     | rexus           | [STYLE] Tema oscuro detectado en Windows - aplicando correcciones criticas
2025-08-26 17:50:54 | INFO     | rexus           | [STYLE] Aplicando correcciones criticas automaticas para tema oscuro
2025-08-26 17:50:54 | INFO     | rexus           | [STYLE] [ART] Aplicando tema oscuro mejorado
2025-08-26 17:50:54 | INFO     | rexus           | [STYLE] [WARNING] No se pudo obtener instancia de QApplication
2025-08-26 17:50:54 | INFO     | rexus           | [STYLE] Aplicando correcciones criticas automaticas para tema oscuro
2025-08-26 17:50:54 | INFO     | rexus           | [STYLE] [ART] Aplicando tema oscuro mejorado
2025-08-26 17:50:54 | INFO     | rexus           | [STYLE]  Aplicando correcciones críticas de contraste
2025-08-26 17:50:54 | INFO     | rexus           | [STYLE] [OK] Correcciones automáticas aplicadas exitosamente
2025-08-26 17:50:54 | INFO     | rexus.vidrios.model | Sistema unificado de sanitización cargado
2025-08-26 17:50:54 | INFO     | rexus.modules.inventario.submodules | [SUBMODULOS INVENTARIO] __init__.py cargado (managers temporalmente deshabilitados)
2025-08-26 17:51:11 | INFO     | rexus           | Sistema de logging Rexus inicializado
2025-08-26 17:51:12 | INFO     | rexus.inventario.model | Submódulos especializados cargados
2025-08-26 17:51:12 | INFO     | rexus           | [STYLE] Tema oscuro detectado en Windows - aplicando correcciones criticas
2025-08-26 17:51:12 | INFO     | rexus           | [STYLE] Aplicando correcciones criticas automaticas para tema oscuro
2025-08-26 17:51:12 | INFO     | rexus           | [STYLE] [ART] Aplicando tema oscuro mejorado
2025-08-26 17:51:12 | INFO     | rexus           | [STYLE] [WARNING] No se pudo obtener instancia de QApplication
2025-08-26 17:51:12 | INFO     | rexus           | [STYLE] Aplicando correcciones criticas automaticas para tema oscuro
2025-08-26 17:51:12 | INFO     | rexus           | [STYLE] [ART] Aplicando tema oscuro mejorado
2025-08-26 17:51:12 | INFO     | rexus           | [STYLE]  Aplicando correcciones críticas de contraste
2025-08-26 17:51:12 | INFO     | rexus           | [STYLE] [OK] Correcciones automáticas aplicadas exitosamente
2025-08-26 17:51:12 | INFO     | rexus.vidrios.model | Sistema unificado de sanitización cargado
2025-08-26 17:51:13 | INFO     | rexus.modules.inventario.submodules | [SUBMODULOS INVENTARIO] __init__.py cargado (managers temporalmente deshabilitados)
2025-08-26 17:51:20 | INFO     | rexus           | Sistema de logging Rexus inicializado
2025-08-26 17:51:33 | INFO     | rexus           | Sistema de logging Rexus inicializado
2025-08-26 17:51:34 | INFO     | rexus.inventario.model | Submódulos especializados cargados
2025-08-26 17:51:34 | INFO     | rexus           | [STYLE] Tema oscuro detectado en Windows - aplicando correcciones criticas
2025-08-26 17:51:34 | INFO     | rexus           | [STYLE] Aplicando correcciones criticas automaticas para tema oscuro
2025-08-26 17:51:34 | INFO     | rexus           | [STYLE] [ART] Aplicando tema oscuro mejorado
2025-08-26 17:51:34 | INFO     | rexus           | [STYLE] [WARNING] No se pudo obtener instancia de QApplication
2025-08-26 17:51:34 | INFO     | rexus           | [STYLE] Aplicando correcciones criticas automaticas para tema oscuro
2025-08-26 17:51:34 | INFO     | rexus           | [STYLE] [ART] Aplicando tema oscuro mejorado
2025-08-26 17:51:34 | INFO     | rexus           | [STYLE]  Aplicando correcciones críticas de contraste
2025-08-26 17:51:34 | INFO     | rexus           | [STYLE] [OK] Correcciones automáticas aplicadas exitosamente
2025-08-26 17:51:34 | INFO     | rexus.vidrios.model | Sistema unificado de sanitización cargado
2025-08-26 17:51:34 | INFO     | rexus.modules.inventario.submodules | [SUBMODULOS INVENTARIO] __init__.py cargado (managers temporalmente deshabilitados)
2025-08-26 17:55:46 | INFO     | rexus           | Sistema de logging Rexus inicializado
2025-08-26 17:55:47 | INFO     | rexus.inventario.model | Submódulos especializados cargados
2025-08-26 17:55:48 | INFO     | rexus           | [STYLE] Tema oscuro detectado en Windows - aplicando correcciones criticas
2025-08-26 17:55:48 | INFO     | rexus           | [STYLE] Aplicando correcciones criticas automaticas para tema oscuro
2025-08-26 17:55:48 | INFO     | rexus           | [STYLE] [ART] Aplicando tema oscuro mejorado
2025-08-26 17:55:48 | INFO     | rexus           | [STYLE] [WARNING] No se pudo obtener instancia de QApplication
2025-08-26 17:55:48 | INFO     | rexus           | [STYLE] Aplicando correcciones criticas automaticas para tema oscuro
2025-08-26 17:55:48 | INFO     | rexus           | [STYLE] [ART] Aplicando tema oscuro mejorado
2025-08-26 17:55:48 | INFO     | rexus           | [STYLE]  Aplicando correcciones críticas de contraste
2025-08-26 17:55:48 | INFO     | rexus           | [STYLE] [OK] Correcciones automáticas aplicadas exitosamente
2025-08-26 17:55:48 | INFO     | rexus.vidrios.model | Sistema unificado de sanitización cargado
2025-08-26 17:55:48 | INFO     | rexus.modules.inventario.submodules | [SUBMODULOS INVENTARIO] __init__.py cargado (managers temporalmente deshabilitados)
2025-08-26 18:11:17 | INFO     | rexus           | Sistema de logging Rexus inicializado
2025-08-26 18:11:18 | INFO     | rexus.inventario.model | Submódulos especializados cargados
2025-08-26 18:11:19 | INFO     | rexus           | [STYLE] Tema oscuro detectado en Windows - aplicando correcciones criticas
2025-08-26 18:11:19 | INFO     | rexus           | [STYLE] Aplicando correcciones criticas automaticas para tema oscuro
2025-08-26 18:11:19 | INFO     | rexus           | [STYLE] [ART] Aplicando tema oscuro mejorado
2025-08-26 18:11:19 | INFO     | rexus           | [STYLE] [WARNING] No se pudo obtener instancia de QApplication
2025-08-26 18:11:19 | INFO     | rexus           | [STYLE] Aplicando correcciones criticas automaticas para tema oscuro
2025-08-26 18:11:19 | INFO     | rexus           | [STYLE] [ART] Aplicando tema oscuro mejorado
2025-08-26 18:11:19 | INFO     | rexus           | [STYLE]  Aplicando correcciones críticas de contraste
2025-08-26 18:11:19 | INFO     | rexus           | [STYLE] [OK] Correcciones automáticas aplicadas exitosamente
2025-08-26 18:11:19 | INFO     | rexus.vidrios.model | Sistema unificado de sanitización cargado
2025-08-26 18:11:19 | INFO     | rexus.modules.inventario.submodules | [SUBMODULOS INVENTARIO] __init__.py cargado (managers temporalmente deshabilitados)
2025-08-26 18:11:30 | INFO     | rexus           | Sistema de logging Rexus inicializado
2025-08-26 18:11:31 | INFO     | rexus.inventario.model | Submódulos especializados cargados
2025-08-26 18:11:31 | INFO     | rexus           | [STYLE] Tema oscuro detectado en Windows - aplicando correcciones criticas
2025-08-26 18:11:31 | INFO     | rexus           | [STYLE] Aplicando correcciones criticas automaticas para tema oscuro
2025-08-26 18:11:31 | INFO     | rexus           | [STYLE] [ART] Aplicando tema oscuro mejorado
2025-08-26 18:11:31 | INFO     | rexus           | [STYLE] [WARNING] No se pudo obtener instancia de QApplication
2025-08-26 18:11:31 | INFO     | rexus           | [STYLE] Aplicando correcciones criticas automaticas para tema oscuro
2025-08-26 18:11:31 | INFO     | rexus           | [STYLE] [ART] Aplicando tema oscuro mejorado
2025-08-26 18:11:31 | INFO     | rexus           | [STYLE]  Aplicando correcciones críticas de contraste
2025-08-26 18:11:31 | INFO     | rexus           | [STYLE] [OK] Correcciones automáticas aplicadas exitosamente
2025-08-26 18:11:31 | INFO     | rexus.vidrios.model | Sistema unificado de sanitización cargado
2025-08-26 18:11:32 | INFO     | rexus.modules.inventario.submodules | [SUBMODULOS INVENTARIO] __init__.py cargado (managers temporalmente deshabilitados)
2025-08-26 18:11:55 | INFO     | rexus           | Sistema de logging Rexus inicializado
2025-08-26 18:11:56 | INFO     | rexus.inventario.model | Submódulos especializados cargados
2025-08-26 18:11:56 | INFO     | rexus           | [STYLE] Tema oscuro detectado en Windows - aplicando correcciones criticas
2025-08-26 18:11:56 | INFO     | rexus           | [STYLE] Aplicando correcciones criticas automaticas para tema oscuro
2025-08-26 18:11:56 | INFO     | rexus           | [STYLE] [ART] Aplicando tema oscuro mejorado
2025-08-26 18:11:56 | INFO     | rexus           | [STYLE] [WARNING] No se pudo obtener instancia de QApplication
2025-08-26 18:11:56 | INFO     | rexus           | [STYLE] Aplicando correcciones criticas automaticas para tema oscuro
2025-08-26 18:11:56 | INFO     | rexus           | [STYLE] [ART] Aplicando tema oscuro mejorado
2025-08-26 18:11:56 | INFO     | rexus           | [STYLE]  Aplicando correcciones críticas de contraste
2025-08-26 18:11:56 | INFO     | rexus           | [STYLE] [OK] Correcciones automáticas aplicadas exitosamente
2025-08-26 18:11:56 | INFO     | rexus.vidrios.model | Sistema unificado de sanitización cargado
2025-08-26 18:11:57 | INFO     | rexus.modules.inventario.submodules | [SUBMODULOS INVENTARIO] __init__.py cargado (managers temporalmente deshabilitados)
2025-08-26 18:12:05 | INFO     | rexus           | Sistema de logging Rexus inicializado
2025-08-26 18:12:06 | INFO     | rexus.inventario.model | Submódulos especializados cargados
2025-08-26 18:12:06 | INFO     | rexus           | [STYLE] Tema oscuro detectado en Windows - aplicando correcciones criticas
2025-08-26 18:12:06 | INFO     | rexus           | [STYLE] Aplicando correcciones criticas automaticas para tema oscuro
2025-08-26 18:12:06 | INFO     | rexus           | [STYLE] [ART] Aplicando tema oscuro mejorado
2025-08-26 18:12:06 | INFO     | rexus           | [STYLE] [WARNING] No se pudo obtener instancia de QApplication
2025-08-26 18:12:06 | INFO     | rexus           | [STYLE] Aplicando correcciones criticas automaticas para tema oscuro
2025-08-26 18:12:06 | INFO     | rexus           | [STYLE] [ART] Aplicando tema oscuro mejorado
2025-08-26 18:12:06 | INFO     | rexus           | [STYLE]  Aplicando correcciones críticas de contraste
2025-08-26 18:12:06 | INFO     | rexus           | [STYLE] [OK] Correcciones automáticas aplicadas exitosamente
2025-08-26 18:12:06 | INFO     | rexus.vidrios.model | Sistema unificado de sanitización cargado
2025-08-26 18:12:07 | INFO     | rexus.modules.inventario.submodules | [SUBMODULOS INVENTARIO] __init__.py cargado (managers temporalmente deshabilitados)
2025-08-26 18:12:09 | INFO     | rexus           | Sistema de logging Rexus inicializado
2025-08-26 18:12:15 | INFO     | rexus           | Sistema de logging Rexus inicializado
2025-08-26 18:16:12 | INFO     | rexus           | Sistema de logging Rexus inicializado
2025-08-26 18:16:13 | INFO     | rexus.inventario.model | Submódulos especializados cargados
2025-08-26 18:16:13 | INFO     | rexus           | [STYLE] Tema oscuro detectado en Windows - aplicando correcciones criticas
2025-08-26 18:16:13 | INFO     | rexus           | [STYLE] Aplicando correcciones criticas automaticas para tema oscuro
2025-08-26 18:16:13 | INFO     | rexus           | [STYLE] [ART] Aplicando tema oscuro mejorado
2025-08-26 18:16:13 | INFO     | rexus           | [STYLE] [WARNING] No se pudo obtener instancia de QApplication
2025-08-26 18:16:13 | INFO     | rexus           | [STYLE] Aplicando correcciones criticas automaticas para tema oscuro
2025-08-26 18:16:13 | INFO     | rexus           | [STYLE] [ART] Aplicando tema oscuro mejorado
2025-08-26 18:16:13 | INFO     | rexus           | [STYLE]  Aplicando correcciones críticas de contraste
2025-08-26 18:16:13 | INFO     | rexus           | [STYLE] [OK] Correcciones automáticas aplicadas exitosamente
2025-08-26 18:16:13 | INFO     | rexus.vidrios.model | Sistema unificado de sanitización cargado
2025-08-26 18:16:14 | INFO     | rexus.modules.inventario.submodules | [SUBMODULOS INVENTARIO] __init__.py cargado (managers temporalmente deshabilitados)
2025-08-26 18:16:34 | INFO     | rexus           | Sistema de logging Rexus inicializado
2025-08-26 18:16:36 | INFO     | rexus.inventario.model | Submódulos especializados cargados
2025-08-26 18:16:36 | INFO     | rexus           | [STYLE] Tema oscuro detectado en Windows - aplicando correcciones criticas
2025-08-26 18:16:36 | INFO     | rexus           | [STYLE] Aplicando correcciones criticas automaticas para tema oscuro
2025-08-26 18:16:36 | INFO     | rexus           | [STYLE] [ART] Aplicando tema oscuro mejorado
2025-08-26 18:16:36 | INFO     | rexus           | [STYLE] [WARNING] No se pudo obtener instancia de QApplication
2025-08-26 18:16:36 | INFO     | rexus           | [STYLE] Aplicando correcciones criticas automaticas para tema oscuro
2025-08-26 18:16:36 | INFO     | rexus           | [STYLE] [ART] Aplicando tema oscuro mejorado
2025-08-26 18:16:36 | INFO     | rexus           | [STYLE]  Aplicando correcciones críticas de contraste
2025-08-26 18:16:36 | INFO     | rexus           | [STYLE] [OK] Correcciones automáticas aplicadas exitosamente
2025-08-26 18:16:36 | INFO     | rexus.vidrios.model | Sistema unificado de sanitización cargado
2025-08-26 18:16:37 | INFO     | rexus.modules.inventario.submodules | [SUBMODULOS INVENTARIO] __init__.py cargado (managers temporalmente deshabilitados)
2025-08-26 18:16:48 | INFO     | rexus           | Sistema de logging Rexus inicializado
2025-08-26 18:16:48 | INFO     | rexus.inventario.model | Submódulos especializados cargados
2025-08-26 18:16:48 | INFO     | rexus           | [STYLE] Tema oscuro detectado en Windows - aplicando correcciones criticas
2025-08-26 18:16:48 | INFO     | rexus           | [STYLE] Aplicando correcciones criticas automaticas para tema oscuro
2025-08-26 18:16:48 | INFO     | rexus           | [STYLE] [ART] Aplicando tema oscuro mejorado
2025-08-26 18:16:48 | INFO     | rexus           | [STYLE] [WARNING] No se pudo obtener instancia de QApplication
2025-08-26 18:16:48 | INFO     | rexus           | [STYLE] Aplicando correcciones criticas automaticas para tema oscuro
2025-08-26 18:16:48 | INFO     | rexus           | [STYLE] [ART] Aplicando tema oscuro mejorado
2025-08-26 18:16:48 | INFO     | rexus           | [STYLE]  Aplicando correcciones críticas de contraste
2025-08-26 18:16:48 | INFO     | rexus           | [STYLE] [OK] Correcciones automáticas aplicadas exitosamente
2025-08-26 18:16:48 | INFO     | rexus.vidrios.model | Sistema unificado de sanitización cargado
2025-08-26 18:16:49 | INFO     | rexus.modules.inventario.submodules | [SUBMODULOS INVENTARIO] __init__.py cargado (managers temporalmente deshabilitados)
2025-08-26 18:17:06 | INFO     | rexus           | Sistema de logging Rexus inicializado
2025-08-26 18:17:07 | INFO     | rexus.inventario.model | Submódulos especializados cargados
2025-08-26 18:17:07 | INFO     | rexus           | [STYLE] Tema oscuro detectado en Windows - aplicando correcciones criticas
2025-08-26 18:17:07 | INFO     | rexus           | [STYLE] Aplicando correcciones criticas automaticas para tema oscuro
2025-08-26 18:17:07 | INFO     | rexus           | [STYLE] [ART] Aplicando tema oscuro mejorado
2025-08-26 18:17:07 | INFO     | rexus           | [STYLE] [WARNING] No se pudo obtener instancia de QApplication
2025-08-26 18:17:07 | INFO     | rexus           | [STYLE] Aplicando correcciones criticas automaticas para tema oscuro
2025-08-26 18:17:07 | INFO     | rexus           | [STYLE] [ART] Aplicando tema oscuro mejorado
2025-08-26 18:17:07 | INFO     | rexus           | [STYLE]  Aplicando correcciones críticas de contraste
2025-08-26 18:17:07 | INFO     | rexus           | [STYLE] [OK] Correcciones automáticas aplicadas exitosamente
2025-08-26 18:17:07 | INFO     | rexus.vidrios.model | Sistema unificado de sanitización cargado
2025-08-26 18:17:07 | INFO     | rexus.modules.inventario.submodules | [SUBMODULOS INVENTARIO] __init__.py cargado (managers temporalmente deshabilitados)
2025-08-26 18:17:17 | INFO     | rexus           | Sistema de logging Rexus inicializado
2025-08-26 18:17:18 | INFO     | rexus.inventario.model | Submódulos especializados cargados
2025-08-26 18:17:18 | INFO     | rexus           | [STYLE] Tema oscuro detectado en Windows - aplicando correcciones criticas
2025-08-26 18:17:18 | INFO     | rexus           | [STYLE] Aplicando correcciones criticas automaticas para tema oscuro
2025-08-26 18:17:18 | INFO     | rexus           | [STYLE] [ART] Aplicando tema oscuro mejorado
2025-08-26 18:17:18 | INFO     | rexus           | [STYLE] [WARNING] No se pudo obtener instancia de QApplication
2025-08-26 18:17:18 | INFO     | rexus           | [STYLE] Aplicando correcciones criticas automaticas para tema oscuro
2025-08-26 18:17:18 | INFO     | rexus           | [STYLE] [ART] Aplicando tema oscuro mejorado
2025-08-26 18:17:18 | INFO     | rexus           | [STYLE]  Aplicando correcciones críticas de contraste
2025-08-26 18:17:18 | INFO     | rexus           | [STYLE] [OK] Correcciones automáticas aplicadas exitosamente
2025-08-26 18:17:18 | INFO     | rexus.vidrios.model | Sistema unificado de sanitización cargado
2025-08-26 18:17:19 | INFO     | rexus.modules.inventario.submodules | [SUBMODULOS INVENTARIO] __init__.py cargado (managers temporalmente deshabilitados)
2025-08-26 18:17:32 | INFO     | rexus           | Sistema de logging Rexus inicializado
2025-08-26 18:17:34 | INFO     | rexus.inventario.model | Submódulos especializados cargados
2025-08-26 18:17:34 | INFO     | rexus           | [STYLE] Tema oscuro detectado en Windows - aplicando correcciones criticas
2025-08-26 18:17:34 | INFO     | rexus           | [STYLE] Aplicando correcciones criticas automaticas para tema oscuro
2025-08-26 18:17:34 | INFO     | rexus           | [STYLE] [ART] Aplicando tema oscuro mejorado
2025-08-26 18:17:34 | INFO     | rexus           | [STYLE] [WARNING] No se pudo obtener instancia de QApplication
2025-08-26 18:17:34 | INFO     | rexus           | [STYLE] Aplicando correcciones criticas automaticas para tema oscuro
2025-08-26 18:17:34 | INFO     | rexus           | [STYLE] [ART] Aplicando tema oscuro mejorado
2025-08-26 18:17:34 | INFO     | rexus           | [STYLE]  Aplicando correcciones críticas de contraste
2025-08-26 18:17:34 | INFO     | rexus           | [STYLE] [OK] Correcciones automáticas aplicadas exitosamente
2025-08-26 18:17:34 | INFO     | rexus.vidrios.model | Sistema unificado de sanitización cargado
2025-08-26 18:17:35 | INFO     | rexus.modules.inventario.submodules | [SUBMODULOS INVENTARIO] __init__.py cargado (managers temporalmente deshabilitados)
2025-08-26 18:17:56 | INFO     | rexus           | Sistema de logging Rexus inicializado
2025-08-26 18:17:58 | INFO     | rexus.inventario.model | Submódulos especializados cargados
2025-08-26 18:17:58 | INFO     | rexus           | [STYLE] Tema oscuro detectado en Windows - aplicando correcciones criticas
2025-08-26 18:17:58 | INFO     | rexus           | [STYLE] Aplicando correcciones criticas automaticas para tema oscuro
2025-08-26 18:17:58 | INFO     | rexus           | [STYLE] [ART] Aplicando tema oscuro mejorado
2025-08-26 18:17:58 | INFO     | rexus           | [STYLE] [WARNING] No se pudo obtener instancia de QApplication
2025-08-26 18:17:58 | INFO     | rexus           | [STYLE] Aplicando correcciones criticas automaticas para tema oscuro
2025-08-26 18:17:58 | INFO     | rexus           | [STYLE] [ART] Aplicando tema oscuro mejorado
2025-08-26 18:17:58 | INFO     | rexus           | [STYLE]  Aplicando correcciones críticas de contraste
2025-08-26 18:17:58 | INFO     | rexus           | [STYLE] [OK] Correcciones automáticas aplicadas exitosamente
2025-08-26 18:17:58 | INFO     | rexus.vidrios.model | Sistema unificado de sanitización cargado
2025-08-26 18:18:00 | INFO     | rexus.modules.inventario.submodules | [SUBMODULOS INVENTARIO] __init__.py cargado (managers temporalmente deshabilitados)
2025-08-26 18:18:15 | INFO     | rexus           | Sistema de logging Rexus inicializado
2025-08-26 18:18:16 | INFO     | rexus.inventario.model | Submódulos especializados cargados
2025-08-26 18:18:16 | INFO     | rexus           | [STYLE] Tema oscuro detectado en Windows - aplicando correcciones criticas
2025-08-26 18:18:16 | INFO     | rexus           | [STYLE] Aplicando correcciones criticas automaticas para tema oscuro
2025-08-26 18:18:16 | INFO     | rexus           | [STYLE] [ART] Aplicando tema oscuro mejorado
2025-08-26 18:18:16 | INFO     | rexus           | [STYLE] [WARNING] No se pudo obtener instancia de QApplication
2025-08-26 18:18:16 | INFO     | rexus           | [STYLE] Aplicando correcciones criticas automaticas para tema oscuro
2025-08-26 18:18:16 | INFO     | rexus           | [STYLE] [ART] Aplicando tema oscuro mejorado
2025-08-26 18:18:16 | INFO     | rexus           | [STYLE]  Aplicando correcciones críticas de contraste
2025-08-26 18:18:16 | INFO     | rexus           | [STYLE] [OK] Correcciones automáticas aplicadas exitosamente
2025-08-26 18:18:16 | INFO     | rexus.vidrios.model | Sistema unificado de sanitización cargado
2025-08-26 18:18:16 | INFO     | rexus.modules.inventario.submodules | [SUBMODULOS INVENTARIO] __init__.py cargado (managers temporalmente deshabilitados)
2025-08-26 18:19:44 | INFO     | rexus           | Sistema de logging Rexus inicializado
2025-08-26 18:19:45 | INFO     | rexus           | Sistema de logging Rexus inicializado
2025-08-26 18:19:47 | INFO     | rexus.inventario.model | Submódulos especializados cargados
2025-08-26 18:19:47 | INFO     | rexus           | [STYLE] Tema oscuro detectado en Windows - aplicando correcciones criticas
2025-08-26 18:19:47 | INFO     | rexus           | [STYLE] Aplicando correcciones criticas automaticas para tema oscuro
2025-08-26 18:19:47 | INFO     | rexus           | [STYLE] [ART] Aplicando tema oscuro mejorado
2025-08-26 18:19:47 | INFO     | rexus           | [STYLE] [WARNING] No se pudo obtener instancia de QApplication
2025-08-26 18:19:47 | INFO     | rexus           | [STYLE] Aplicando correcciones criticas automaticas para tema oscuro
2025-08-26 18:19:47 | INFO     | rexus           | [STYLE] [ART] Aplicando tema oscuro mejorado
2025-08-26 18:19:47 | INFO     | rexus           | [STYLE]  Aplicando correcciones críticas de contraste
2025-08-26 18:19:47 | INFO     | rexus           | [STYLE] [OK] Correcciones automáticas aplicadas exitosamente
2025-08-26 18:19:47 | INFO     | rexus.vidrios.model | Sistema unificado de sanitización cargado
2025-08-26 18:19:49 | INFO     | rexus.modules.inventario.submodules | [SUBMODULOS INVENTARIO] __init__.py cargado (managers temporalmente deshabilitados)
2025-08-26 18:20:52 | INFO     | rexus           | Sistema de logging Rexus inicializado
2025-08-26 18:20:53 | INFO     | rexus.inventario.model | Submódulos especializados cargados
2025-08-26 18:20:53 | INFO     | rexus           | [STYLE] Tema oscuro detectado en Windows - aplicando correcciones criticas
2025-08-26 18:20:53 | INFO     | rexus           | [STYLE] Aplicando correcciones criticas automaticas para tema oscuro
2025-08-26 18:20:53 | INFO     | rexus           | [STYLE] [ART] Aplicando tema oscuro mejorado
2025-08-26 18:20:53 | INFO     | rexus           | [STYLE] [WARNING] No se pudo obtener instancia de QApplication
2025-08-26 18:20:53 | INFO     | rexus           | [STYLE] Aplicando correcciones criticas automaticas para tema oscuro
2025-08-26 18:20:53 | INFO     | rexus           | [STYLE] [ART] Aplicando tema oscuro mejorado
2025-08-26 18:20:53 | INFO     | rexus           | [STYLE]  Aplicando correcciones críticas de contraste
2025-08-26 18:20:53 | INFO     | rexus           | [STYLE] [OK] Correcciones automáticas aplicadas exitosamente
2025-08-26 18:20:53 | INFO     | rexus.vidrios.model | Sistema unificado de sanitización cargado
2025-08-26 18:20:53 | INFO     | rexus.modules.inventario.submodules | [SUBMODULOS INVENTARIO] __init__.py cargado (managers temporalmente deshabilitados)
2025-08-26 18:21:18 | INFO     | rexus           | Sistema de logging Rexus inicializado
2025-08-26 18:21:19 | INFO     | rexus.inventario.model | Submódulos especializados cargados
2025-08-26 18:21:19 | INFO     | rexus           | [STYLE] Tema oscuro detectado en Windows - aplicando correcciones criticas
2025-08-26 18:21:19 | INFO     | rexus           | [STYLE] Aplicando correcciones criticas automaticas para tema oscuro
2025-08-26 18:21:19 | INFO     | rexus           | [STYLE] [ART] Aplicando tema oscuro mejorado
2025-08-26 18:21:19 | INFO     | rexus           | [STYLE] [WARNING] No se pudo obtener instancia de QApplication
2025-08-26 18:21:19 | INFO     | rexus           | [STYLE] Aplicando correcciones criticas automaticas para tema oscuro
2025-08-26 18:21:19 | INFO     | rexus           | [STYLE] [ART] Aplicando tema oscuro mejorado
2025-08-26 18:21:19 | INFO     | rexus           | [STYLE]  Aplicando correcciones críticas de contraste
2025-08-26 18:21:19 | INFO     | rexus           | [STYLE] [OK] Correcciones automáticas aplicadas exitosamente
2025-08-26 18:21:19 | INFO     | rexus.vidrios.model | Sistema unificado de sanitización cargado
2025-08-26 18:21:20 | INFO     | rexus.modules.inventario.submodules | [SUBMODULOS INVENTARIO] __init__.py cargado (managers temporalmente deshabilitados)
2025-08-26 18:21:45 | INFO     | rexus           | Sistema de logging Rexus inicializado
2025-08-26 18:21:47 | INFO     | rexus.inventario.model | Submódulos especializados cargados
2025-08-26 18:21:47 | INFO     | rexus           | [STYLE] Tema oscuro detectado en Windows - aplicando correcciones criticas
2025-08-26 18:21:47 | INFO     | rexus           | [STYLE] Aplicando correcciones criticas automaticas para tema oscuro
2025-08-26 18:21:47 | INFO     | rexus           | [STYLE] [ART] Aplicando tema oscuro mejorado
2025-08-26 18:21:47 | INFO     | rexus           | [STYLE] [WARNING] No se pudo obtener instancia de QApplication
2025-08-26 18:21:47 | INFO     | rexus           | [STYLE] Aplicando correcciones criticas automaticas para tema oscuro
2025-08-26 18:21:47 | INFO     | rexus           | [STYLE] [ART] Aplicando tema oscuro mejorado
2025-08-26 18:21:47 | INFO     | rexus           | [STYLE]  Aplicando correcciones críticas de contraste
2025-08-26 18:21:47 | INFO     | rexus           | [STYLE] [OK] Correcciones automáticas aplicadas exitosamente
2025-08-26 18:21:47 | INFO     | rexus.vidrios.model | Sistema unificado de sanitización cargado
2025-08-26 18:21:50 | INFO     | rexus.modules.inventario.submodules | [SUBMODULOS INVENTARIO] __init__.py cargado (managers temporalmente deshabilitados)
2025-08-26 18:22:23 | INFO     | rexus           | Sistema de logging Rexus inicializado
2025-08-26 18:22:25 | INFO     | rexus.inventario.model | Submódulos especializados cargados
2025-08-26 18:22:26 | INFO     | rexus           | [STYLE] Tema oscuro detectado en Windows - aplicando correcciones criticas
2025-08-26 18:22:26 | INFO     | rexus           | [STYLE] Aplicando correcciones criticas automaticas para tema oscuro
2025-08-26 18:22:26 | INFO     | rexus           | [STYLE] [ART] Aplicando tema oscuro mejorado
2025-08-26 18:22:26 | INFO     | rexus           | [STYLE] [WARNING] No se pudo obtener instancia de QApplication
2025-08-26 18:22:26 | INFO     | rexus           | [STYLE] Aplicando correcciones criticas automaticas para tema oscuro
2025-08-26 18:22:26 | INFO     | rexus           | [STYLE] [ART] Aplicando tema oscuro mejorado
2025-08-26 18:22:26 | INFO     | rexus           | [STYLE]  Aplicando correcciones críticas de contraste
2025-08-26 18:22:26 | INFO     | rexus           | [STYLE] [OK] Correcciones automáticas aplicadas exitosamente
2025-08-26 18:22:26 | INFO     | rexus.vidrios.model | Sistema unificado de sanitización cargado
2025-08-26 18:22:29 | INFO     | rexus.modules.inventario.submodules | [SUBMODULOS INVENTARIO] __init__.py cargado (managers temporalmente deshabilitados)
2025-08-26 18:22:57 | INFO     | rexus           | Sistema de logging Rexus inicializado
2025-08-26 18:22:59 | INFO     | rexus.inventario.model | Submódulos especializados cargados
2025-08-26 18:22:59 | INFO     | rexus           | [STYLE] Tema oscuro detectado en Windows - aplicando correcciones criticas
2025-08-26 18:22:59 | INFO     | rexus           | [STYLE] Aplicando correcciones criticas automaticas para tema oscuro
2025-08-26 18:22:59 | INFO     | rexus           | [STYLE] [ART] Aplicando tema oscuro mejorado
2025-08-26 18:22:59 | INFO     | rexus           | [STYLE] [WARNING] No se pudo obtener instancia de QApplication
2025-08-26 18:22:59 | INFO     | rexus           | [STYLE] Aplicando correcciones criticas automaticas para tema oscuro
2025-08-26 18:22:59 | INFO     | rexus           | [STYLE] [ART] Aplicando tema oscuro mejorado
2025-08-26 18:22:59 | INFO     | rexus           | [STYLE]  Aplicando correcciones críticas de contraste
2025-08-26 18:22:59 | INFO     | rexus           | [STYLE] [OK] Correcciones automáticas aplicadas exitosamente
2025-08-26 18:22:59 | INFO     | rexus.vidrios.model | Sistema unificado de sanitización cargado
2025-08-26 18:23:01 | INFO     | rexus.modules.inventario.submodules | [SUBMODULOS INVENTARIO] __init__.py cargado (managers temporalmente deshabilitados)
2025-08-26 18:23:15 | INFO     | rexus           | Sistema de logging Rexus inicializado
2025-08-26 18:23:16 | INFO     | rexus.inventario.model | Submódulos especializados cargados
2025-08-26 18:23:16 | INFO     | rexus           | [STYLE] Tema oscuro detectado en Windows - aplicando correcciones criticas
2025-08-26 18:23:16 | INFO     | rexus           | [STYLE] Aplicando correcciones criticas automaticas para tema oscuro
2025-08-26 18:23:17 | INFO     | rexus           | [STYLE] [ART] Aplicando tema oscuro mejorado
2025-08-26 18:23:17 | INFO     | rexus           | [STYLE] [WARNING] No se pudo obtener instancia de QApplication
2025-08-26 18:23:17 | INFO     | rexus           | [STYLE] Aplicando correcciones criticas automaticas para tema oscuro
2025-08-26 18:23:17 | INFO     | rexus           | [STYLE] [ART] Aplicando tema oscuro mejorado
2025-08-26 18:23:17 | INFO     | rexus           | [STYLE]  Aplicando correcciones críticas de contraste
2025-08-26 18:23:17 | INFO     | rexus           | [STYLE] [OK] Correcciones automáticas aplicadas exitosamente
2025-08-26 18:23:17 | INFO     | rexus.vidrios.model | Sistema unificado de sanitización cargado
2025-08-26 18:23:17 | INFO     | rexus.modules.inventario.submodules | [SUBMODULOS INVENTARIO] __init__.py cargado (managers temporalmente deshabilitados)
2025-08-26 18:23:24 | INFO     | rexus           | Sistema de logging Rexus inicializado
2025-08-26 18:23:25 | INFO     | rexus.inventario.model | Submódulos especializados cargados
2025-08-26 18:23:25 | INFO     | rexus           | [STYLE] Tema oscuro detectado en Windows - aplicando correcciones criticas
2025-08-26 18:23:25 | INFO     | rexus           | [STYLE] Aplicando correcciones criticas automaticas para tema oscuro
2025-08-26 18:23:25 | INFO     | rexus           | [STYLE] [ART] Aplicando tema oscuro mejorado
2025-08-26 18:23:25 | INFO     | rexus           | [STYLE] [WARNING] No se pudo obtener instancia de QApplication
2025-08-26 18:23:25 | INFO     | rexus           | [STYLE] Aplicando correcciones criticas automaticas para tema oscuro
2025-08-26 18:23:25 | INFO     | rexus           | [STYLE] [ART] Aplicando tema oscuro mejorado
2025-08-26 18:23:25 | INFO     | rexus           | [STYLE]  Aplicando correcciones críticas de contraste
2025-08-26 18:23:25 | INFO     | rexus           | [STYLE] [OK] Correcciones automáticas aplicadas exitosamente
2025-08-26 18:23:25 | INFO     | rexus.vidrios.model | Sistema unificado de sanitización cargado
2025-08-26 18:23:26 | INFO     | rexus.modules.inventario.submodules | [SUBMODULOS INVENTARIO] __init__.py cargado (managers temporalmente deshabilitados)
2025-08-26 18:23:34 | INFO     | rexus           | Sistema de logging Rexus inicializado
2025-08-26 18:23:35 | INFO     | rexus.inventario.model | Submódulos especializados cargados
2025-08-26 18:23:35 | INFO     | rexus           | [STYLE] Tema oscuro detectado en Windows - aplicando correcciones criticas
2025-08-26 18:23:35 | INFO     | rexus           | [STYLE] Aplicando correcciones criticas automaticas para tema oscuro
2025-08-26 18:23:35 | INFO     | rexus           | [STYLE] [ART] Aplicando tema oscuro mejorado
2025-08-26 18:23:35 | INFO     | rexus           | [STYLE] [WARNING] No se pudo obtener instancia de QApplication
2025-08-26 18:23:35 | INFO     | rexus           | [STYLE] Aplicando correcciones criticas automaticas para tema oscuro
2025-08-26 18:23:35 | INFO     | rexus           | [STYLE] [ART] Aplicando tema oscuro mejorado
2025-08-26 18:23:35 | INFO     | rexus           | [STYLE]  Aplicando correcciones críticas de contraste
2025-08-26 18:23:35 | INFO     | rexus           | [STYLE] [OK] Correcciones automáticas aplicadas exitosamente
2025-08-26 18:23:35 | INFO     | rexus.vidrios.model | Sistema unificado de sanitización cargado
2025-08-26 18:23:36 | INFO     | rexus.modules.inventario.submodules | [SUBMODULOS INVENTARIO] __init__.py cargado (managers temporalmente deshabilitados)
2025-08-26 18:24:00 | INFO     | rexus           | Sistema de logging Rexus inicializado
2025-08-26 18:24:01 | INFO     | rexus.inventario.model | Submódulos especializados cargados
2025-08-26 18:24:01 | INFO     | rexus           | [STYLE] Tema oscuro detectado en Windows - aplicando correcciones criticas
2025-08-26 18:24:01 | INFO     | rexus           | [STYLE] Aplicando correcciones criticas automaticas para tema oscuro
2025-08-26 18:24:01 | INFO     | rexus           | [STYLE] [ART] Aplicando tema oscuro mejorado
2025-08-26 18:24:01 | INFO     | rexus           | [STYLE] [WARNING] No se pudo obtener instancia de QApplication
2025-08-26 18:24:01 | INFO     | rexus           | [STYLE] Aplicando correcciones criticas automaticas para tema oscuro
2025-08-26 18:24:01 | INFO     | rexus           | [STYLE] [ART] Aplicando tema oscuro mejorado
2025-08-26 18:24:01 | INFO     | rexus           | [STYLE]  Aplicando correcciones críticas de contraste
2025-08-26 18:24:01 | INFO     | rexus           | [STYLE] [OK] Correcciones automáticas aplicadas exitosamente
2025-08-26 18:24:01 | INFO     | rexus.vidrios.model | Sistema unificado de sanitización cargado
2025-08-26 18:24:02 | INFO     | rexus.modules.inventario.submodules | [SUBMODULOS INVENTARIO] __init__.py cargado (managers temporalmente deshabilitados)
2025-08-26 18:24:04 | INFO     | rexus           | Sistema de logging Rexus inicializado
2025-08-26 18:26:02 | INFO     | rexus           | Sistema de logging Rexus inicializado
2025-08-26 18:26:03 | INFO     | rexus.inventario.model | Submódulos especializados cargados
2025-08-26 18:26:03 | INFO     | rexus           | [STYLE] Tema oscuro detectado en Windows - aplicando correcciones criticas
2025-08-26 18:26:03 | INFO     | rexus           | [STYLE] Aplicando correcciones criticas automaticas para tema oscuro
2025-08-26 18:26:03 | INFO     | rexus           | [STYLE] [ART] Aplicando tema oscuro mejorado
2025-08-26 18:26:03 | INFO     | rexus           | [STYLE] [WARNING] No se pudo obtener instancia de QApplication
2025-08-26 18:26:03 | INFO     | rexus           | [STYLE] Aplicando correcciones criticas automaticas para tema oscuro
2025-08-26 18:26:03 | INFO     | rexus           | [STYLE] [ART] Aplicando tema oscuro mejorado
2025-08-26 18:26:03 | INFO     | rexus           | [STYLE]  Aplicando correcciones críticas de contraste
2025-08-26 18:26:03 | INFO     | rexus           | [STYLE] [OK] Correcciones automáticas aplicadas exitosamente
2025-08-26 18:26:03 | INFO     | rexus.vidrios.model | Sistema unificado de sanitización cargado
2025-08-26 18:26:04 | INFO     | rexus.modules.inventario.submodules | [SUBMODULOS INVENTARIO] __init__.py cargado (managers temporalmente deshabilitados)
2025-08-26 18:44:13 | INFO     | rexus           | Sistema de logging Rexus inicializado
2025-08-26 18:44:15 | INFO     | rexus.inventario.model | Submódulos especializados cargados
2025-08-26 18:44:15 | INFO     | rexus           | [STYLE] Tema oscuro detectado en Windows - aplicando correcciones criticas
2025-08-26 18:44:15 | INFO     | rexus           | [STYLE] Aplicando correcciones criticas automaticas para tema oscuro
2025-08-26 18:44:15 | INFO     | rexus           | [STYLE] [ART] Aplicando tema oscuro mejorado
2025-08-26 18:44:15 | INFO     | rexus           | [STYLE] [WARNING] No se pudo obtener instancia de QApplication
2025-08-26 18:44:15 | INFO     | rexus           | [STYLE] Aplicando correcciones criticas automaticas para tema oscuro
2025-08-26 18:44:15 | INFO     | rexus           | [STYLE] [ART] Aplicando tema oscuro mejorado
2025-08-26 18:44:15 | INFO     | rexus           | [STYLE]  Aplicando correcciones críticas de contraste
2025-08-26 18:44:15 | INFO     | rexus           | [STYLE] [OK] Correcciones automáticas aplicadas exitosamente
2025-08-26 18:44:15 | INFO     | rexus.vidrios.model | Sistema unificado de sanitización cargado
2025-08-26 18:44:16 | INFO     | rexus.modules.inventario.submodules | [SUBMODULOS INVENTARIO] __init__.py cargado (managers temporalmente deshabilitados)
2025-08-26 18:44:29 | INFO     | rexus           | Sistema de logging Rexus inicializado
2025-08-26 18:44:31 | INFO     | rexus.inventario.model | Submódulos especializados cargados
2025-08-26 18:44:31 | INFO     | rexus           | [STYLE] Tema oscuro detectado en Windows - aplicando correcciones criticas
2025-08-26 18:44:31 | INFO     | rexus           | [STYLE] Aplicando correcciones criticas automaticas para tema oscuro
2025-08-26 18:44:31 | INFO     | rexus           | [STYLE] [ART] Aplicando tema oscuro mejorado
2025-08-26 18:44:31 | INFO     | rexus           | [STYLE] [WARNING] No se pudo obtener instancia de QApplication
2025-08-26 18:44:31 | INFO     | rexus           | [STYLE] Aplicando correcciones criticas automaticas para tema oscuro
2025-08-26 18:44:31 | INFO     | rexus           | [STYLE] [ART] Aplicando tema oscuro mejorado
2025-08-26 18:44:31 | INFO     | rexus           | [STYLE]  Aplicando correcciones críticas de contraste
2025-08-26 18:44:31 | INFO     | rexus           | [STYLE] [OK] Correcciones automáticas aplicadas exitosamente
2025-08-26 18:44:31 | INFO     | rexus.vidrios.model | Sistema unificado de sanitización cargado
2025-08-26 18:44:33 | INFO     | rexus.modules.inventario.submodules | [SUBMODULOS INVENTARIO] __init__.py cargado (managers temporalmente deshabilitados)
2025-08-26 18:46:03 | INFO     | rexus           | Sistema de logging Rexus inicializado
2025-08-26 18:46:04 | INFO     | rexus.inventario.model | Submódulos especializados cargados
2025-08-26 18:46:04 | INFO     | rexus           | [STYLE] Tema oscuro detectado en Windows - aplicando correcciones criticas
2025-08-26 18:46:04 | INFO     | rexus           | [STYLE] Aplicando correcciones criticas automaticas para tema oscuro
2025-08-26 18:46:04 | INFO     | rexus           | [STYLE] [ART] Aplicando tema oscuro mejorado
2025-08-26 18:46:04 | INFO     | rexus           | [STYLE] [WARNING] No se pudo obtener instancia de QApplication
2025-08-26 18:46:04 | INFO     | rexus           | [STYLE] Aplicando correcciones criticas automaticas para tema oscuro
2025-08-26 18:46:04 | INFO     | rexus           | [STYLE] [ART] Aplicando tema oscuro mejorado
2025-08-26 18:46:04 | INFO     | rexus           | [STYLE]  Aplicando correcciones críticas de contraste
2025-08-26 18:46:04 | INFO     | rexus           | [STYLE] [OK] Correcciones automáticas aplicadas exitosamente
2025-08-26 18:46:04 | INFO     | rexus.vidrios.model | Sistema unificado de sanitización cargado
2025-08-26 18:46:05 | INFO     | rexus.modules.inventario.submodules | [SUBMODULOS INVENTARIO] __init__.py cargado (managers temporalmente deshabilitados)
2025-08-26 18:46:13 | INFO     | rexus           | Sistema de logging Rexus inicializado
2025-08-26 18:46:14 | INFO     | rexus.inventario.model | Submódulos especializados cargados
2025-08-26 18:46:14 | INFO     | rexus           | [STYLE] Tema oscuro detectado en Windows - aplicando correcciones criticas
2025-08-26 18:46:14 | INFO     | rexus           | [STYLE] Aplicando correcciones criticas automaticas para tema oscuro
2025-08-26 18:46:14 | INFO     | rexus           | [STYLE] [ART] Aplicando tema oscuro mejorado
2025-08-26 18:46:14 | INFO     | rexus           | [STYLE] [WARNING] No se pudo obtener instancia de QApplication
2025-08-26 18:46:14 | INFO     | rexus           | [STYLE] Aplicando correcciones criticas automaticas para tema oscuro
2025-08-26 18:46:14 | INFO     | rexus           | [STYLE] [ART] Aplicando tema oscuro mejorado
2025-08-26 18:46:14 | INFO     | rexus           | [STYLE]  Aplicando correcciones críticas de contraste
2025-08-26 18:46:14 | INFO     | rexus           | [STYLE] [OK] Correcciones automáticas aplicadas exitosamente
2025-08-26 18:46:14 | INFO     | rexus.vidrios.model | Sistema unificado de sanitización cargado
2025-08-26 18:46:15 | INFO     | rexus.modules.inventario.submodules | [SUBMODULOS INVENTARIO] __init__.py cargado (managers temporalmente deshabilitados)
2025-08-26 18:46:30 | INFO     | rexus           | Sistema de logging Rexus inicializado
2025-08-26 18:46:31 | INFO     | rexus.inventario.model | Submódulos especializados cargados
2025-08-26 18:46:31 | INFO     | rexus           | [STYLE] Tema oscuro detectado en Windows - aplicando correcciones criticas
2025-08-26 18:46:31 | INFO     | rexus           | [STYLE] Aplicando correcciones criticas automaticas para tema oscuro
2025-08-26 18:46:31 | INFO     | rexus           | [STYLE] [ART] Aplicando tema oscuro mejorado
2025-08-26 18:46:31 | INFO     | rexus           | [STYLE] [WARNING] No se pudo obtener instancia de QApplication
2025-08-26 18:46:31 | INFO     | rexus           | [STYLE] Aplicando correcciones criticas automaticas para tema oscuro
2025-08-26 18:46:31 | INFO     | rexus           | [STYLE] [ART] Aplicando tema oscuro mejorado
2025-08-26 18:46:31 | INFO     | rexus           | [STYLE]  Aplicando correcciones críticas de contraste
2025-08-26 18:46:31 | INFO     | rexus           | [STYLE] [OK] Correcciones automáticas aplicadas exitosamente
2025-08-26 18:46:31 | INFO     | rexus.vidrios.model | Sistema unificado de sanitización cargado
2025-08-26 18:46:32 | INFO     | rexus.modules.inventario.submodules | [SUBMODULOS INVENTARIO] __init__.py cargado (managers temporalmente deshabilitados)
2025-08-26 18:47:14 | INFO     | rexus           | Sistema de logging Rexus inicializado
2025-08-26 18:47:15 | INFO     | rexus.inventario.model | Submódulos especializados cargados
2025-08-26 18:47:15 | INFO     | rexus           | [STYLE] Tema oscuro detectado en Windows - aplicando correcciones criticas
2025-08-26 18:47:15 | INFO     | rexus           | [STYLE] Aplicando correcciones criticas automaticas para tema oscuro
2025-08-26 18:47:15 | INFO     | rexus           | [STYLE] [ART] Aplicando tema oscuro mejorado
2025-08-26 18:47:15 | INFO     | rexus           | [STYLE] [WARNING] No se pudo obtener instancia de QApplication
2025-08-26 18:47:15 | INFO     | rexus           | [STYLE] Aplicando correcciones criticas automaticas para tema oscuro
2025-08-26 18:47:15 | INFO     | rexus           | [STYLE] [ART] Aplicando tema oscuro mejorado
2025-08-26 18:47:15 | INFO     | rexus           | [STYLE]  Aplicando correcciones críticas de contraste
2025-08-26 18:47:15 | INFO     | rexus           | [STYLE] [OK] Correcciones automáticas aplicadas exitosamente
2025-08-26 18:47:15 | INFO     | rexus.vidrios.model | Sistema unificado de sanitización cargado
2025-08-26 18:47:15 | INFO     | rexus.modules.inventario.submodules | [SUBMODULOS INVENTARIO] __init__.py cargado (managers temporalmente deshabilitados)
2025-08-26 18:48:09 | INFO     | rexus           | Sistema de logging Rexus inicializado
2025-08-26 18:48:10 | INFO     | rexus.inventario.model | Submódulos especializados cargados
2025-08-26 18:48:10 | INFO     | rexus           | [STYLE] Tema oscuro detectado en Windows - aplicando correcciones criticas
2025-08-26 18:48:10 | INFO     | rexus           | [STYLE] Aplicando correcciones criticas automaticas para tema oscuro
2025-08-26 18:48:10 | INFO     | rexus           | [STYLE] [ART] Aplicando tema oscuro mejorado
2025-08-26 18:48:10 | INFO     | rexus           | [STYLE] [WARNING] No se pudo obtener instancia de QApplication
2025-08-26 18:48:10 | INFO     | rexus           | [STYLE] Aplicando correcciones criticas automaticas para tema oscuro
2025-08-26 18:48:10 | INFO     | rexus           | [STYLE] [ART] Aplicando tema oscuro mejorado
2025-08-26 18:48:10 | INFO     | rexus           | [STYLE]  Aplicando correcciones críticas de contraste
2025-08-26 18:48:10 | INFO     | rexus           | [STYLE] [OK] Correcciones automáticas aplicadas exitosamente
2025-08-26 18:48:10 | INFO     | rexus.vidrios.model | Sistema unificado de sanitización cargado
2025-08-26 18:48:11 | INFO     | rexus.modules.inventario.submodules | [SUBMODULOS INVENTARIO] __init__.py cargado (managers temporalmente deshabilitados)
2025-08-26 18:49:35 | INFO     | rexus           | Sistema de logging Rexus inicializado
2025-08-26 18:49:36 | INFO     | rexus.inventario.model | Submódulos especializados cargados
2025-08-26 18:49:36 | INFO     | rexus           | [STYLE] Tema oscuro detectado en Windows - aplicando correcciones criticas
2025-08-26 18:49:36 | INFO     | rexus           | [STYLE] Aplicando correcciones criticas automaticas para tema oscuro
2025-08-26 18:49:36 | INFO     | rexus           | [STYLE] [ART] Aplicando tema oscuro mejorado
2025-08-26 18:49:36 | INFO     | rexus           | [STYLE] [WARNING] No se pudo obtener instancia de QApplication
2025-08-26 18:49:36 | INFO     | rexus           | [STYLE] Aplicando correcciones criticas automaticas para tema oscuro
2025-08-26 18:49:36 | INFO     | rexus           | [STYLE] [ART] Aplicando tema oscuro mejorado
2025-08-26 18:49:36 | INFO     | rexus           | [STYLE]  Aplicando correcciones críticas de contraste
2025-08-26 18:49:36 | INFO     | rexus           | [STYLE] [OK] Correcciones automáticas aplicadas exitosamente
2025-08-26 18:49:36 | INFO     | rexus.vidrios.model | Sistema unificado de sanitización cargado
2025-08-26 18:49:36 | INFO     | rexus.modules.inventario.submodules | [SUBMODULOS INVENTARIO] __init__.py cargado (managers temporalmente deshabilitados)
2025-08-26 18:51:57 | INFO     | rexus           | Sistema de logging Rexus inicializado
2025-08-26 18:51:58 | INFO     | rexus.inventario.model | Submódulos especializados cargados
2025-08-26 18:51:58 | INFO     | rexus           | [STYLE] Tema oscuro detectado en Windows - aplicando correcciones criticas
2025-08-26 18:51:58 | INFO     | rexus           | [STYLE] Aplicando correcciones criticas automaticas para tema oscuro
2025-08-26 18:51:58 | INFO     | rexus           | [STYLE] [ART] Aplicando tema oscuro mejorado
2025-08-26 18:51:58 | INFO     | rexus           | [STYLE] [WARNING] No se pudo obtener instancia de QApplication
2025-08-26 18:51:58 | INFO     | rexus           | [STYLE] Aplicando correcciones criticas automaticas para tema oscuro
2025-08-26 18:51:58 | INFO     | rexus           | [STYLE] [ART] Aplicando tema oscuro mejorado
2025-08-26 18:51:58 | INFO     | rexus           | [STYLE]  Aplicando correcciones críticas de contraste
2025-08-26 18:51:58 | INFO     | rexus           | [STYLE] [OK] Correcciones automáticas aplicadas exitosamente
2025-08-26 18:51:58 | INFO     | rexus.vidrios.model | Sistema unificado de sanitización cargado
2025-08-26 18:51:59 | INFO     | rexus.modules.inventario.submodules | [SUBMODULOS INVENTARIO] __init__.py cargado (managers temporalmente deshabilitados)
2025-08-26 18:52:08 | INFO     | rexus           | Sistema de logging Rexus inicializado
2025-08-26 18:52:08 | INFO     | rexus.inventario.model | Submódulos especializados cargados
2025-08-26 18:52:08 | INFO     | rexus           | [STYLE] Tema oscuro detectado en Windows - aplicando correcciones criticas
2025-08-26 18:52:08 | INFO     | rexus           | [STYLE] Aplicando correcciones criticas automaticas para tema oscuro
2025-08-26 18:52:08 | INFO     | rexus           | [STYLE] [ART] Aplicando tema oscuro mejorado
2025-08-26 18:52:08 | INFO     | rexus           | [STYLE] [WARNING] No se pudo obtener instancia de QApplication
2025-08-26 18:52:08 | INFO     | rexus           | [STYLE] Aplicando correcciones criticas automaticas para tema oscuro
2025-08-26 18:52:08 | INFO     | rexus           | [STYLE] [ART] Aplicando tema oscuro mejorado
2025-08-26 18:52:08 | INFO     | rexus           | [STYLE]  Aplicando correcciones críticas de contraste
2025-08-26 18:52:08 | INFO     | rexus           | [STYLE] [OK] Correcciones automáticas aplicadas exitosamente
2025-08-26 18:52:08 | INFO     | rexus.vidrios.model | Sistema unificado de sanitización cargado
2025-08-26 18:52:09 | INFO     | rexus.modules.inventario.submodules | [SUBMODULOS INVENTARIO] __init__.py cargado (managers temporalmente deshabilitados)
2025-08-26 18:52:16 | INFO     | rexus           | Sistema de logging Rexus inicializado
2025-08-26 18:52:17 | INFO     | rexus.inventario.model | Submódulos especializados cargados
2025-08-26 18:52:17 | INFO     | rexus           | [STYLE] Tema oscuro detectado en Windows - aplicando correcciones criticas
2025-08-26 18:52:17 | INFO     | rexus           | [STYLE] Aplicando correcciones criticas automaticas para tema oscuro
2025-08-26 18:52:17 | INFO     | rexus           | [STYLE] [ART] Aplicando tema oscuro mejorado
2025-08-26 18:52:17 | INFO     | rexus           | [STYLE] [WARNING] No se pudo obtener instancia de QApplication
2025-08-26 18:52:17 | INFO     | rexus           | [STYLE] Aplicando correcciones criticas automaticas para tema oscuro
2025-08-26 18:52:17 | INFO     | rexus           | [STYLE] [ART] Aplicando tema oscuro mejorado
2025-08-26 18:52:17 | INFO     | rexus           | [STYLE]  Aplicando correcciones críticas de contraste
2025-08-26 18:52:17 | INFO     | rexus           | [STYLE] [OK] Correcciones automáticas aplicadas exitosamente
2025-08-26 18:52:17 | INFO     | rexus.vidrios.model | Sistema unificado de sanitización cargado
2025-08-26 18:52:18 | INFO     | rexus.modules.inventario.submodules | [SUBMODULOS INVENTARIO] __init__.py cargado (managers temporalmente deshabilitados)
2025-08-26 18:52:26 | INFO     | rexus           | Sistema de logging Rexus inicializado
2025-08-26 18:52:27 | INFO     | rexus.inventario.model | Submódulos especializados cargados
2025-08-26 18:52:27 | INFO     | rexus           | [STYLE] Tema oscuro detectado en Windows - aplicando correcciones criticas
2025-08-26 18:52:27 | INFO     | rexus           | [STYLE] Aplicando correcciones criticas automaticas para tema oscuro
2025-08-26 18:52:27 | INFO     | rexus           | [STYLE] [ART] Aplicando tema oscuro mejorado
2025-08-26 18:52:27 | INFO     | rexus           | [STYLE] [WARNING] No se pudo obtener instancia de QApplication
2025-08-26 18:52:27 | INFO     | rexus           | [STYLE] Aplicando correcciones criticas automaticas para tema oscuro
2025-08-26 18:52:27 | INFO     | rexus           | [STYLE] [ART] Aplicando tema oscuro mejorado
2025-08-26 18:52:27 | INFO     | rexus           | [STYLE]  Aplicando correcciones críticas de contraste
2025-08-26 18:52:27 | INFO     | rexus           | [STYLE] [OK] Correcciones automáticas aplicadas exitosamente
2025-08-26 18:52:27 | INFO     | rexus.vidrios.model | Sistema unificado de sanitización cargado
2025-08-26 18:52:29 | INFO     | rexus.modules.inventario.submodules | [SUBMODULOS INVENTARIO] __init__.py cargado (managers temporalmente deshabilitados)
2025-08-26 18:52:37 | INFO     | rexus           | Sistema de logging Rexus inicializado
2025-08-26 18:52:38 | INFO     | rexus.inventario.model | Submódulos especializados cargados
2025-08-26 18:52:38 | INFO     | rexus           | [STYLE] Tema oscuro detectado en Windows - aplicando correcciones criticas
2025-08-26 18:52:38 | INFO     | rexus           | [STYLE] Aplicando correcciones criticas automaticas para tema oscuro
2025-08-26 18:52:38 | INFO     | rexus           | [STYLE] [ART] Aplicando tema oscuro mejorado
2025-08-26 18:52:38 | INFO     | rexus           | [STYLE] [WARNING] No se pudo obtener instancia de QApplication
2025-08-26 18:52:38 | INFO     | rexus           | [STYLE] Aplicando correcciones criticas automaticas para tema oscuro
2025-08-26 18:52:38 | INFO     | rexus           | [STYLE] [ART] Aplicando tema oscuro mejorado
2025-08-26 18:52:38 | INFO     | rexus           | [STYLE]  Aplicando correcciones críticas de contraste
2025-08-26 18:52:38 | INFO     | rexus           | [STYLE] [OK] Correcciones automáticas aplicadas exitosamente
2025-08-26 18:52:38 | INFO     | rexus.vidrios.model | Sistema unificado de sanitización cargado
2025-08-26 18:52:38 | INFO     | rexus.modules.inventario.submodules | [SUBMODULOS INVENTARIO] __init__.py cargado (managers temporalmente deshabilitados)
2025-08-26 18:52:53 | INFO     | rexus           | Sistema de logging Rexus inicializado
2025-08-26 18:52:54 | INFO     | rexus.inventario.model | Submódulos especializados cargados
2025-08-26 18:52:54 | INFO     | rexus           | [STYLE] Tema oscuro detectado en Windows - aplicando correcciones criticas
2025-08-26 18:52:54 | INFO     | rexus           | [STYLE] Aplicando correcciones criticas automaticas para tema oscuro
2025-08-26 18:52:54 | INFO     | rexus           | [STYLE] [ART] Aplicando tema oscuro mejorado
2025-08-26 18:52:54 | INFO     | rexus           | [STYLE] [WARNING] No se pudo obtener instancia de QApplication
2025-08-26 18:52:54 | INFO     | rexus           | [STYLE] Aplicando correcciones criticas automaticas para tema oscuro
2025-08-26 18:52:54 | INFO     | rexus           | [STYLE] [ART] Aplicando tema oscuro mejorado
2025-08-26 18:52:54 | INFO     | rexus           | [STYLE]  Aplicando correcciones críticas de contraste
2025-08-26 18:52:54 | INFO     | rexus           | [STYLE] [OK] Correcciones automáticas aplicadas exitosamente
2025-08-26 18:52:54 | INFO     | rexus.vidrios.model | Sistema unificado de sanitización cargado
2025-08-26 18:52:54 | INFO     | rexus.modules.inventario.submodules | [SUBMODULOS INVENTARIO] __init__.py cargado (managers temporalmente deshabilitados)
2025-08-26 18:54:20 | INFO     | rexus           | Sistema de logging Rexus inicializado
2025-08-26 18:54:22 | INFO     | rexus.inventario.model | Submódulos especializados cargados
2025-08-26 18:54:22 | INFO     | rexus           | [STYLE] Tema oscuro detectado en Windows - aplicando correcciones criticas
2025-08-26 18:54:22 | INFO     | rexus           | [STYLE] Aplicando correcciones criticas automaticas para tema oscuro
2025-08-26 18:54:22 | INFO     | rexus           | [STYLE] [ART] Aplicando tema oscuro mejorado
2025-08-26 18:54:22 | INFO     | rexus           | [STYLE] [WARNING] No se pudo obtener instancia de QApplication
2025-08-26 18:54:22 | INFO     | rexus           | [STYLE] Aplicando correcciones criticas automaticas para tema oscuro
2025-08-26 18:54:22 | INFO     | rexus           | [STYLE] [ART] Aplicando tema oscuro mejorado
2025-08-26 18:54:22 | INFO     | rexus           | [STYLE]  Aplicando correcciones críticas de contraste
2025-08-26 18:54:22 | INFO     | rexus           | [STYLE] [OK] Correcciones automáticas aplicadas exitosamente
2025-08-26 18:54:22 | INFO     | rexus.vidrios.model | Sistema unificado de sanitización cargado
2025-08-26 18:54:23 | INFO     | rexus.modules.inventario.submodules | [SUBMODULOS INVENTARIO] __init__.py cargado (managers temporalmente deshabilitados)
2025-08-26 18:57:17 | INFO     | rexus           | Sistema de logging Rexus inicializado
2025-08-26 18:57:18 | INFO     | rexus.inventario.model | Submódulos especializados cargados
2025-08-26 18:57:18 | INFO     | rexus           | [STYLE] Tema oscuro detectado en Windows - aplicando correcciones criticas
2025-08-26 18:57:18 | INFO     | rexus           | [STYLE] Aplicando correcciones criticas automaticas para tema oscuro
2025-08-26 18:57:18 | INFO     | rexus           | [STYLE] [ART] Aplicando tema oscuro mejorado
2025-08-26 18:57:18 | INFO     | rexus           | [STYLE] [WARNING] No se pudo obtener instancia de QApplication
2025-08-26 18:57:18 | INFO     | rexus           | [STYLE] Aplicando correcciones criticas automaticas para tema oscuro
2025-08-26 18:57:18 | INFO     | rexus           | [STYLE] [ART] Aplicando tema oscuro mejorado
2025-08-26 18:57:18 | INFO     | rexus           | [STYLE]  Aplicando correcciones críticas de contraste
2025-08-26 18:57:18 | INFO     | rexus           | [STYLE] [OK] Correcciones automáticas aplicadas exitosamente
2025-08-26 18:57:18 | INFO     | rexus.vidrios.model | Sistema unificado de sanitización cargado
2025-08-26 18:57:19 | INFO     | rexus.modules.inventario.submodules | [SUBMODULOS INVENTARIO] __init__.py cargado (managers temporalmente deshabilitados)
2025-08-26 18:58:05 | INFO     | rexus           | Sistema de logging Rexus inicializado
2025-08-26 18:58:05 | INFO     | rexus.inventario.model | Submódulos especializados cargados
2025-08-26 18:58:05 | INFO     | rexus           | [STYLE] Tema oscuro detectado en Windows - aplicando correcciones criticas
2025-08-26 18:58:05 | INFO     | rexus           | [STYLE] Aplicando correcciones criticas automaticas para tema oscuro
2025-08-26 18:58:05 | INFO     | rexus           | [STYLE] [ART] Aplicando tema oscuro mejorado
2025-08-26 18:58:05 | INFO     | rexus           | [STYLE] [WARNING] No se pudo obtener instancia de QApplication
2025-08-26 18:58:05 | INFO     | rexus           | [STYLE] Aplicando correcciones criticas automaticas para tema oscuro
2025-08-26 18:58:05 | INFO     | rexus           | [STYLE] [ART] Aplicando tema oscuro mejorado
2025-08-26 18:58:05 | INFO     | rexus           | [STYLE]  Aplicando correcciones críticas de contraste
2025-08-26 18:58:05 | INFO     | rexus           | [STYLE] [OK] Correcciones automáticas aplicadas exitosamente
2025-08-26 18:58:05 | INFO     | rexus.vidrios.model | Sistema unificado de sanitización cargado
2025-08-26 18:58:06 | INFO     | rexus.modules.inventario.submodules | [SUBMODULOS INVENTARIO] __init__.py cargado (managers temporalmente deshabilitados)
2025-08-26 18:58:16 | INFO     | rexus           | Sistema de logging Rexus inicializado
2025-08-26 18:58:17 | INFO     | rexus.inventario.model | Submódulos especializados cargados
2025-08-26 18:58:17 | INFO     | rexus           | [STYLE] Tema oscuro detectado en Windows - aplicando correcciones criticas
2025-08-26 18:58:17 | INFO     | rexus           | [STYLE] Aplicando correcciones criticas automaticas para tema oscuro
2025-08-26 18:58:17 | INFO     | rexus           | [STYLE] [ART] Aplicando tema oscuro mejorado
2025-08-26 18:58:17 | INFO     | rexus           | [STYLE] [WARNING] No se pudo obtener instancia de QApplication
2025-08-26 18:58:17 | INFO     | rexus           | [STYLE] Aplicando correcciones criticas automaticas para tema oscuro
2025-08-26 18:58:17 | INFO     | rexus           | [STYLE] [ART] Aplicando tema oscuro mejorado
2025-08-26 18:58:17 | INFO     | rexus           | [STYLE]  Aplicando correcciones críticas de contraste
2025-08-26 18:58:17 | INFO     | rexus           | [STYLE] [OK] Correcciones automáticas aplicadas exitosamente
2025-08-26 18:58:17 | INFO     | rexus.vidrios.model | Sistema unificado de sanitización cargado
2025-08-26 18:58:17 | INFO     | rexus.modules.inventario.submodules | [SUBMODULOS INVENTARIO] __init__.py cargado (managers temporalmente deshabilitados)
2025-08-26 18:58:33 | INFO     | rexus           | Sistema de logging Rexus inicializado
2025-08-26 18:58:34 | INFO     | rexus.inventario.model | Submódulos especializados cargados
2025-08-26 18:58:35 | INFO     | rexus           | [STYLE] Tema oscuro detectado en Windows - aplicando correcciones criticas
2025-08-26 18:58:35 | INFO     | rexus           | [STYLE] Aplicando correcciones criticas automaticas para tema oscuro
2025-08-26 18:58:35 | INFO     | rexus           | [STYLE] [ART] Aplicando tema oscuro mejorado
2025-08-26 18:58:35 | INFO     | rexus           | [STYLE] [WARNING] No se pudo obtener instancia de QApplication
2025-08-26 18:58:35 | INFO     | rexus           | [STYLE] Aplicando correcciones criticas automaticas para tema oscuro
2025-08-26 18:58:35 | INFO     | rexus           | [STYLE] [ART] Aplicando tema oscuro mejorado
2025-08-26 18:58:35 | INFO     | rexus           | [STYLE]  Aplicando correcciones críticas de contraste
2025-08-26 18:58:35 | INFO     | rexus           | [STYLE] [OK] Correcciones automáticas aplicadas exitosamente
2025-08-26 18:58:35 | INFO     | rexus.vidrios.model | Sistema unificado de sanitización cargado
2025-08-26 18:58:35 | INFO     | rexus.modules.inventario.submodules | [SUBMODULOS INVENTARIO] __init__.py cargado (managers temporalmente deshabilitados)
2025-08-26 18:58:47 | INFO     | rexus           | Sistema de logging Rexus inicializado
2025-08-26 18:58:48 | INFO     | rexus.inventario.model | Submódulos especializados cargados
2025-08-26 18:58:48 | INFO     | rexus           | [STYLE] Tema oscuro detectado en Windows - aplicando correcciones criticas
2025-08-26 18:58:48 | INFO     | rexus           | [STYLE] Aplicando correcciones criticas automaticas para tema oscuro
2025-08-26 18:58:48 | INFO     | rexus           | [STYLE] [ART] Aplicando tema oscuro mejorado
2025-08-26 18:58:48 | INFO     | rexus           | [STYLE] [WARNING] No se pudo obtener instancia de QApplication
2025-08-26 18:58:48 | INFO     | rexus           | [STYLE] Aplicando correcciones criticas automaticas para tema oscuro
2025-08-26 18:58:48 | INFO     | rexus           | [STYLE] [ART] Aplicando tema oscuro mejorado
2025-08-26 18:58:48 | INFO     | rexus           | [STYLE]  Aplicando correcciones críticas de contraste
2025-08-26 18:58:48 | INFO     | rexus           | [STYLE] [OK] Correcciones automáticas aplicadas exitosamente
2025-08-26 18:58:48 | INFO     | rexus.vidrios.model | Sistema unificado de sanitización cargado
2025-08-26 18:58:49 | INFO     | rexus.modules.inventario.submodules | [SUBMODULOS INVENTARIO] __init__.py cargado (managers temporalmente deshabilitados)
2025-08-26 18:59:01 | INFO     | rexus           | Sistema de logging Rexus inicializado
2025-08-26 18:59:02 | INFO     | rexus.inventario.model | Submódulos especializados cargados
2025-08-26 18:59:02 | INFO     | rexus           | [STYLE] Tema oscuro detectado en Windows - aplicando correcciones criticas
2025-08-26 18:59:02 | INFO     | rexus           | [STYLE] Aplicando correcciones criticas automaticas para tema oscuro
2025-08-26 18:59:02 | INFO     | rexus           | [STYLE] [ART] Aplicando tema oscuro mejorado
2025-08-26 18:59:02 | INFO     | rexus           | [STYLE] [WARNING] No se pudo obtener instancia de QApplication
2025-08-26 18:59:02 | INFO     | rexus           | [STYLE] Aplicando correcciones criticas automaticas para tema oscuro
2025-08-26 18:59:02 | INFO     | rexus           | [STYLE] [ART] Aplicando tema oscuro mejorado
2025-08-26 18:59:02 | INFO     | rexus           | [STYLE]  Aplicando correcciones críticas de contraste
2025-08-26 18:59:02 | INFO     | rexus           | [STYLE] [OK] Correcciones automáticas aplicadas exitosamente
2025-08-26 18:59:02 | INFO     | rexus.vidrios.model | Sistema unificado de sanitización cargado
2025-08-26 18:59:03 | INFO     | rexus.modules.inventario.submodules | [SUBMODULOS INVENTARIO] __init__.py cargado (managers temporalmente deshabilitados)
2025-08-26 18:59:14 | INFO     | rexus           | Sistema de logging Rexus inicializado
2025-08-26 18:59:14 | INFO     | rexus.inventario.model | Submódulos especializados cargados
2025-08-26 18:59:14 | INFO     | rexus           | [STYLE] Tema oscuro detectado en Windows - aplicando correcciones criticas
2025-08-26 18:59:14 | INFO     | rexus           | [STYLE] Aplicando correcciones criticas automaticas para tema oscuro
2025-08-26 18:59:14 | INFO     | rexus           | [STYLE] [ART] Aplicando tema oscuro mejorado
2025-08-26 18:59:14 | INFO     | rexus           | [STYLE] [WARNING] No se pudo obtener instancia de QApplication
2025-08-26 18:59:14 | INFO     | rexus           | [STYLE] Aplicando correcciones criticas automaticas para tema oscuro
2025-08-26 18:59:14 | INFO     | rexus           | [STYLE] [ART] Aplicando tema oscuro mejorado
2025-08-26 18:59:14 | INFO     | rexus           | [STYLE]  Aplicando correcciones críticas de contraste
2025-08-26 18:59:14 | INFO     | rexus           | [STYLE] [OK] Correcciones automáticas aplicadas exitosamente
2025-08-26 18:59:14 | INFO     | rexus.vidrios.model | Sistema unificado de sanitización cargado
2025-08-26 18:59:15 | INFO     | rexus.modules.inventario.submodules | [SUBMODULOS INVENTARIO] __init__.py cargado (managers temporalmente deshabilitados)
2025-08-26 18:59:40 | INFO     | rexus           | Sistema de logging Rexus inicializado
2025-08-26 18:59:41 | INFO     | rexus.inventario.model | Submódulos especializados cargados
2025-08-26 18:59:41 | INFO     | rexus           | [STYLE] Tema oscuro detectado en Windows - aplicando correcciones criticas
2025-08-26 18:59:41 | INFO     | rexus           | [STYLE] Aplicando correcciones criticas automaticas para tema oscuro
2025-08-26 18:59:41 | INFO     | rexus           | [STYLE] [ART] Aplicando tema oscuro mejorado
2025-08-26 18:59:41 | INFO     | rexus           | [STYLE] [WARNING] No se pudo obtener instancia de QApplication
2025-08-26 18:59:41 | INFO     | rexus           | [STYLE] Aplicando correcciones criticas automaticas para tema oscuro
2025-08-26 18:59:41 | INFO     | rexus           | [STYLE] [ART] Aplicando tema oscuro mejorado
2025-08-26 18:59:41 | INFO     | rexus           | [STYLE]  Aplicando correcciones críticas de contraste
2025-08-26 18:59:41 | INFO     | rexus           | [STYLE] [OK] Correcciones automáticas aplicadas exitosamente
2025-08-26 18:59:41 | INFO     | rexus.vidrios.model | Sistema unificado de sanitización cargado
2025-08-26 18:59:42 | INFO     | rexus.modules.inventario.submodules | [SUBMODULOS INVENTARIO] __init__.py cargado (managers temporalmente deshabilitados)
2025-08-26 19:12:38 | INFO     | rexus           | Sistema de logging Rexus inicializado
2025-08-26 19:12:40 | INFO     | rexus.inventario.model | Submódulos especializados cargados
2025-08-26 19:12:40 | INFO     | rexus           | [STYLE] Tema oscuro detectado en Windows - aplicando correcciones criticas
2025-08-26 19:12:40 | INFO     | rexus           | [STYLE] Aplicando correcciones criticas automaticas para tema oscuro
2025-08-26 19:12:40 | INFO     | rexus           | [STYLE] [ART] Aplicando tema oscuro mejorado
2025-08-26 19:12:40 | INFO     | rexus           | [STYLE] [WARNING] No se pudo obtener instancia de QApplication
2025-08-26 19:12:40 | INFO     | rexus           | [STYLE] Aplicando correcciones criticas automaticas para tema oscuro
2025-08-26 19:12:40 | INFO     | rexus           | [STYLE] [ART] Aplicando tema oscuro mejorado
2025-08-26 19:12:40 | INFO     | rexus           | [STYLE]  Aplicando correcciones críticas de contraste
2025-08-26 19:12:40 | INFO     | rexus           | [STYLE] [OK] Correcciones automáticas aplicadas exitosamente
2025-08-26 19:12:40 | INFO     | rexus.vidrios.model | Sistema unificado de sanitización cargado
2025-08-26 19:12:40 | INFO     | rexus.modules.inventario.submodules | [SUBMODULOS INVENTARIO] __init__.py cargado (managers temporalmente deshabilitados)
2025-08-26 19:12:53 | INFO     | rexus           | Sistema de logging Rexus inicializado
2025-08-26 19:12:54 | INFO     | rexus.inventario.model | Submódulos especializados cargados
2025-08-26 19:12:54 | INFO     | rexus           | [STYLE] Tema oscuro detectado en Windows - aplicando correcciones criticas
2025-08-26 19:12:54 | INFO     | rexus           | [STYLE] Aplicando correcciones criticas automaticas para tema oscuro
2025-08-26 19:12:54 | INFO     | rexus           | [STYLE] [ART] Aplicando tema oscuro mejorado
2025-08-26 19:12:54 | INFO     | rexus           | [STYLE] [WARNING] No se pudo obtener instancia de QApplication
2025-08-26 19:12:54 | INFO     | rexus           | [STYLE] Aplicando correcciones criticas automaticas para tema oscuro
2025-08-26 19:12:54 | INFO     | rexus           | [STYLE] [ART] Aplicando tema oscuro mejorado
2025-08-26 19:12:54 | INFO     | rexus           | [STYLE]  Aplicando correcciones críticas de contraste
2025-08-26 19:12:54 | INFO     | rexus           | [STYLE] [OK] Correcciones automáticas aplicadas exitosamente
2025-08-26 19:12:54 | INFO     | rexus.vidrios.model | Sistema unificado de sanitización cargado
2025-08-26 19:12:55 | INFO     | rexus.modules.inventario.submodules | [SUBMODULOS INVENTARIO] __init__.py cargado (managers temporalmente deshabilitados)
2025-08-26 19:13:15 | INFO     | rexus           | Sistema de logging Rexus inicializado
2025-08-26 19:13:17 | INFO     | rexus.inventario.model | Submódulos especializados cargados
2025-08-26 19:13:17 | INFO     | rexus           | [STYLE] Tema oscuro detectado en Windows - aplicando correcciones criticas
2025-08-26 19:13:17 | INFO     | rexus           | [STYLE] Aplicando correcciones criticas automaticas para tema oscuro
2025-08-26 19:13:17 | INFO     | rexus           | [STYLE] [ART] Aplicando tema oscuro mejorado
2025-08-26 19:13:17 | INFO     | rexus           | [STYLE] [WARNING] No se pudo obtener instancia de QApplication
2025-08-26 19:13:17 | INFO     | rexus           | [STYLE] Aplicando correcciones criticas automaticas para tema oscuro
2025-08-26 19:13:17 | INFO     | rexus           | [STYLE] [ART] Aplicando tema oscuro mejorado
2025-08-26 19:13:17 | INFO     | rexus           | [STYLE]  Aplicando correcciones críticas de contraste
2025-08-26 19:13:17 | INFO     | rexus           | [STYLE] [OK] Correcciones automáticas aplicadas exitosamente
2025-08-26 19:13:17 | INFO     | rexus.vidrios.model | Sistema unificado de sanitización cargado
2025-08-26 19:13:18 | INFO     | rexus.modules.inventario.submodules | [SUBMODULOS INVENTARIO] __init__.py cargado (managers temporalmente deshabilitados)
2025-08-26 19:13:28 | INFO     | rexus           | Sistema de logging Rexus inicializado
2025-08-26 19:13:34 | INFO     | rexus.inventario.model | Submódulos especializados cargados
2025-08-26 19:13:34 | INFO     | rexus           | [STYLE] Tema oscuro detectado en Windows - aplicando correcciones criticas
2025-08-26 19:13:34 | INFO     | rexus           | [STYLE] Aplicando correcciones criticas automaticas para tema oscuro
2025-08-26 19:13:34 | INFO     | rexus           | [STYLE] [ART] Aplicando tema oscuro mejorado
2025-08-26 19:13:34 | INFO     | rexus           | [STYLE] [WARNING] No se pudo obtener instancia de QApplication
2025-08-26 19:13:34 | INFO     | rexus           | [STYLE] Aplicando correcciones criticas automaticas para tema oscuro
2025-08-26 19:13:34 | INFO     | rexus           | [STYLE] [ART] Aplicando tema oscuro mejorado
2025-08-26 19:13:34 | INFO     | rexus           | [STYLE]  Aplicando correcciones críticas de contraste
2025-08-26 19:13:34 | INFO     | rexus           | [STYLE] [OK] Correcciones automáticas aplicadas exitosamente
2025-08-26 19:13:34 | INFO     | rexus.vidrios.model | Sistema unificado de sanitización cargado
2025-08-26 19:13:36 | INFO     | rexus.modules.inventario.submodules | [SUBMODULOS INVENTARIO] __init__.py cargado (managers temporalmente deshabilitados)
2025-08-26 19:14:05 | INFO     | rexus           | Sistema de logging Rexus inicializado
2025-08-26 19:14:06 | INFO     | rexus.inventario.model | Submódulos especializados cargados
2025-08-26 19:14:06 | INFO     | rexus           | [STYLE] Tema oscuro detectado en Windows - aplicando correcciones criticas
2025-08-26 19:14:06 | INFO     | rexus           | [STYLE] Aplicando correcciones criticas automaticas para tema oscuro
2025-08-26 19:14:06 | INFO     | rexus           | [STYLE] [ART] Aplicando tema oscuro mejorado
2025-08-26 19:14:06 | INFO     | rexus           | [STYLE] [WARNING] No se pudo obtener instancia de QApplication
2025-08-26 19:14:06 | INFO     | rexus           | [STYLE] Aplicando correcciones criticas automaticas para tema oscuro
2025-08-26 19:14:06 | INFO     | rexus           | [STYLE] [ART] Aplicando tema oscuro mejorado
2025-08-26 19:14:06 | INFO     | rexus           | [STYLE]  Aplicando correcciones críticas de contraste
2025-08-26 19:14:06 | INFO     | rexus           | [STYLE] [OK] Correcciones automáticas aplicadas exitosamente
2025-08-26 19:14:06 | INFO     | rexus.vidrios.model | Sistema unificado de sanitización cargado
2025-08-26 19:14:07 | INFO     | rexus.modules.inventario.submodules | [SUBMODULOS INVENTARIO] __init__.py cargado (managers temporalmente deshabilitados)
2025-08-26 19:14:19 | INFO     | rexus           | Sistema de logging Rexus inicializado
2025-08-26 19:14:20 | INFO     | rexus.inventario.model | Submódulos especializados cargados
2025-08-26 19:14:20 | INFO     | rexus           | [STYLE] Tema oscuro detectado en Windows - aplicando correcciones criticas
2025-08-26 19:14:20 | INFO     | rexus           | [STYLE] Aplicando correcciones criticas automaticas para tema oscuro
2025-08-26 19:14:20 | INFO     | rexus           | [STYLE] [ART] Aplicando tema oscuro mejorado
2025-08-26 19:14:20 | INFO     | rexus           | [STYLE] [WARNING] No se pudo obtener instancia de QApplication
2025-08-26 19:14:20 | INFO     | rexus           | [STYLE] Aplicando correcciones criticas automaticas para tema oscuro
2025-08-26 19:14:20 | INFO     | rexus           | [STYLE] [ART] Aplicando tema oscuro mejorado
2025-08-26 19:14:20 | INFO     | rexus           | [STYLE]  Aplicando correcciones críticas de contraste
2025-08-26 19:14:20 | INFO     | rexus           | [STYLE] [OK] Correcciones automáticas aplicadas exitosamente
2025-08-26 19:14:20 | INFO     | rexus.vidrios.model | Sistema unificado de sanitización cargado
2025-08-26 19:14:21 | INFO     | rexus.modules.inventario.submodules | [SUBMODULOS INVENTARIO] __init__.py cargado (managers temporalmente deshabilitados)
2025-08-26 19:18:10 | INFO     | rexus           | Sistema de logging Rexus inicializado
2025-08-26 19:18:11 | INFO     | rexus.inventario.model | Submódulos especializados cargados
2025-08-26 19:18:12 | INFO     | rexus           | [STYLE] Tema oscuro detectado en Windows - aplicando correcciones criticas
2025-08-26 19:18:12 | INFO     | rexus           | [STYLE] Aplicando correcciones criticas automaticas para tema oscuro
2025-08-26 19:18:12 | INFO     | rexus           | [STYLE] [ART] Aplicando tema oscuro mejorado
2025-08-26 19:18:12 | INFO     | rexus           | [STYLE] [WARNING] No se pudo obtener instancia de QApplication
2025-08-26 19:18:12 | INFO     | rexus           | [STYLE] Aplicando correcciones criticas automaticas para tema oscuro
2025-08-26 19:18:12 | INFO     | rexus           | [STYLE] [ART] Aplicando tema oscuro mejorado
2025-08-26 19:18:12 | INFO     | rexus           | [STYLE]  Aplicando correcciones críticas de contraste
2025-08-26 19:18:12 | INFO     | rexus           | [STYLE] [OK] Correcciones automáticas aplicadas exitosamente
2025-08-26 19:18:14 | INFO     | rexus.modules.inventario.submodules | [SUBMODULOS INVENTARIO] __init__.py cargado (managers temporalmente deshabilitados)
2025-08-26 19:18:14 | INFO     | rexus           | Sistema de logging Rexus inicializado
2025-08-26 19:18:23 | INFO     | rexus           | Sistema de logging Rexus inicializado
2025-08-26 19:18:26 | INFO     | rexus           | Sistema de logging Rexus inicializado
2025-08-26 19:18:27 | INFO     | rexus.inventario.model | Submódulos especializados cargados
2025-08-26 19:18:27 | INFO     | rexus           | [STYLE] Tema oscuro detectado en Windows - aplicando correcciones criticas
2025-08-26 19:18:27 | INFO     | rexus           | [STYLE] Aplicando correcciones criticas automaticas para tema oscuro
2025-08-26 19:18:27 | INFO     | rexus           | [STYLE] [ART] Aplicando tema oscuro mejorado
2025-08-26 19:18:27 | INFO     | rexus           | [STYLE] [WARNING] No se pudo obtener instancia de QApplication
2025-08-26 19:18:27 | INFO     | rexus           | [STYLE] Aplicando correcciones criticas automaticas para tema oscuro
2025-08-26 19:18:27 | INFO     | rexus           | [STYLE] [ART] Aplicando tema oscuro mejorado
2025-08-26 19:18:27 | INFO     | rexus           | [STYLE]  Aplicando correcciones críticas de contraste
2025-08-26 19:18:27 | INFO     | rexus           | [STYLE] [OK] Correcciones automáticas aplicadas exitosamente
2025-08-26 19:18:27 | INFO     | rexus.vidrios.model | Sistema unificado de sanitización cargado
2025-08-26 19:18:28 | INFO     | rexus.modules.inventario.submodules | [SUBMODULOS INVENTARIO] __init__.py cargado (managers temporalmente deshabilitados)
2025-08-26 19:18:32 | INFO     | rexus           | Sistema de logging Rexus inicializado
2025-08-26 19:18:32 | WARNING  | rexus.modules.auditoria.model | Sanitizador no disponible, usando métodos básicos
2025-08-26 19:18:38 | INFO     | rexus           | Sistema de logging Rexus inicializado
2025-08-26 19:18:40 | INFO     | rexus.inventario.model | Submódulos especializados cargados
2025-08-26 19:18:40 | INFO     | rexus           | [STYLE] Tema oscuro detectado en Windows - aplicando correcciones criticas
2025-08-26 19:18:40 | INFO     | rexus           | [STYLE] Aplicando correcciones criticas automaticas para tema oscuro
2025-08-26 19:18:40 | INFO     | rexus           | [STYLE] [ART] Aplicando tema oscuro mejorado
2025-08-26 19:18:40 | INFO     | rexus           | [STYLE] [WARNING] No se pudo obtener instancia de QApplication
2025-08-26 19:18:40 | INFO     | rexus           | [STYLE] Aplicando correcciones criticas automaticas para tema oscuro
2025-08-26 19:18:40 | INFO     | rexus           | [STYLE] [ART] Aplicando tema oscuro mejorado
2025-08-26 19:18:40 | INFO     | rexus           | [STYLE]  Aplicando correcciones críticas de contraste
2025-08-26 19:18:40 | INFO     | rexus           | [STYLE] [OK] Correcciones automáticas aplicadas exitosamente
2025-08-26 19:18:40 | INFO     | rexus.vidrios.model | Sistema unificado de sanitización cargado
2025-08-26 19:18:41 | INFO     | rexus.modules.inventario.submodules | [SUBMODULOS INVENTARIO] __init__.py cargado (managers temporalmente deshabilitados)
2025-08-26 19:19:07 | INFO     | rexus           | Sistema de logging Rexus inicializado
2025-08-26 19:19:08 | INFO     | rexus.inventario.model | Submódulos especializados cargados
2025-08-26 19:19:08 | INFO     | rexus           | [STYLE] Tema oscuro detectado en Windows - aplicando correcciones criticas
2025-08-26 19:19:08 | INFO     | rexus           | [STYLE] Aplicando correcciones criticas automaticas para tema oscuro
2025-08-26 19:19:08 | INFO     | rexus           | [STYLE] [ART] Aplicando tema oscuro mejorado
2025-08-26 19:19:08 | INFO     | rexus           | [STYLE] [WARNING] No se pudo obtener instancia de QApplication
2025-08-26 19:19:08 | INFO     | rexus           | [STYLE] Aplicando correcciones criticas automaticas para tema oscuro
2025-08-26 19:19:08 | INFO     | rexus           | [STYLE] [ART] Aplicando tema oscuro mejorado
2025-08-26 19:19:08 | INFO     | rexus           | [STYLE]  Aplicando correcciones críticas de contraste
2025-08-26 19:19:08 | INFO     | rexus           | [STYLE] [OK] Correcciones automáticas aplicadas exitosamente
2025-08-26 19:19:08 | INFO     | rexus.vidrios.model | Sistema unificado de sanitización cargado
2025-08-26 19:19:10 | INFO     | rexus.modules.inventario.submodules | [SUBMODULOS INVENTARIO] __init__.py cargado (managers temporalmente deshabilitados)
2025-08-26 19:24:33 | INFO     | rexus           | Sistema de logging Rexus inicializado
2025-08-26 19:24:34 | INFO     | rexus.inventario.model | Submódulos especializados cargados
2025-08-26 19:24:34 | INFO     | rexus           | [STYLE] Tema oscuro detectado en Windows - aplicando correcciones criticas
2025-08-26 19:24:34 | INFO     | rexus           | [STYLE] Aplicando correcciones criticas automaticas para tema oscuro
2025-08-26 19:24:34 | INFO     | rexus           | [STYLE] [ART] Aplicando tema oscuro mejorado
2025-08-26 19:24:34 | INFO     | rexus           | [STYLE] [WARNING] No se pudo obtener instancia de QApplication
2025-08-26 19:24:34 | INFO     | rexus           | [STYLE] Aplicando correcciones criticas automaticas para tema oscuro
2025-08-26 19:24:34 | INFO     | rexus           | [STYLE] [ART] Aplicando tema oscuro mejorado
2025-08-26 19:24:34 | INFO     | rexus           | [STYLE]  Aplicando correcciones críticas de contraste
2025-08-26 19:24:34 | INFO     | rexus           | [STYLE] [OK] Correcciones automáticas aplicadas exitosamente
2025-08-26 19:24:34 | INFO     | rexus.vidrios.model | Sistema unificado de sanitización cargado
2025-08-26 19:24:35 | INFO     | rexus.modules.inventario.submodules | [SUBMODULOS INVENTARIO] __init__.py cargado (managers temporalmente deshabilitados)
2025-08-26 19:27:30 | INFO     | rexus           | Sistema de logging Rexus inicializado
2025-08-26 19:27:33 | INFO     | rexus.inventario.model | Submódulos especializados cargados
2025-08-26 19:27:33 | INFO     | rexus           | [STYLE] Tema oscuro detectado en Windows - aplicando correcciones criticas
2025-08-26 19:27:33 | INFO     | rexus           | [STYLE] Aplicando correcciones criticas automaticas para tema oscuro
2025-08-26 19:27:33 | INFO     | rexus           | [STYLE] [ART] Aplicando tema oscuro mejorado
2025-08-26 19:27:33 | INFO     | rexus           | [STYLE] [WARNING] No se pudo obtener instancia de QApplication
2025-08-26 19:27:33 | INFO     | rexus           | [STYLE] Aplicando correcciones criticas automaticas para tema oscuro
2025-08-26 19:27:33 | INFO     | rexus           | [STYLE] [ART] Aplicando tema oscuro mejorado
2025-08-26 19:27:33 | INFO     | rexus           | [STYLE]  Aplicando correcciones críticas de contraste
2025-08-26 19:27:33 | INFO     | rexus           | [STYLE] [OK] Correcciones automáticas aplicadas exitosamente
2025-08-26 19:27:33 | INFO     | rexus.vidrios.model | Sistema unificado de sanitización cargado
2025-08-26 19:27:34 | INFO     | rexus.modules.inventario.submodules | [SUBMODULOS INVENTARIO] __init__.py cargado (managers temporalmente deshabilitados)
2025-08-26 19:28:54 | INFO     | rexus           | Sistema de logging Rexus inicializado
2025-08-26 19:28:56 | INFO     | rexus.inventario.model | Submódulos especializados cargados
2025-08-26 19:28:56 | INFO     | rexus           | [STYLE] Tema oscuro detectado en Windows - aplicando correcciones criticas
2025-08-26 19:28:56 | INFO     | rexus           | [STYLE] Aplicando correcciones criticas automaticas para tema oscuro
2025-08-26 19:28:56 | INFO     | rexus           | [STYLE] [ART] Aplicando tema oscuro mejorado
2025-08-26 19:28:56 | INFO     | rexus           | [STYLE] [WARNING] No se pudo obtener instancia de QApplication
2025-08-26 19:28:56 | INFO     | rexus           | [STYLE] Aplicando correcciones criticas automaticas para tema oscuro
2025-08-26 19:28:56 | INFO     | rexus           | [STYLE] [ART] Aplicando tema oscuro mejorado
2025-08-26 19:28:56 | INFO     | rexus           | [STYLE]  Aplicando correcciones críticas de contraste
2025-08-26 19:28:56 | INFO     | rexus           | [STYLE] [OK] Correcciones automáticas aplicadas exitosamente
2025-08-26 19:28:56 | INFO     | rexus.vidrios.model | Sistema unificado de sanitización cargado
2025-08-26 19:28:57 | INFO     | rexus.modules.inventario.submodules | [SUBMODULOS INVENTARIO] __init__.py cargado (managers temporalmente deshabilitados)
2025-08-26 19:30:29 | INFO     | rexus           | Sistema de logging Rexus inicializado
2025-08-26 19:30:31 | INFO     | rexus.inventario.model | Submódulos especializados cargados
2025-08-26 19:30:31 | INFO     | rexus           | [STYLE] Tema oscuro detectado en Windows - aplicando correcciones criticas
2025-08-26 19:30:31 | INFO     | rexus           | [STYLE] Aplicando correcciones criticas automaticas para tema oscuro
2025-08-26 19:30:31 | INFO     | rexus           | [STYLE] [ART] Aplicando tema oscuro mejorado
2025-08-26 19:30:31 | INFO     | rexus           | [STYLE] [WARNING] No se pudo obtener instancia de QApplication
2025-08-26 19:30:31 | INFO     | rexus           | [STYLE] Aplicando correcciones criticas automaticas para tema oscuro
2025-08-26 19:30:31 | INFO     | rexus           | [STYLE] [ART] Aplicando tema oscuro mejorado
2025-08-26 19:30:31 | INFO     | rexus           | [STYLE]  Aplicando correcciones críticas de contraste
2025-08-26 19:30:31 | INFO     | rexus           | [STYLE] [OK] Correcciones automáticas aplicadas exitosamente
2025-08-26 19:30:31 | INFO     | rexus.vidrios.model | Sistema unificado de sanitización cargado
2025-08-26 19:30:34 | INFO     | rexus.modules.inventario.submodules | [SUBMODULOS INVENTARIO] __init__.py cargado (managers temporalmente deshabilitados)
2025-08-26 19:30:46 | INFO     | rexus           | Sistema de logging Rexus inicializado
2025-08-26 19:30:47 | INFO     | rexus.inventario.model | Submódulos especializados cargados
2025-08-26 19:30:47 | INFO     | rexus           | [STYLE] Tema oscuro detectado en Windows - aplicando correcciones criticas
2025-08-26 19:30:47 | INFO     | rexus           | [STYLE] Aplicando correcciones criticas automaticas para tema oscuro
2025-08-26 19:30:48 | INFO     | rexus           | [STYLE] [ART] Aplicando tema oscuro mejorado
2025-08-26 19:30:48 | INFO     | rexus           | [STYLE] [WARNING] No se pudo obtener instancia de QApplication
2025-08-26 19:30:48 | INFO     | rexus           | [STYLE] Aplicando correcciones criticas automaticas para tema oscuro
2025-08-26 19:30:48 | INFO     | rexus           | [STYLE] [ART] Aplicando tema oscuro mejorado
2025-08-26 19:30:48 | INFO     | rexus           | [STYLE]  Aplicando correcciones críticas de contraste
2025-08-26 19:30:48 | INFO     | rexus           | [STYLE] [OK] Correcciones automáticas aplicadas exitosamente
2025-08-26 19:30:48 | INFO     | rexus.vidrios.model | Sistema unificado de sanitización cargado
2025-08-26 19:30:49 | INFO     | rexus.modules.inventario.submodules | [SUBMODULOS INVENTARIO] __init__.py cargado (managers temporalmente deshabilitados)
2025-08-26 19:30:59 | INFO     | rexus           | Sistema de logging Rexus inicializado
2025-08-26 19:31:00 | INFO     | rexus.inventario.model | Submódulos especializados cargados
2025-08-26 19:31:00 | INFO     | rexus           | [STYLE] Tema oscuro detectado en Windows - aplicando correcciones criticas
2025-08-26 19:31:00 | INFO     | rexus           | [STYLE] Aplicando correcciones criticas automaticas para tema oscuro
2025-08-26 19:31:00 | INFO     | rexus           | [STYLE] [ART] Aplicando tema oscuro mejorado
2025-08-26 19:31:00 | INFO     | rexus           | [STYLE] [WARNING] No se pudo obtener instancia de QApplication
2025-08-26 19:31:00 | INFO     | rexus           | [STYLE] Aplicando correcciones criticas automaticas para tema oscuro
2025-08-26 19:31:00 | INFO     | rexus           | [STYLE] [ART] Aplicando tema oscuro mejorado
2025-08-26 19:31:00 | INFO     | rexus           | [STYLE]  Aplicando correcciones críticas de contraste
2025-08-26 19:31:00 | INFO     | rexus           | [STYLE] [OK] Correcciones automáticas aplicadas exitosamente
2025-08-26 19:31:01 | INFO     | rexus.vidrios.model | Sistema unificado de sanitización cargado
2025-08-26 19:31:02 | INFO     | rexus.modules.inventario.submodules | [SUBMODULOS INVENTARIO] __init__.py cargado (managers temporalmente deshabilitados)
2025-08-26 19:31:08 | INFO     | rexus           | Sistema de logging Rexus inicializado
2025-08-26 19:31:10 | INFO     | rexus.inventario.model | Submódulos especializados cargados
2025-08-26 19:31:10 | INFO     | rexus           | [STYLE] Tema oscuro detectado en Windows - aplicando correcciones criticas
2025-08-26 19:31:10 | INFO     | rexus           | [STYLE] Aplicando correcciones criticas automaticas para tema oscuro
2025-08-26 19:31:10 | INFO     | rexus           | [STYLE] [ART] Aplicando tema oscuro mejorado
2025-08-26 19:31:10 | INFO     | rexus           | [STYLE] [WARNING] No se pudo obtener instancia de QApplication
2025-08-26 19:31:10 | INFO     | rexus           | [STYLE] Aplicando correcciones criticas automaticas para tema oscuro
2025-08-26 19:31:10 | INFO     | rexus           | [STYLE] [ART] Aplicando tema oscuro mejorado
2025-08-26 19:31:10 | INFO     | rexus           | [STYLE]  Aplicando correcciones críticas de contraste
2025-08-26 19:31:10 | INFO     | rexus           | [STYLE] [OK] Correcciones automáticas aplicadas exitosamente
2025-08-26 19:31:10 | INFO     | rexus.vidrios.model | Sistema unificado de sanitización cargado
2025-08-26 19:31:11 | INFO     | rexus.modules.inventario.submodules | [SUBMODULOS INVENTARIO] __init__.py cargado (managers temporalmente deshabilitados)
2025-08-26 19:31:21 | INFO     | rexus           | Sistema de logging Rexus inicializado
2025-08-26 19:31:22 | INFO     | rexus.inventario.model | Submódulos especializados cargados
2025-08-26 19:31:22 | INFO     | rexus           | [STYLE] Tema oscuro detectado en Windows - aplicando correcciones criticas
2025-08-26 19:31:22 | INFO     | rexus           | [STYLE] Aplicando correcciones criticas automaticas para tema oscuro
2025-08-26 19:31:22 | INFO     | rexus           | [STYLE] [ART] Aplicando tema oscuro mejorado
2025-08-26 19:31:22 | INFO     | rexus           | [STYLE] [WARNING] No se pudo obtener instancia de QApplication
2025-08-26 19:31:22 | INFO     | rexus           | [STYLE] Aplicando correcciones criticas automaticas para tema oscuro
2025-08-26 19:31:22 | INFO     | rexus           | [STYLE] [ART] Aplicando tema oscuro mejorado
2025-08-26 19:31:22 | INFO     | rexus           | [STYLE]  Aplicando correcciones críticas de contraste
2025-08-26 19:31:22 | INFO     | rexus           | [STYLE] [OK] Correcciones automáticas aplicadas exitosamente
2025-08-26 19:31:22 | INFO     | rexus.vidrios.model | Sistema unificado de sanitización cargado
2025-08-26 19:31:24 | INFO     | rexus.modules.inventario.submodules | [SUBMODULOS INVENTARIO] __init__.py cargado (managers temporalmente deshabilitados)
2025-08-26 19:32:06 | INFO     | rexus           | Sistema de logging Rexus inicializado
2025-08-26 19:32:07 | INFO     | rexus.inventario.model | Submódulos especializados cargados
2025-08-26 19:32:07 | INFO     | rexus           | [STYLE] Tema oscuro detectado en Windows - aplicando correcciones criticas
2025-08-26 19:32:07 | INFO     | rexus           | [STYLE] Aplicando correcciones criticas automaticas para tema oscuro
2025-08-26 19:32:07 | INFO     | rexus           | [STYLE] [ART] Aplicando tema oscuro mejorado
2025-08-26 19:32:07 | INFO     | rexus           | [STYLE] [WARNING] No se pudo obtener instancia de QApplication
2025-08-26 19:32:07 | INFO     | rexus           | [STYLE] Aplicando correcciones criticas automaticas para tema oscuro
2025-08-26 19:32:07 | INFO     | rexus           | [STYLE] [ART] Aplicando tema oscuro mejorado
2025-08-26 19:32:07 | INFO     | rexus           | [STYLE]  Aplicando correcciones críticas de contraste
2025-08-26 19:32:07 | INFO     | rexus           | [STYLE] [OK] Correcciones automáticas aplicadas exitosamente
2025-08-26 19:32:07 | INFO     | rexus.vidrios.model | Sistema unificado de sanitización cargado
2025-08-26 19:32:08 | INFO     | rexus.modules.inventario.submodules | [SUBMODULOS INVENTARIO] __init__.py cargado (managers temporalmente deshabilitados)
2025-08-26 19:32:20 | INFO     | rexus           | Sistema de logging Rexus inicializado
2025-08-26 19:32:22 | INFO     | rexus.inventario.model | Submódulos especializados cargados
2025-08-26 19:32:22 | INFO     | rexus           | [STYLE] Tema oscuro detectado en Windows - aplicando correcciones criticas
2025-08-26 19:32:22 | INFO     | rexus           | [STYLE] Aplicando correcciones criticas automaticas para tema oscuro
2025-08-26 19:32:22 | INFO     | rexus           | [STYLE] [ART] Aplicando tema oscuro mejorado
2025-08-26 19:32:22 | INFO     | rexus           | [STYLE] [WARNING] No se pudo obtener instancia de QApplication
2025-08-26 19:32:22 | INFO     | rexus           | [STYLE] Aplicando correcciones criticas automaticas para tema oscuro
2025-08-26 19:32:22 | INFO     | rexus           | [STYLE] [ART] Aplicando tema oscuro mejorado
2025-08-26 19:32:22 | INFO     | rexus           | [STYLE]  Aplicando correcciones críticas de contraste
2025-08-26 19:32:22 | INFO     | rexus           | [STYLE] [OK] Correcciones automáticas aplicadas exitosamente
2025-08-26 19:32:22 | INFO     | rexus.vidrios.model | Sistema unificado de sanitización cargado
2025-08-26 19:32:24 | INFO     | rexus.modules.inventario.submodules | [SUBMODULOS INVENTARIO] __init__.py cargado (managers temporalmente deshabilitados)
2025-08-26 19:36:37 | INFO     | rexus           | Sistema de logging Rexus inicializado
2025-08-26 19:36:39 | INFO     | rexus.inventario.model | Submódulos especializados cargados
2025-08-26 19:36:39 | INFO     | rexus           | [STYLE] Tema oscuro detectado en Windows - aplicando correcciones criticas
2025-08-26 19:36:39 | INFO     | rexus           | [STYLE] Aplicando correcciones criticas automaticas para tema oscuro
2025-08-26 19:36:39 | INFO     | rexus           | [STYLE] [ART] Aplicando tema oscuro mejorado
2025-08-26 19:36:39 | INFO     | rexus           | [STYLE] [WARNING] No se pudo obtener instancia de QApplication
2025-08-26 19:36:39 | INFO     | rexus           | [STYLE] Aplicando correcciones criticas automaticas para tema oscuro
2025-08-26 19:36:39 | INFO     | rexus           | [STYLE] [ART] Aplicando tema oscuro mejorado
2025-08-26 19:36:39 | INFO     | rexus           | [STYLE]  Aplicando correcciones críticas de contraste
2025-08-26 19:36:39 | INFO     | rexus           | [STYLE] [OK] Correcciones automáticas aplicadas exitosamente
2025-08-26 19:36:39 | INFO     | rexus.vidrios.model | Sistema unificado de sanitización cargado
2025-08-26 19:36:40 | INFO     | rexus.modules.inventario.submodules | [SUBMODULOS INVENTARIO] __init__.py cargado (managers temporalmente deshabilitados)
2025-08-26 19:37:29 | INFO     | rexus           | Sistema de logging Rexus inicializado
2025-08-26 19:37:44 | INFO     | rexus.vidrios.model | Sistema unificado de sanitización cargado
2025-08-26 19:37:55 | INFO     | rexus           | Sistema de logging Rexus inicializado
2025-08-26 19:38:00 | INFO     | rexus.vidrios.model | Sistema unificado de sanitización cargado
2025-08-26 19:38:21 | INFO     | rexus           | Sistema de logging Rexus inicializado
2025-08-26 19:38:52 | INFO     | rexus           | Sistema de logging Rexus inicializado
2025-08-26 19:39:20 | INFO     | rexus           | Sistema de logging Rexus inicializado
2025-08-26 19:40:14 | INFO     | rexus           | Sistema de logging Rexus inicializado
2025-08-26 19:40:23 | INFO     | rexus           | Sistema de logging Rexus inicializado
2025-08-26 19:41:29 | INFO     | rexus           | Sistema de logging Rexus inicializado
2025-08-26 19:43:21 | INFO     | rexus           | Sistema de logging Rexus inicializado
2025-08-26 19:43:42 | INFO     | rexus           | Sistema de logging Rexus inicializado
2025-08-26 19:44:39 | INFO     | rexus           | Sistema de logging Rexus inicializado
2025-08-26 19:45:19 | INFO     | rexus           | Sistema de logging Rexus inicializado
2025-08-26 19:46:24 | INFO     | rexus           | Sistema de logging Rexus inicializado
2025-08-26 19:48:02 | INFO     | rexus           | Sistema de logging Rexus inicializado
2025-08-26 19:48:28 | INFO     | rexus           | Sistema de logging Rexus inicializado
2025-08-26 19:48:45 | INFO     | rexus           | Sistema de logging Rexus inicializado
2025-08-26 19:49:08 | INFO     | rexus           | Sistema de logging Rexus inicializado
2025-08-26 19:49:25 | INFO     | rexus           | Sistema de logging Rexus inicializado
2025-08-26 19:50:17 | INFO     | rexus           | Sistema de logging Rexus inicializado
2025-08-26 19:50:26 | INFO     | rexus           | Sistema de logging Rexus inicializado
2025-08-26 19:51:19 | INFO     | rexus           | Sistema de logging Rexus inicializado
2025-08-26 19:51:51 | INFO     | rexus           | Sistema de logging Rexus inicializado
2025-08-26 19:52:55 | INFO     | rexus           | Sistema de logging Rexus inicializado
2025-08-26 19:55:39 | INFO     | rexus           | Sistema de logging Rexus inicializado
2025-08-26 19:56:13 | INFO     | rexus           | Sistema de logging Rexus inicializado
2025-08-26 19:57:11 | INFO     | rexus           | Sistema de logging Rexus inicializado
2025-08-26 19:57:55 | INFO     | rexus           | Sistema de logging Rexus inicializado
2025-08-26 19:59:08 | INFO     | rexus           | Sistema de logging Rexus inicializado
2025-08-26 19:59:41 | INFO     | rexus           | Sistema de logging Rexus inicializado
2025-08-26 20:00:40 | INFO     | rexus           | Sistema de logging Rexus inicializado
2025-08-26 20:00:56 | INFO     | rexus           | Sistema de logging Rexus inicializado
2025-08-26 20:01:18 | INFO     | rexus           | Sistema de logging Rexus inicializado
2025-08-26 20:05:27 | INFO     | rexus           | Sistema de logging Rexus inicializado
2025-08-26 20:58:32 | INFO     | rexus           | Sistema de logging Rexus inicializado
2025-08-26 21:02:57 | INFO     | rexus           | Sistema de logging Rexus inicializado
2025-08-26 21:05:22 | INFO     | rexus           | Sistema de logging Rexus inicializado
2025-08-26 21:05:37 | INFO     | rexus           | Sistema de logging Rexus inicializado
2025-08-26 21:06:00 | INFO     | rexus           | Sistema de logging Rexus inicializado
2025-08-26 21:06:17 | INFO     | rexus           | Sistema de logging Rexus inicializado
2025-08-26 21:06:37 | INFO     | rexus           | Sistema de logging Rexus inicializado
2025-08-26 21:07:24 | INFO     | rexus           | Sistema de logging Rexus inicializado
2025-08-26 21:07:38 | INFO     | rexus           | Sistema de logging Rexus inicializado
2025-08-26 21:08:05 | INFO     | rexus           | Sistema de logging Rexus inicializado
2025-08-26 23:44:39 | INFO     | rexus           | Sistema de logging Rexus inicializado
2025-08-26 23:47:45 | INFO     | rexus           | Sistema de logging Rexus inicializado
2025-08-26 23:48:05 | INFO     | rexus           | Sistema de logging Rexus inicializado
2025-08-26 23:48:40 | INFO     | rexus           | Sistema de logging Rexus inicializado
2025-08-26 23:52:07 | INFO     | rexus           | Sistema de logging Rexus inicializado
